Hint: RTCM Station ID is 12-bit - duplicate staid (e.g. 1660) is common.
  Use one -c per station, optional labels, and/or 1005 ECEF to distinguish.

Client mode: 4 TCP stream(s) in this process (base=2, correction-only=2).
RTCM 1005 ARP from base streams -> target=base-b ECEF; input MSM epochs are not printed.
Synthetic base-b RTCM (1005 + MSM7) is sent on TCP port 52000 (one client at a time).
Correction-only stream(s) feed and forward BRDC/SSR, e.g. SSRC00CNE0 (no obs/ARP used).
[BCEP] connected to 127.0.0.1:51002
[SSRC] connected to 127.0.0.1:51003
[BASE_2435536] connected to 127.0.0.1:51000
[BASE_2435540] connected to 127.0.0.1:51001

[BASE_2435540] RTCM 1005 - station / antenna (ARP in 1005/1006)
  RTCM 1005 (  22): staid=1660 pos=41.66934573 109.27542652 1682.150
  staid=1660  sta.name=1660  ITRF year=0
  ARP ECEF  X=-1575530.8118  Y=4505203.0666  Z=4219358.8401 (m)
  ARP LLH   lat=41.66934573 deg  lon=109.27542652 deg  h_ellip=1682.1505 m

[BASE_2435536] RTCM 1005 - station / antenna (ARP in 1005/1006)
  RTCM 1005 (  22): staid=1660 pos=41.65636202 109.26890585 1687.780
  staid=1660  sta.name=1660  ITRF year=0
  ARP ECEF  X=-1575335.8898  Y=4506291.4555  Z=4218284.9796 (m)
  ARP LLH   lat=41.65636202 deg  lon=109.26890585 deg  h_ellip=1687.7799 m

=== Midpoint (mean ECEF of 2 base RTCM 1005 ARPs) ===
  ECEF X=-1575433.3508  Y=4505747.2611  Z=4218821.9099 (m)
  LLH  lat=41.66285392 deg  lon=109.27216586 deg  h_ellip=1684.9186 (m)
VRS [ssr-com] :52000 TX=681B nv=23 | target=base-b | mode=common-only reason=baseline extra=2 | baseline=1541.350m state=acquiring/acquiring fixed=0 phase=23sv/46obs streak=1 bad=0 | vis A=1 B=1 common=27 | shadow A=1 B=1 union=25 | publish A=1 B=1 | clk_A=+9.979m(23sv) clk_B=+13.477m(23sv) d_clk=-3.498m | rms((eps_A-eps_B)/2)=2.167m | L: fix=46 float=0 drop=0 refSwap=6 codeDetrend=0.615m | brdc=163 ssrSat=103 ssrMsg=24 | obs=1 sta=1 err=0
  code-bias: G/1C:n=6 ab=-0.200 sigma=0.816 valid=1; G/5Q:n=6 ab=+0.241 sigma=0.874 valid=1; C/1P:n=8 ab=+0.191 sigma=2.275 valid=1; C/7I:n=1 ab=+0.000 sigma=0.000 valid=0; C/2I:n=17 ab=+7.894 sigma=0.969 valid=1; C/5P:n=8 ab=+0.502 sigma=0.518 valid=1;
  phase-split: G/1C:n=6 frame=+15.8930cyc sigma=0.0336 resid=+0.0000 valid=0; G/5Q:n=6 frame=+14.5650cyc sigma=0.0419 resid=+0.0000 valid=0; C/1P:n=8 frame=+27.9719cyc sigma=0.0869 resid=+0.0000 valid=0; C/7I:n=1 frame=+0.0000cyc sigma=0.0000 resid=+0.0000 valid=0; C/2I:n=17 frame=+4.9202cyc sigma=0.0651 resid=+0.0000 valid=0; C/5P:n=8 frame=-1.4193cyc sigma=0.0663 resid=+0.0000 valid=0;
  b-only-phase-dryrun: cand=1 clockReady=0 residReady=0 symmetricReady=0 bridge=0/0 bridgeRms=0.0000cyc selfL=0.000000cyc/0
VRS [ssr-com] :52000 TX=656B nv=23 | target=base-b | mode=common-only reason=baseline extra=2 | baseline=1541.350m state=acquiring/acquiring fixed=0 phase=23sv/46obs streak=2 bad=0 | vis A=1 B=1 common=27 | shadow A=1 B=1 union=25 | publish A=1 B=1 | clk_A=+9.674m(23sv) clk_B=+13.558m(23sv) d_clk=-3.884m | rms((eps_A-eps_B)/2)=2.512m | L: fix=46 float=0 drop=0 refSwap=0 codeDetrend=0.776m | brdc=163 ssrSat=103 ssrMsg=24 | obs=1 sta=0 err=0
  code-bias: G/1C:n=6 ab=-0.254 sigma=0.747 valid=1; G/5Q:n=6 ab=+0.237 sigma=0.820 valid=1; C/1P:n=8 ab=-0.812 sigma=3.249 valid=0; C/7I:n=1 ab=+0.000 sigma=0.000 valid=0; C/2I:n=17 ab=+7.908 sigma=0.931 valid=1; C/5P:n=8 ab=+0.519 sigma=0.459 valid=1;
  phase-split: G/1C:n=6 frame=+15.9322cyc sigma=0.0466 resid=+0.0000 valid=0; G/5Q:n=6 frame=+14.6028cyc sigma=0.0490 resid=+0.0000 valid=0; C/1P:n=8 frame=+28.0195cyc sigma=0.0974 resid=+0.0000 valid=0; C/7I:n=1 frame=+0.0000cyc sigma=0.0000 resid=+0.0000 valid=0; C/2I:n=17 frame=+4.9612cyc sigma=0.0696 resid=+0.0000 valid=0; C/5P:n=8 frame=-1.3803cyc sigma=0.0597 resid=+0.0000 valid=0;
  b-only-phase-dryrun: cand=1 clockReady=0 residReady=0 symmetricReady=0 bridge=0/0 bridgeRms=0.0000cyc selfL=0.000000cyc/0
VRS [ssr-com] :52000 TX=686B nv=25 | target=base-b | mode=union reason=ok extra=2 | baseline=1541.350m state=fixed/ok fixed=1 phase=23sv/46obs streak=3 bad=0 | vis A=1 B=1 common=27 | shadow A=1 B=1 union=25 | publish A=1 B=1 | clk_A=+9.429m(23sv) clk_B=+13.686m(23sv) d_clk=-4.257m | rms((eps_A-eps_B)/2)=2.629m | L: fix=46 float=0 drop=0 refSwap=0 codeDetrend=0.725m | brdc=163 ssrSat=103 ssrMsg=24 | obs=1 sta=0 err=0
  code-bias: G/1C:n=6 ab=-0.344 sigma=0.811 valid=1; G/5Q:n=6 ab=+0.260 sigma=0.837 valid=1; C/1P:n=8 ab=+0.169 sigma=2.927 valid=1; C/7I:n=1 ab=+0.000 sigma=0.000 valid=0; C/2I:n=17 ab=+7.935 sigma=0.984 valid=1; C/5P:n=8 ab=+0.519 sigma=0.436 valid=1;
  phase-clock: G:ab=-0.3599m anchor=-0.3439m ares=-0.0160 innov=+0.0000 sigma=0.0177 sig=2 obs=12 raw=1 usable=0 streak=1 bad=0 reason=acquiring; C:ab=+8.8401m anchor=+8.8575m ares=-0.0174 innov=+0.0000 sigma=0.0030 sig=2 obs=25 raw=1 usable=0 streak=1 bad=0 reason=acquiring;
  phase-split: G/1C:n=6 frame=+16.0158cyc sigma=0.0433 resid=+0.0000 valid=0; G/5Q:n=6 frame=+14.6569cyc sigma=0.0342 resid=+0.0000 valid=0; C/1P:n=8 frame=+28.0920cyc sigma=0.1048 resid=+0.0000 valid=0; C/7I:n=1 frame=+0.0000cyc sigma=0.0000 resid=+0.0000 valid=0; C/2I:n=17 frame=+5.0484cyc sigma=0.0652 resid=+0.0000 valid=0; C/5P:n=8 frame=-1.3215cyc sigma=0.0646 resid=+0.0000 valid=0;
  b-only-phase-dryrun: cand=1 clockReady=0 residReady=0 symmetricReady=0 bridge=0/0 bridgeRms=0.0000cyc selfL=0.000000cyc/0
VRS [ssr-com] :52000 TX=686B nv=25 | target=base-b | mode=union reason=ok extra=2 | baseline=1541.350m state=fixed/ok fixed=1 phase=23sv/46obs streak=4 bad=0 | vis A=1 B=1 common=27 | shadow A=1 B=1 union=25 | publish A=1 B=1 | clk_A=+10.137m(23sv) clk_B=+12.816m(23sv) d_clk=-2.680m | rms((eps_A-eps_B)/2)=1.831m | L: fix=46 float=0 drop=0 refSwap=0 codeDetrend=0.865m | brdc=163 ssrSat=103 ssrMsg=35 | obs=1 sta=0 err=0
  code-bias: G/1C:n=6 ab=-0.253 sigma=0.727 valid=1; G/5Q:n=6 ab=+0.272 sigma=0.852 valid=1; C/1P:n=8 ab=+0.862 sigma=3.555 valid=0; C/7I:n=1 ab=+0.000 sigma=0.000 valid=0; C/2I:n=17 ab=+7.834 sigma=1.206 valid=1; C/5P:n=8 ab=+0.454 sigma=0.402 valid=1;
  phase-clock: G:ab=-0.3650m anchor=-0.3219m ares=-0.0432 innov=-0.0271 sigma=0.0187 sig=2 obs=12 raw=1 usable=0 streak=2 bad=0 reason=acquiring; C:ab=+5.7654m anchor=+5.6817m ares=+0.0837 innov=+0.1011 sigma=0.0242 sig=3 obs=33 raw=1 usable=0 streak=2 bad=0 reason=acquiring;
  phase-split: G/1C:n=6 frame=+15.9834cyc sigma=0.0506 resid=+0.0000 valid=0; G/5Q:n=6 frame=+14.6409cyc sigma=0.0435 resid=+0.0000 valid=0; C/1P:n=8 frame=+28.0801cyc sigma=0.0981 resid=+0.0000 valid=0; C/7I:n=1 frame=+0.0000cyc sigma=0.0000 resid=+0.0000 valid=0; C/2I:n=17 frame=+5.0221cyc sigma=0.0703 resid=+0.0000 valid=0; C/5P:n=8 frame=-1.3506cyc sigma=0.0554 resid=+0.0000 valid=0;
  b-only-phase-dryrun: cand=1 clockReady=0 residReady=0 symmetricReady=0 bridge=0/0 bridgeRms=0.0000cyc selfL=0.000000cyc/0
VRS [ssr-com] :52000 TX=686B nv=25 | target=base-b | mode=union reason=ok extra=2 | baseline=1541.350m state=fixed/ok fixed=1 phase=23sv/46obs streak=5 bad=0 | vis A=1 B=1 common=27 | shadow A=1 B=1 union=25 | publish A=1 B=1 | clk_A=+9.609m(23sv) clk_B=+13.748m(23sv) d_clk=-4.139m | rms((eps_A-eps_B)/2)=2.507m | L: fix=46 float=0 drop=0 refSwap=0 codeDetrend=0.710m | brdc=163 ssrSat=103 ssrMsg=36 | obs=1 sta=0 err=0
  code-bias: G/1C:n=6 ab=-0.290 sigma=0.879 valid=1; G/5Q:n=6 ab=+0.274 sigma=0.804 valid=1; C/1P:n=8 ab=+1.062 sigma=2.730 valid=1; C/7I:n=1 ab=+0.000 sigma=0.000 valid=0; C/2I:n=17 ab=+7.851 sigma=1.113 valid=1; C/5P:n=8 ab=+0.290 sigma=0.424 valid=1;
  phase-clock: G:ab=-0.3662m anchor=-0.3088m ares=-0.0574 innov=-0.0142 sigma=0.0187 sig=2 obs=12 raw=1 usable=1 streak=3 bad=0 reason=ok; C:ab=+8.5756m anchor=+8.5862m ares=-0.0106 innov=-0.0943 sigma=0.0406 sig=3 obs=33 raw=1 usable=1 streak=3 bad=0 reason=ok;
  phase-split: G/1C:n=6 frame=+15.9774cyc sigma=0.0516 resid=+17.9017 valid=1; G/5Q:n=6 frame=+14.6364cyc sigma=0.0366 resid=+16.0734 valid=1; C/1P:n=8 frame=+28.0650cyc sigma=0.0974 resid=-17.0000 valid=1; C/7I:n=1 frame=+0.0000cyc sigma=0.0000 resid=+0.0000 valid=0; C/2I:n=17 frame=+5.0218cyc sigma=0.0682 resid=-39.6335 valid=1; C/5P:n=8 frame=-1.3505cyc sigma=0.0600 resid=-35.0030 valid=1;
  b-only-phase-dryrun: cand=1 clockReady=1 residReady=1 symmetricReady=1 bridge=1/1 bridgeRms=0.0083cyc selfL=0.000000cyc/1
  b-only-bridge: state=acquiring/not-enough fixed=0 bridge=1/1 rms=0.0083cyc streak=0 bad=1
VRS [ssr-com] :52000 TX=686B nv=25 | target=base-b | mode=union reason=ok extra=2 | baseline=1541.350m state=fixed/ok fixed=1 phase=23sv/46obs streak=6 bad=0 | vis A=1 B=1 common=27 | shadow A=1 B=1 union=25 | publish A=1 B=1 | clk_A=+10.083m(23sv) clk_B=+13.546m(23sv) d_clk=-3.463m | rms((eps_A-eps_B)/2)=2.232m | L: fix=46 float=0 drop=0 refSwap=0 codeDetrend=0.630m | brdc=163 ssrSat=103 ssrMsg=36 | obs=1 sta=0 err=0
  code-bias: G/1C:n=6 ab=-0.318 sigma=0.949 valid=1; G/5Q:n=6 ab=+0.311 sigma=0.803 valid=1; C/1P:n=8 ab=+0.468 sigma=2.217 valid=1; C/7I:n=1 ab=+0.000 sigma=0.000 valid=0; C/2I:n=17 ab=+7.882 sigma=1.112 valid=1; C/5P:n=8 ab=+0.314 sigma=0.480 valid=1;
  phase-clock: G:ab=-0.3565m anchor=-0.3225m ares=-0.0340 innov=+0.0234 sigma=0.0198 sig=2 obs=12 raw=1 usable=1 streak=4 bad=0 reason=ok; C:ab=+7.3093m anchor=+7.2478m ares=+0.0615 innov=+0.0721 sigma=0.0337 sig=3 obs=33 raw=1 usable=1 streak=4 bad=0 reason=ok;
  phase-split: G/1C:n=6 frame=+16.0226cyc sigma=0.0458 resid=+17.8958 valid=1; G/5Q:n=6 frame=+14.6790cyc sigma=0.0527 resid=+16.0778 valid=1; C/1P:n=8 frame=+28.1035cyc sigma=0.0939 resid=-10.3069 valid=1; C/7I:n=1 frame=+0.0000cyc sigma=0.0000 resid=+0.0000 valid=0; C/2I:n=17 frame=+5.0612cyc sigma=0.0645 resid=-33.0000 valid=1; C/5P:n=8 frame=-1.3075cyc sigma=0.0612 resid=-29.9906 valid=1;
  b-only-phase-dryrun: cand=1 clockReady=1 residReady=1 symmetricReady=1 bridge=1/1 bridgeRms=0.0017cyc selfL=0.000000cyc/1
  b-only-bridge: state=acquiring/not-enough fixed=0 bridge=1/1 rms=0.0017cyc streak=0 bad=2

[BASE_2435540] RTCM 1005 - station / antenna (ARP in 1005/1006)
  RTCM 1005 (  22): staid=1660 pos=41.66934573 109.27542652 1682.150
  staid=1660  sta.name=1660  ITRF year=0
  ARP ECEF  X=-1575530.8118  Y=4505203.0666  Z=4219358.8401 (m)
  ARP LLH   lat=41.66934573 deg  lon=109.27542652 deg  h_ellip=1682.1505 m
VRS [ssr-com] :52000 TX=686B nv=25 | target=base-b | mode=union reason=ok extra=2 | baseline=1541.350m state=fixed/ok fixed=1 phase=23sv/43obs streak=7 bad=0 | vis A=1 B=1 common=27 | shadow A=1 B=1 union=25 | publish A=1 B=1 | clk_A=+9.853m(23sv) clk_B=+13.713m(23sv) d_clk=-3.860m | rms((eps_A-eps_B)/2)=2.490m | L: fix=43 float=0 drop=3 refSwap=0 codeDetrend=0.660m | brdc=163 ssrSat=103 ssrMsg=36 | obs=1 sta=0 err=0
  code-bias: G/1C:n=6 ab=-0.426 sigma=1.072 valid=1; G/5Q:n=6 ab=+0.330 sigma=0.799 valid=1; C/1P:n=8 ab=+0.771 sigma=2.320 valid=1; C/7I:n=1 ab=+0.000 sigma=0.000 valid=0; C/2I:n=17 ab=+7.830 sigma=1.143 valid=1; C/5P:n=8 ab=+0.337 sigma=0.545 valid=1;
  phase-clock: G:ab=-0.5671m anchor=-0.4702m ares=-0.0968 innov=-0.0629 sigma=0.0144 sig=2 obs=11 raw=1 usable=1 streak=5 bad=0 reason=ok; C:ab=+8.2115m anchor=+8.1901m ares=+0.0214 innov=-0.0400 sigma=0.0837 sig=3 obs=31 raw=1 usable=1 streak=5 bad=0 reason=ok;
  phase-split: G/1C:n=5 frame=+16.0956cyc sigma=0.0360 resid=+19.0756 valid=1; G/5Q:n=6 frame=+14.7183cyc sigma=0.0605 resid=+16.9436 valid=1; C/1P:n=6 frame=+28.1519cyc sigma=0.0676 resid=-15.0000 valid=1; C/7I:n=1 frame=+0.0000cyc sigma=0.0000 resid=+0.0000 valid=0; C/2I:n=17 frame=+5.1246cyc sigma=0.0701 resid=-37.6351 valid=1; C/5P:n=8 frame=-1.2746cyc sigma=0.0705 resid=-33.4984 valid=1;
  b-only-phase-dryrun: cand=1 clockReady=1 residReady=1 symmetricReady=1 bridge=1/1 bridgeRms=0.0058cyc selfL=0.000000cyc/1
  b-only-bridge: state=acquiring/not-enough fixed=0 bridge=1/1 rms=0.0058cyc streak=0 bad=3
VRS [ssr-com] :52000 TX=686B nv=25 | target=base-b | mode=union reason=ok extra=2 | baseline=1541.350m state=fixed/ok fixed=1 phase=23sv/43obs streak=8 bad=0 | vis A=1 B=1 common=27 | shadow A=1 B=1 union=25 | publish A=1 B=1 | clk_A=+9.827m(23sv) clk_B=+13.767m(23sv) d_clk=-3.940m | rms((eps_A-eps_B)/2)=2.500m | L: fix=43 float=0 drop=3 refSwap=0 codeDetrend=0.623m | brdc=163 ssrSat=103 ssrMsg=36 | obs=1 sta=0 err=0
  code-bias: G/1C:n=6 ab=-0.499 sigma=0.994 valid=1; G/5Q:n=6 ab=+0.304 sigma=0.772 valid=1; C/1P:n=8 ab=+0.523 sigma=2.139 valid=1; C/7I:n=1 ab=+0.000 sigma=0.000 valid=0; C/2I:n=17 ab=+7.887 sigma=1.099 valid=1; C/5P:n=8 ab=+0.325 sigma=0.627 valid=1;
  phase-clock: G:ab=-0.3562m anchor=-0.4304m ares=+0.0742 innov=+0.1710 sigma=0.0193 sig=2 obs=11 raw=1 usable=0 streak=0 bad=1 reason=innov; C:ab=+8.3286m anchor=+8.3113m ares=+0.0173 innov=-0.0042 sigma=0.0492 sig=3 obs=31 raw=1 usable=1 streak=6 bad=0 reason=ok;
  phase-split: G/1C:n=5 frame=+16.0267cyc sigma=0.0435 resid=+0.0000 valid=0; G/5Q:n=6 frame=+14.6778cyc sigma=0.0584 resid=+0.0000 valid=0; C/1P:n=6 frame=+28.0856cyc sigma=0.0673 resid=-15.6813 valid=1; C/7I:n=1 frame=+0.0000cyc sigma=0.0000 resid=+0.0000 valid=0; C/2I:n=17 frame=+5.0568cyc sigma=0.0692 resid=-38.3122 valid=1; C/5P:n=8 frame=-1.3169cyc sigma=0.0658 resid=-34.0000 valid=1;
  b-only-phase-dryrun: cand=1 clockReady=0 residReady=0 symmetricReady=0 bridge=0/0 bridgeRms=0.0000cyc selfL=0.000000cyc/0
VRS [ssr-com] :52000 TX=494B nv=25 | target=base-b | mode=union reason=ok extra=10 | baseline=1541.350m state=fixed/ok fixed=1 phase=15sv/22obs streak=9 bad=0 | vis A=1 B=9 common=19 | shadow A=1 B=9 union=25 | publish A=1 B=9 | clk_A=+8.977m(15sv) clk_B=+12.567m(15sv) d_clk=-3.591m | rms((eps_A-eps_B)/2)=0.848m | L: fix=22 float=0 drop=0 refSwap=0 codeDetrend=0.326m | brdc=163 ssrSat=103 ssrMsg=48 | obs=1 sta=0 err=0
  code-bias: G/1C:n=6 ab=-0.498 sigma=0.808 valid=1; G/5Q:n=6 ab=+0.252 sigma=0.709 valid=1; C/7I:n=1 ab=+0.000 sigma=0.000 valid=0; C/2I:n=9 ab=+7.193 sigma=0.470 valid=1;
  phase-clock: G:ab=-0.3659m anchor=-0.4173m ares=+0.0514 innov=+0.0000 sigma=0.0185 sig=2 obs=12 raw=1 usable=0 streak=1 bad=0 reason=acquiring; C:ab=+7.6796m anchor=+7.5984m ares=+0.0812 innov=+0.0640 sigma=0.0000 sig=1 obs=9 raw=1 usable=1 streak=7 bad=0 reason=ok;
  phase-split: G/1C:n=6 frame=+15.9803cyc sigma=0.0448 resid=+0.0000 valid=0; G/5Q:n=6 frame=+14.6368cyc sigma=0.0421 resid=+0.0000 valid=0; C/7I:n=1 frame=+0.0000cyc sigma=0.0000 resid=+0.0000 valid=0; C/2I:n=9 frame=+4.9898cyc sigma=0.0307 resid=-35.0000 valid=1;
  b-only-phase-dryrun: cand=25 clockReady=24 residReady=8 symmetricReady=8 bridge=2/8 bridgeRms=0.2752cyc selfL=0.000000cyc/8
  b-only-bridge: state=acquiring/not-all-fixed fixed=0 bridge=2/8 rms=0.2752cyc streak=0 bad=1
VRS [ssr-com] :52000 TX=686B nv=25 | target=base-b | mode=union reason=ok extra=2 | baseline=1541.350m state=fixed/ok fixed=1 phase=23sv/46obs streak=10 bad=0 | vis A=1 B=1 common=27 | shadow A=1 B=1 union=25 | publish A=1 B=1 | clk_A=+10.109m(23sv) clk_B=+13.427m(23sv) d_clk=-3.318m | rms((eps_A-eps_B)/2)=2.026m | L: fix=46 float=0 drop=0 refSwap=0 codeDetrend=0.560m | brdc=163 ssrSat=103 ssrMsg=48 | obs=1 sta=0 err=0
  code-bias: G/1C:n=6 ab=-0.457 sigma=0.798 valid=1; G/5Q:n=6 ab=+0.254 sigma=0.713 valid=1; C/1P:n=8 ab=+1.373 sigma=1.703 valid=1; C/7I:n=1 ab=+0.000 sigma=0.000 valid=0; C/2I:n=17 ab=+7.632 sigma=1.137 valid=1; C/5P:n=8 ab=+0.309 sigma=0.744 valid=1;
  phase-clock: G:ab=-0.2722m anchor=-0.2524m ares=-0.0198 innov=-0.0713 sigma=0.0767 sig=2 obs=12 raw=1 usable=0 streak=2 bad=0 reason=acquiring; C:ab=+6.8532m anchor=+6.8883m ares=-0.0351 innov=-0.1164 sigma=0.0615 sig=2 obs=25 raw=1 usable=1 streak=8 bad=0 reason=ok;
  phase-split: G/1C:n=6 frame=+15.9725cyc sigma=0.0480 resid=+0.0000 valid=0; G/5Q:n=6 frame=+14.6311cyc sigma=0.0446 resid=+0.0000 valid=0; C/1P:n=8 frame=+28.0382cyc sigma=0.1139 resid=+0.0000 valid=0; C/7I:n=1 frame=+0.0000cyc sigma=0.0000 resid=+0.0000 valid=0; C/2I:n=17 frame=+5.0069cyc sigma=0.0674 resid=-30.6796 valid=1; C/5P:n=8 frame=-1.3479cyc sigma=0.0684 resid=-28.2414 valid=1;
  b-only-phase-dryrun: cand=1 clockReady=0 residReady=0 symmetricReady=0 bridge=0/0 bridgeRms=0.0000cyc selfL=0.000000cyc/0

[BASE_2435536] RTCM 1005 - station / antenna (ARP in 1005/1006)
  RTCM 1005 (  22): staid=1660 pos=41.65636202 109.26890585 1687.780
  staid=1660  sta.name=1660  ITRF year=0
  ARP ECEF  X=-1575335.8898  Y=4506291.4555  Z=4218284.9796 (m)
  ARP LLH   lat=41.65636202 deg  lon=109.26890585 deg  h_ellip=1687.7799 m
VRS [ssr-com] :52000 TX=711B nv=25 | target=base-b | mode=union reason=ok extra=2 | baseline=1541.350m state=fixed/ok fixed=1 phase=23sv/46obs streak=11 bad=0 | vis A=1 B=1 common=27 | shadow A=1 B=1 union=25 | publish A=1 B=1 | clk_A=+10.152m(23sv) clk_B=+13.133m(23sv) d_clk=-2.982m | rms((eps_A-eps_B)/2)=2.047m | L: fix=46 float=0 drop=0 refSwap=0 codeDetrend=0.618m | brdc=163 ssrSat=103 ssrMsg=48 | obs=1 sta=1 err=0
  code-bias: G/1C:n=6 ab=-0.268 sigma=0.588 valid=1; G/5Q:n=6 ab=+0.264 sigma=0.744 valid=1; C/1P:n=8 ab=+0.404 sigma=2.141 valid=1; C/7I:n=1 ab=+0.000 sigma=0.000 valid=0; C/2I:n=17 ab=+7.796 sigma=1.110 valid=1; C/5P:n=8 ab=+0.333 sigma=0.843 valid=1;
  phase-clock: G:ab=-0.3634m anchor=-0.3286m ares=-0.0348 innov=-0.0150 sigma=0.0189 sig=2 obs=12 raw=1 usable=1 streak=3 bad=0 reason=ok; C:ab=+6.3132m anchor=+6.2922m ares=+0.0211 innov=+0.0562 sigma=0.0290 sig=2 obs=25 raw=1 usable=1 streak=9 bad=0 reason=ok;
  phase-split: G/1C:n=6 frame=+15.9909cyc sigma=0.0486 resid=+17.9008 valid=1; G/5Q:n=6 frame=+14.6479cyc sigma=0.0667 resid=+16.0741 valid=1; C/1P:n=8 frame=+28.0840cyc sigma=0.1061 resid=+0.0000 valid=0; C/7I:n=1 frame=+0.0000cyc sigma=0.0000 resid=+0.0000 valid=0; C/2I:n=17 frame=+5.0258cyc sigma=0.0626 resid=-27.8489 valid=1; C/5P:n=8 frame=-1.3394cyc sigma=0.0668 resid=-26.1139 valid=1;
  b-only-phase-dryrun: cand=1 clockReady=1 residReady=1 symmetricReady=1 bridge=1/1 bridgeRms=0.0333cyc selfL=0.000000cyc/1
  b-only-bridge: state=acquiring/not-enough fixed=0 bridge=1/1 rms=0.0333cyc streak=0 bad=1
VRS [ssr-com] :52000 TX=686B nv=25 | target=base-b | mode=union reason=ok extra=2 | baseline=1541.350m state=fixed/ok fixed=1 phase=23sv/46obs streak=12 bad=0 | vis A=1 B=1 common=27 | shadow A=1 B=1 union=25 | publish A=1 B=1 | clk_A=+10.151m(23sv) clk_B=+13.481m(23sv) d_clk=-3.331m | rms((eps_A-eps_B)/2)=2.234m | L: fix=46 float=0 drop=0 refSwap=0 codeDetrend=0.699m | brdc=163 ssrSat=103 ssrMsg=48 | obs=1 sta=0 err=0
  code-bias: G/1C:n=6 ab=-0.391 sigma=0.708 valid=1; G/5Q:n=6 ab=+0.256 sigma=0.754 valid=1; C/1P:n=8 ab=+0.721 sigma=2.652 valid=1; C/7I:n=1 ab=+0.000 sigma=0.000 valid=0; C/2I:n=17 ab=+7.682 sigma=1.055 valid=1; C/5P:n=8 ab=+0.302 sigma=0.894 valid=1;
  phase-clock: G:ab=-0.3693m anchor=-0.4049m ares=+0.0357 innov=+0.0704 sigma=0.0193 sig=2 obs=12 raw=1 usable=1 streak=4 bad=0 reason=ok; C:ab=+7.0729m anchor=+7.0660m ares=+0.0069 innov=-0.0142 sigma=0.0318 sig=2 obs=25 raw=1 usable=1 streak=10 bad=0 reason=ok;
  phase-split: G/1C:n=6 frame=+15.9580cyc sigma=0.0466 resid=+17.8986 valid=1; G/5Q:n=6 frame=+14.6266cyc sigma=0.0613 resid=+16.0757 valid=1; C/1P:n=8 frame=+28.0467cyc sigma=0.1043 resid=+0.0000 valid=0; C/7I:n=1 frame=+0.0000cyc sigma=0.0000 resid=+0.0000 valid=0; C/2I:n=17 frame=+4.9960cyc sigma=0.0644 resid=-31.8344 valid=1; C/5P:n=8 frame=-1.3693cyc sigma=0.0735 resid=-29.1248 valid=1;
  b-only-phase-dryrun: cand=1 clockReady=1 residReady=1 symmetricReady=1 bridge=1/1 bridgeRms=0.0422cyc selfL=0.000000cyc/1
  b-only-bridge: state=acquiring/not-enough fixed=0 bridge=1/1 rms=0.0422cyc streak=0 bad=2
VRS [ssr-com] :52000 TX=686B nv=25 | target=base-b | mode=union reason=ok extra=2 | baseline=1541.350m state=fixed/ok fixed=1 phase=23sv/46obs streak=13 bad=0 | vis A=1 B=1 common=27 | shadow A=1 B=1 union=25 | publish A=1 B=1 | clk_A=+9.842m(23sv) clk_B=+13.781m(23sv) d_clk=-3.938m | rms((eps_A-eps_B)/2)=2.494m | L: fix=46 float=0 drop=0 refSwap=0 codeDetrend=0.590m | brdc=163 ssrSat=103 ssrMsg=48 | obs=1 sta=0 err=0
  code-bias: G/1C:n=6 ab=-0.320 sigma=0.752 valid=1; G/5Q:n=6 ab=+0.204 sigma=0.716 valid=1; C/1P:n=8 ab=+0.567 sigma=1.924 valid=1; C/7I:n=1 ab=+0.000 sigma=0.000 valid=0; C/2I:n=17 ab=+7.900 sigma=1.089 valid=1; C/5P:n=8 ab=+0.299 sigma=0.903 valid=1;
  phase-clock: G:ab=-0.3668m anchor=-0.3562m ares=-0.0106 innov=-0.0463 sigma=0.0206 sig=2 obs=12 raw=1 usable=1 streak=5 bad=0 reason=ok; C:ab=+8.2905m anchor=+8.2324m ares=+0.0580 innov=+0.0512 sigma=0.0306 sig=2 obs=25 raw=1 usable=1 streak=11 bad=0 reason=ok;
  phase-split: G/1C:n=6 frame=+15.9646cyc sigma=0.0485 resid=+17.8920 valid=1; G/5Q:n=6 frame=+14.6414cyc sigma=0.0507 resid=+16.0807 valid=1; C/1P:n=8 frame=+28.0530cyc sigma=0.1095 resid=+0.0000 valid=0; C/7I:n=1 frame=+0.0000cyc sigma=0.0000 resid=+0.0000 valid=0; C/2I:n=17 frame=+5.0114cyc sigma=0.0683 resid=-38.1593 valid=1; C/5P:n=8 frame=-1.3464cyc sigma=0.0648 resid=-33.8800 valid=1;
  b-only-phase-dryrun: cand=1 clockReady=1 residReady=1 symmetricReady=1 bridge=1/1 bridgeRms=0.0369cyc selfL=0.000000cyc/1
  b-only-bridge: state=acquiring/not-enough fixed=0 bridge=1/1 rms=0.0369cyc streak=0 bad=3
VRS [ssr-com] :52000 TX=686B nv=25 | target=base-b | mode=union reason=ok extra=2 | baseline=1541.350m state=fixed/ok fixed=1 phase=23sv/46obs streak=14 bad=0 | vis A=1 B=1 common=27 | shadow A=1 B=1 union=25 | publish A=1 B=1 | clk_A=+10.068m(23sv) clk_B=+13.792m(23sv) d_clk=-3.724m | rms((eps_A-eps_B)/2)=2.318m | L: fix=46 float=0 drop=0 refSwap=0 codeDetrend=0.604m | brdc=163 ssrSat=103 ssrMsg=60 | obs=1 sta=0 err=0
  code-bias: G/1C:n=6 ab=-0.415 sigma=0.762 valid=1; G/5Q:n=6 ab=+0.188 sigma=0.723 valid=1; C/1P:n=8 ab=-0.521 sigma=2.115 valid=1; C/7I:n=1 ab=+0.000 sigma=0.000 valid=0; C/2I:n=17 ab=+7.913 sigma=0.992 valid=1; C/5P:n=8 ab=+0.340 sigma=0.910 valid=1;
  phase-clock: G:ab=-0.3640m anchor=-0.4146m ares=+0.0506 innov=+0.0612 sigma=0.0201 sig=2 obs=12 raw=1 usable=1 streak=6 bad=0 reason=ok; C:ab=+7.8464m anchor=+7.8624m ares=-0.0160 innov=-0.0741 sigma=0.0319 sig=2 obs=25 raw=1 usable=1 streak=12 bad=0 reason=ok;
  phase-split: G/1C:n=6 frame=+15.9813cyc sigma=0.0593 resid=+17.8942 valid=1; G/5Q:n=6 frame=+14.6506cyc sigma=0.0566 resid=+16.0790 valid=1; C/1P:n=8 frame=+28.0775cyc sigma=0.1027 resid=+0.0000 valid=0; C/7I:n=1 frame=+0.0000cyc sigma=0.0000 resid=+0.0000 valid=0; C/2I:n=17 frame=+5.0246cyc sigma=0.0702 resid=-35.8338 valid=1; C/5P:n=8 frame=-1.3342cyc sigma=0.0693 resid=-32.1252 valid=1;
  b-only-phase-dryrun: cand=1 clockReady=1 residReady=1 symmetricReady=1 bridge=1/1 bridgeRms=0.0486cyc selfL=0.000000cyc/1
  b-only-bridge: state=acquiring/not-enough fixed=0 bridge=1/1 rms=0.0486cyc streak=0 bad=4
VRS [ssr-com] :52000 TX=686B nv=25 | target=base-b | mode=union reason=ok extra=2 | baseline=1541.350m state=fixed/ok fixed=1 phase=23sv/46obs streak=15 bad=0 | vis A=1 B=1 common=27 | shadow A=1 B=1 union=25 | publish A=1 B=1 | clk_A=+10.131m(23sv) clk_B=+13.762m(23sv) d_clk=-3.631m | rms((eps_A-eps_B)/2)=2.247m | L: fix=46 float=0 drop=0 refSwap=0 codeDetrend=0.651m | brdc=163 ssrSat=103 ssrMsg=60 | obs=1 sta=0 err=0
  code-bias: G/1C:n=6 ab=-0.339 sigma=0.765 valid=1; G/5Q:n=6 ab=+0.153 sigma=0.741 valid=1; C/1P:n=8 ab=-0.536 sigma=2.546 valid=1; C/7I:n=1 ab=+0.000 sigma=0.000 valid=0; C/2I:n=17 ab=+7.601 sigma=0.832 valid=1; C/5P:n=8 ab=+0.301 sigma=0.853 valid=1;
  phase-clock: G:ab=-0.3676m anchor=-0.3390m ares=-0.0286 innov=-0.0792 sigma=0.0202 sig=2 obs=12 raw=1 usable=1 streak=7 bad=0 reason=ok; C:ab=+7.6193m anchor=+7.6006m ares=+0.0187 innov=+0.0348 sigma=0.0628 sig=2 obs=25 raw=1 usable=1 streak=13 bad=0 reason=ok;
  phase-split: G/1C:n=6 frame=+15.9618cyc sigma=0.0606 resid=+17.8936 valid=1; G/5Q:n=6 frame=+14.6368cyc sigma=0.0609 resid=+16.0794 valid=1; C/1P:n=8 frame=+28.0564cyc sigma=0.1147 resid=+0.0000 valid=0; C/7I:n=1 frame=+0.0000cyc sigma=0.0000 resid=+0.0000 valid=0; C/2I:n=17 frame=+5.0028cyc sigma=0.0742 resid=-34.6729 valid=1; C/5P:n=8 frame=-1.3468cyc sigma=0.0651 resid=-31.2465 valid=1;
  b-only-phase-dryrun: cand=1 clockReady=1 residReady=1 symmetricReady=1 bridge=1/1 bridgeRms=0.0676cyc selfL=0.000000cyc/1
  b-only-bridge: state=acquiring/not-enough fixed=0 bridge=1/1 rms=0.0676cyc streak=0 bad=5
VRS [ssr-com] :52000 TX=686B nv=25 | target=base-b | mode=union reason=ok extra=2 | baseline=1541.350m state=fixed/ok fixed=1 phase=23sv/46obs streak=16 bad=0 | vis A=1 B=1 common=27 | shadow A=1 B=1 union=25 | publish A=1 B=1 | clk_A=+9.944m(23sv) clk_B=+13.187m(23sv) d_clk=-3.243m | rms((eps_A-eps_B)/2)=2.059m | L: fix=46 float=0 drop=0 refSwap=0 codeDetrend=0.613m | brdc=163 ssrSat=103 ssrMsg=60 | obs=1 sta=0 err=0
  code-bias: G/1C:n=6 ab=-0.389 sigma=0.687 valid=1; G/5Q:n=6 ab=+0.173 sigma=0.732 valid=1; C/1P:n=8 ab=+0.004 sigma=2.371 valid=1; C/7I:n=1 ab=+0.000 sigma=0.000 valid=0; C/2I:n=17 ab=+7.799 sigma=0.841 valid=1; C/5P:n=8 ab=+0.351 sigma=0.753 valid=1;
  phase-clock: G:ab=-0.3545m anchor=-0.3998m ares=+0.0453 innov=+0.0739 sigma=0.0200 sig=2 obs=12 raw=1 usable=1 streak=8 bad=0 reason=ok; C:ab=+6.8661m anchor=+6.8853m ares=-0.0192 innov=-0.0379 sigma=0.0619 sig=2 obs=25 raw=1 usable=1 streak=14 bad=0 reason=ok;
  phase-split: G/1C:n=6 frame=+16.0323cyc sigma=0.0617 resid=+17.8950 valid=1; G/5Q:n=6 frame=+14.6874cyc sigma=0.0712 resid=+16.0784 valid=1; C/1P:n=8 frame=+28.1216cyc sigma=0.1227 resid=+0.0000 valid=0; C/7I:n=1 frame=+0.0000cyc sigma=0.0000 resid=+0.0000 valid=0; C/2I:n=17 frame=+5.0759cyc sigma=0.0668 resid=-30.6777 valid=1; C/5P:n=8 frame=-1.2988cyc sigma=0.0683 resid=-28.2429 valid=1;
  b-only-phase-dryrun: cand=1 clockReady=1 residReady=1 symmetricReady=1 bridge=1/1 bridgeRms=0.0662cyc selfL=0.000000cyc/1
  b-only-bridge: state=acquiring/not-enough fixed=0 bridge=1/1 rms=0.0662cyc streak=0 bad=6

[BASE_2435540] RTCM 1005 - station / antenna (ARP in 1005/1006)
  RTCM 1005 (  22): staid=1660 pos=41.66934573 109.27542652 1682.150
  staid=1660  sta.name=1660  ITRF year=0
  ARP ECEF  X=-1575530.8118  Y=4505203.0666  Z=4219358.8401 (m)
  ARP LLH   lat=41.66934573 deg  lon=109.27542652 deg  h_ellip=1682.1505 m
VRS [ssr-com] :52000 TX=494B nv=25 | target=base-b | mode=union reason=ok extra=10 | baseline=1541.350m state=fixed/ok fixed=1 phase=15sv/22obs streak=17 bad=0 | vis A=9 B=1 common=19 | shadow A=9 B=1 union=25 | publish A=9 B=1 | clk_A=+8.991m(15sv) clk_B=+12.468m(15sv) d_clk=-3.476m | rms((eps_A-eps_B)/2)=0.710m | L: fix=22 float=0 drop=0 refSwap=0 codeDetrend=0.319m | brdc=163 ssrSat=103 ssrMsg=60 | obs=1 sta=0 err=0
  code-bias: G/1C:n=6 ab=-0.438 sigma=0.597 valid=1; G/5Q:n=6 ab=+0.147 sigma=0.742 valid=1; C/7I:n=1 ab=+0.000 sigma=0.000 valid=0; C/2I:n=9 ab=+7.393 sigma=0.588 valid=1;
  phase-clock: G:ab=-0.3504m anchor=-0.4401m ares=+0.0898 innov=+0.0445 sigma=0.0195 sig=2 obs=12 raw=1 usable=1 streak=9 bad=0 reason=ok; C:ab=+7.3122m anchor=+7.3927m ares=-0.0806 innov=-0.0614 sigma=0.0000 sig=1 obs=9 raw=1 usable=1 streak=15 bad=0 reason=ok;
  phase-split: G/1C:n=6 frame=+16.0562cyc sigma=0.0578 resid=+17.8975 valid=1; G/5Q:n=6 frame=+14.7016cyc sigma=0.0574 resid=+16.0766 valid=1; C/7I:n=1 frame=+0.0000cyc sigma=0.0000 resid=+0.0000 valid=0; C/2I:n=9 frame=+5.0764cyc sigma=0.0298 resid=-33.0000 valid=1;
  b-only-phase-dryrun: cand=1 clockReady=1 residReady=1 symmetricReady=1 bridge=1/1 bridgeRms=0.0708cyc selfL=0.000000cyc/1
  b-only-bridge: state=acquiring/not-enough fixed=0 bridge=1/1 rms=0.0708cyc streak=0 bad=7
VRS [ssr-com] :52000 TX=686B nv=25 | target=base-b | mode=union reason=ok extra=2 | baseline=1541.350m state=fixed/ok fixed=1 phase=23sv/46obs streak=18 bad=0 | vis A=1 B=4 common=24 | shadow A=1 B=1 union=25 | publish A=1 B=1 | clk_A=+9.930m(23sv) clk_B=+13.815m(23sv) d_clk=-3.885m | rms((eps_A-eps_B)/2)=2.437m | L: fix=46 float=0 drop=0 refSwap=0 codeDetrend=0.557m | brdc=163 ssrSat=103 ssrMsg=60 | obs=1 sta=0 err=0
  code-bias: G/1C:n=6 ab=-0.452 sigma=0.624 valid=1; G/5Q:n=6 ab=+0.149 sigma=0.711 valid=1; C/1P:n=8 ab=+0.145 sigma=2.137 valid=1; C/7I:n=1 ab=+0.000 sigma=0.000 valid=0; C/2I:n=17 ab=+7.960 sigma=0.782 valid=1; C/5P:n=8 ab=+0.380 sigma=0.669 valid=1;
  phase-clock: G:ab=-0.3536m anchor=-0.4518m ares=+0.0983 innov=+0.0085 sigma=0.0188 sig=2 obs=12 raw=1 usable=1 streak=10 bad=0 reason=ok; C:ab=+8.3019m anchor=+8.2211m ares=+0.0808 innov=+0.1614 sigma=0.0286 sig=2 obs=25 raw=1 usable=0 streak=0 bad=1 reason=innov;
  phase-split: G/1C:n=6 frame=+16.0434cyc sigma=0.0579 resid=+17.9014 valid=1; G/5Q:n=6 frame=+14.6861cyc sigma=0.0579 resid=+16.0736 valid=1; C/1P:n=8 frame=+28.1349cyc sigma=0.1194 resid=+0.0000 valid=0; C/7I:n=1 frame=+0.0000cyc sigma=0.0000 resid=+0.0000 valid=0; C/2I:n=17 frame=+5.0808cyc sigma=0.0724 resid=+0.0000 valid=0; C/5P:n=8 frame=-1.3093cyc sigma=0.0809 resid=+0.0000 valid=0;
  b-only-phase-dryrun: cand=1 clockReady=1 residReady=1 symmetricReady=1 bridge=1/1 bridgeRms=0.0666cyc selfL=0.000000cyc/1
  b-only-bridge: state=acquiring/not-enough fixed=0 bridge=1/1 rms=0.0666cyc streak=0 bad=8
VRS [ssr-com] :52000 TX=686B nv=25 | target=base-b | mode=union reason=ok extra=2 | baseline=1541.350m state=fixed/ok fixed=1 phase=23sv/46obs streak=19 bad=0 | vis A=1 B=1 common=27 | shadow A=1 B=1 union=25 | publish A=1 B=1 | clk_A=+9.802m(23sv) clk_B=+12.837m(23sv) d_clk=-3.035m | rms((eps_A-eps_B)/2)=2.007m | L: fix=46 float=0 drop=0 refSwap=0 codeDetrend=0.713m | brdc=163 ssrSat=103 ssrMsg=72 | obs=1 sta=0 err=0
  code-bias: G/1C:n=6 ab=-0.320 sigma=0.492 valid=1; G/5Q:n=6 ab=+0.134 sigma=0.660 valid=1; C/1P:n=8 ab=+0.266 sigma=3.106 valid=0; C/7I:n=1 ab=+0.000 sigma=0.000 valid=0; C/2I:n=17 ab=+7.499 sigma=0.679 valid=1; C/5P:n=8 ab=+0.365 sigma=0.543 valid=1;
  phase-clock: G:ab=-0.5588m anchor=-0.5628m ares=+0.0040 innov=-0.0942 sigma=0.0132 sig=2 obs=12 raw=1 usable=1 streak=11 bad=0 reason=ok; C:ab=+6.5636m anchor=+6.6331m ares=-0.0695 innov=+0.0000 sigma=0.0025 sig=2 obs=25 raw=1 usable=0 streak=1 bad=0 reason=acquiring;
  phase-split: G/1C:n=6 frame=+16.1334cyc sigma=0.0447 resid=+19.0696 valid=1; G/5Q:n=6 frame=+14.7554cyc sigma=0.0564 resid=+16.9480 valid=1; C/1P:n=8 frame=+28.2166cyc sigma=0.1143 resid=+0.0000 valid=0; C/7I:n=1 frame=+0.0000cyc sigma=0.0000 resid=+0.0000 valid=0; C/2I:n=17 frame=+5.1656cyc sigma=0.0737 resid=+0.0000 valid=0; C/5P:n=8 frame=-1.2335cyc sigma=0.0712 resid=+0.0000 valid=0;
  b-only-phase-dryrun: cand=1 clockReady=1 residReady=1 symmetricReady=1 bridge=1/1 bridgeRms=0.1067cyc selfL=0.000000cyc/1
  b-only-bridge: state=acquiring/not-enough fixed=0 bridge=1/1 rms=0.1067cyc streak=0 bad=9

[BASE_2435536] RTCM 1005 - station / antenna (ARP in 1005/1006)
  RTCM 1005 (  22): staid=1660 pos=41.65636202 109.26890585 1687.780
  staid=1660  sta.name=1660  ITRF year=0
  ARP ECEF  X=-1575335.8898  Y=4506291.4555  Z=4218284.9796 (m)
  ARP LLH   lat=41.65636202 deg  lon=109.26890585 deg  h_ellip=1687.7799 m
VRS [ssr-com] :52000 TX=711B nv=25 | target=base-b | mode=union reason=ok extra=2 | baseline=1541.350m state=fixed/ok fixed=1 phase=23sv/46obs streak=20 bad=0 | vis A=1 B=1 common=27 | shadow A=1 B=1 union=25 | publish A=1 B=1 | clk_A=+10.069m(23sv) clk_B=+12.842m(23sv) d_clk=-2.773m | rms((eps_A-eps_B)/2)=1.945m | L: fix=46 float=0 drop=0 refSwap=0 codeDetrend=0.696m | brdc=163 ssrSat=103 ssrMsg=72 | obs=1 sta=1 err=0
  code-bias: G/1C:n=6 ab=-0.521 sigma=0.399 valid=1; G/5Q:n=6 ab=+0.126 sigma=0.633 valid=1; C/1P:n=8 ab=-0.120 sigma=3.029 valid=0; C/7I:n=1 ab=+0.000 sigma=0.000 valid=0; C/2I:n=17 ab=+7.582 sigma=0.720 valid=1; C/5P:n=8 ab=+0.586 sigma=0.462 valid=1;
  phase-clock: G:ab=-0.6421m anchor=-0.6758m ares=+0.0337 innov=+0.0296 sigma=0.0822 sig=2 obs=12 raw=1 usable=1 streak=12 bad=0 reason=ok; C:ab=+6.2548m anchor=+6.2216m ares=+0.0332 innov=+0.1027 sigma=0.0670 sig=2 obs=25 raw=1 usable=0 streak=2 bad=0 reason=acquiring;
  phase-split: G/1C:n=6 frame=+16.1936cyc sigma=0.0528 resid=+19.5680 valid=1; G/5Q:n=6 frame=+14.8028cyc sigma=0.0645 resid=+17.3226 valid=1; C/1P:n=8 frame=+28.2610cyc sigma=0.1174 resid=+0.0000 valid=0; C/7I:n=1 frame=+0.0000cyc sigma=0.0000 resid=+0.0000 valid=0; C/2I:n=17 frame=+5.2218cyc sigma=0.0761 resid=+0.0000 valid=0; C/5P:n=8 frame=-1.1918cyc sigma=0.0750 resid=+0.0000 valid=0;
  b-only-phase-dryrun: cand=1 clockReady=1 residReady=1 symmetricReady=1 bridge=1/1 bridgeRms=0.1047cyc selfL=0.000000cyc/1
  b-only-bridge: state=acquiring/not-enough fixed=0 bridge=1/1 rms=0.1047cyc streak=0 bad=10
VRS [ssr-com] :52000 TX=686B nv=25 | target=base-b | mode=union reason=ok extra=2 | baseline=1541.350m state=fixed/ok fixed=1 phase=23sv/46obs streak=21 bad=0 | vis A=1 B=1 common=27 | shadow A=1 B=1 union=25 | publish A=1 B=1 | clk_A=+10.099m(23sv) clk_B=+13.099m(23sv) d_clk=-3.000m | rms((eps_A-eps_B)/2)=2.017m | L: fix=46 float=0 drop=0 refSwap=0 codeDetrend=0.568m | brdc=163 ssrSat=103 ssrMsg=72 | obs=1 sta=0 err=0
  code-bias: G/1C:n=6 ab=-0.534 sigma=0.474 valid=1; G/5Q:n=6 ab=+0.092 sigma=0.633 valid=1; C/1P:n=8 ab=+0.218 sigma=2.438 valid=1; C/7I:n=1 ab=+0.000 sigma=0.000 valid=0; C/2I:n=17 ab=+7.475 sigma=0.558 valid=1; C/5P:n=8 ab=+0.591 sigma=0.416 valid=1;
  phase-clock: G:ab=-0.7693m anchor=-0.7042m ares=-0.0651 innov=-0.0987 sigma=0.0441 sig=2 obs=12 raw=1 usable=1 streak=13 bad=0 reason=ok; C:ab=+6.7979m anchor=+6.7035m ares=+0.0944 innov=+0.0611 sigma=0.0330 sig=2 obs=25 raw=1 usable=1 streak=3 bad=0 reason=ok;
  phase-split: G/1C:n=6 frame=+16.1893cyc sigma=0.0625 resid=+20.2319 valid=1; G/5Q:n=6 frame=+14.8080cyc sigma=0.0633 resid=+17.8268 valid=1; C/1P:n=8 frame=+28.2686cyc sigma=0.1313 resid=+0.0000 valid=0; C/7I:n=1 frame=+0.0000cyc sigma=0.0000 resid=+0.0000 valid=0; C/2I:n=17 frame=+5.2270cyc sigma=0.0776 resid=-30.1716 valid=1; C/5P:n=8 frame=-1.1941cyc sigma=0.0817 resid=-27.8706 valid=1;
  b-only-phase-dryrun: cand=1 clockReady=1 residReady=1 symmetricReady=1 bridge=1/1 bridgeRms=0.1110cyc selfL=0.000000cyc/1
  b-only-bridge: state=acquiring/not-enough fixed=0 bridge=1/1 rms=0.1110cyc streak=0 bad=11
VRS [ssr-com] :52000 TX=686B nv=25 | target=base-b | mode=union reason=ok extra=2 | baseline=1541.350m state=fixed/ok fixed=1 phase=23sv/45obs streak=22 bad=0 | vis A=1 B=1 common=27 | shadow A=1 B=1 union=25 | publish A=1 B=1 | clk_A=+10.113m(23sv) clk_B=+13.449m(23sv) d_clk=-3.336m | rms((eps_A-eps_B)/2)=2.153m | L: fix=45 float=0 drop=1 refSwap=0 codeDetrend=0.706m | brdc=163 ssrSat=103 ssrMsg=72 | obs=1 sta=0 err=0
  code-bias: G/1C:n=6 ab=-0.485 sigma=0.457 valid=1; G/5Q:n=6 ab=+0.084 sigma=0.639 valid=1; C/1P:n=8 ab=+0.283 sigma=3.134 valid=0; C/7I:n=1 ab=+0.000 sigma=0.000 valid=0; C/2I:n=17 ab=+7.337 sigma=0.592 valid=1; C/5P:n=8 ab=+0.550 sigma=0.444 valid=1;
  phase-clock: G:ab=-0.7639m anchor=-0.7463m ares=-0.0176 innov=+0.0475 sigma=0.0459 sig=2 obs=12 raw=1 usable=1 streak=14 bad=0 reason=ok; C:ab=+7.3444m anchor=+7.4178m ares=-0.0734 innov=-0.1677 sigma=0.0780 sig=3 obs=32 raw=1 usable=0 streak=0 bad=1 reason=innov;
  phase-split: G/1C:n=6 frame=+16.2269cyc sigma=0.0471 resid=+20.2411 valid=1; G/5Q:n=6 frame=+14.8223cyc sigma=0.0559 resid=+17.8200 valid=1; C/1P:n=7 frame=+28.3048cyc sigma=0.0750 resid=+0.0000 valid=0; C/7I:n=1 frame=+0.0000cyc sigma=0.0000 resid=+0.0000 valid=0; C/2I:n=17 frame=+5.2444cyc sigma=0.0742 resid=+0.0000 valid=0; C/5P:n=8 frame=-1.1820cyc sigma=0.0738 resid=+0.0000 valid=0;
  b-only-phase-dryrun: cand=1 clockReady=1 residReady=1 symmetricReady=1 bridge=1/1 bridgeRms=0.1138cyc selfL=0.000000cyc/1
  b-only-bridge: state=acquiring/not-enough fixed=0 bridge=1/1 rms=0.1138cyc streak=0 bad=12
VRS [ssr-com] :52000 TX=676B nv=25 | target=base-b | mode=union reason=ok extra=2 | baseline=1541.350m state=fixed/ok fixed=1 phase=23sv/35obs streak=23 bad=0 | vis A=1 B=1 common=27 | shadow A=1 B=1 union=25 | publish A=1 B=1 | clk_A=+9.995m(23sv) clk_B=+13.548m(23sv) d_clk=-3.554m | rms((eps_A-eps_B)/2)=2.254m | L: fix=35 float=0 drop=10 refSwap=0 codeDetrend=0.772m | brdc=163 ssrSat=103 ssrMsg=84 | obs=1 sta=0 err=0
  code-bias: G/1C:n=6 ab=-0.588 sigma=0.482 valid=1; G/5Q:n=6 ab=+0.059 sigma=0.636 valid=1; C/1P:n=7 ab=-0.434 sigma=3.641 valid=0; C/7I:n=1 ab=+0.000 sigma=0.000 valid=0; C/2I:n=17 ab=+7.532 sigma=0.612 valid=1; C/5P:n=8 ab=+0.570 sigma=0.469 valid=1;
  phase-clock: G:ab=-0.8608m anchor=-0.8455m ares=-0.0153 innov=+0.0023 sigma=0.0527 sig=2 obs=8 raw=1 usable=1 streak=15 bad=0 reason=ok; C:ab=+7.9239m anchor=+7.9534m ares=-0.0294 innov=+0.0000 sigma=0.0740 sig=3 obs=26 raw=1 usable=0 streak=1 bad=0 reason=acquiring;
  phase-split: G/1C:n=2 frame=+16.1995cyc sigma=0.0170 resid=+20.7230 valid=1; G/5Q:n=6 frame=+14.8289cyc sigma=0.0476 resid=+18.2068 valid=1; C/1P:n=2 frame=+28.2099cyc sigma=0.0495 resid=+0.0000 valid=0; C/7I:n=1 frame=+0.0000cyc sigma=0.0000 resid=+0.0000 valid=0; C/2I:n=16 frame=+5.2620cyc sigma=0.0727 resid=+0.0000 valid=0; C/5P:n=8 frame=-1.1738cyc sigma=0.0726 resid=+0.0000 valid=0;
  b-only-phase-dryrun: cand=1 clockReady=1 residReady=1 symmetricReady=1 bridge=1/1 bridgeRms=0.0891cyc selfL=0.000000cyc/1
  b-only-bridge: state=acquiring/not-enough fixed=0 bridge=1/1 rms=0.0891cyc streak=0 bad=13
VRS [ssr-com] :52000 TX=686B nv=25 | target=base-b | mode=union reason=ok extra=2 | baseline=1541.350m state=fixed/ok fixed=1 phase=23sv/38obs streak=24 bad=0 | vis A=1 B=1 common=27 | shadow A=1 B=1 union=25 | publish A=1 B=1 | clk_A=+9.906m(23sv) clk_B=+13.555m(23sv) d_clk=-3.648m | rms((eps_A-eps_B)/2)=2.147m | L: fix=38 float=0 drop=8 refSwap=0 codeDetrend=0.682m | brdc=163 ssrSat=103 ssrMsg=84 | obs=1 sta=0 err=0
  code-bias: G/1C:n=6 ab=-0.010 sigma=0.716 valid=1; G/5Q:n=6 ab=+0.069 sigma=0.624 valid=1; C/1P:n=8 ab=+0.476 sigma=2.838 valid=1; C/7I:n=1 ab=+0.000 sigma=0.000 valid=0; C/2I:n=17 ab=+7.368 sigma=0.843 valid=1; C/5P:n=8 ab=+0.603 sigma=0.469 valid=1;
  phase-clock: G:ab=-0.2145m anchor=-0.2271m ares=+0.0125 innov=+0.0278 sigma=0.0764 sig=2 obs=9 raw=1 usable=1 streak=16 bad=0 reason=ok; C:ab=+7.5484m anchor=+7.5240m ares=+0.0244 innov=+0.0539 sigma=0.0533 sig=3 obs=28 raw=1 usable=0 streak=2 bad=0 reason=acquiring;
  phase-split: G/1C:n=3 frame=+16.2743cyc sigma=0.0433 resid=+17.4016 valid=1; G/5Q:n=6 frame=+14.8583cyc sigma=0.0491 resid=+15.7001 valid=1; C/1P:n=3 frame=+28.3089cyc sigma=0.0633 resid=+0.0000 valid=0; C/7I:n=1 frame=+0.0000cyc sigma=0.0000 resid=+0.0000 valid=0; C/2I:n=17 frame=+5.3067cyc sigma=0.0753 resid=+0.0000 valid=0; C/5P:n=8 frame=-1.1342cyc sigma=0.0738 resid=+0.0000 valid=0;
  b-only-phase-dryrun: cand=1 clockReady=1 residReady=1 symmetricReady=1 bridge=1/1 bridgeRms=0.0905cyc selfL=0.000000cyc/1
  b-only-bridge: state=acquiring/not-enough fixed=0 bridge=1/1 rms=0.0905cyc streak=0 bad=14
VRS [ssr-com] :52000 TX=686B nv=25 | target=base-b | mode=union reason=ok extra=2 | baseline=1541.350m state=fixed/ok fixed=1 phase=23sv/39obs streak=25 bad=0 | vis A=1 B=1 common=27 | shadow A=1 B=1 union=25 | publish A=1 B=1 | clk_A=+9.926m(23sv) clk_B=+13.668m(23sv) d_clk=-3.743m | rms((eps_A-eps_B)/2)=2.449m | L: fix=39 float=1 drop=6 refSwap=0 codeDetrend=0.649m | brdc=163 ssrSat=103 ssrMsg=84 | obs=1 sta=0 err=0
  code-bias: G/1C:n=6 ab=-0.534 sigma=0.530 valid=1; G/5Q:n=6 ab=+0.098 sigma=0.618 valid=1; C/1P:n=8 ab=+0.407 sigma=2.661 valid=1; C/7I:n=1 ab=+0.000 sigma=0.000 valid=0; C/2I:n=17 ab=+7.385 sigma=0.893 valid=1; C/5P:n=8 ab=+0.624 sigma=0.452 valid=1;
  phase-clock: G:ab=-1.0313m anchor=-1.0518m ares=+0.0205 innov=+0.0080 sigma=0.0182 sig=2 obs=9 raw=1 usable=1 streak=17 bad=0 reason=ok; C:ab=+8.4742m anchor=+8.5373m ares=-0.0632 innov=-0.0876 sigma=0.0541 sig=3 obs=29 raw=1 usable=1 streak=3 bad=0 reason=ok;
  phase-split: G/1C:n=3 frame=+16.4848cyc sigma=0.0441 resid=+21.9041 valid=1; G/5Q:n=6 frame=+15.0247cyc sigma=0.0482 resid=+19.0716 valid=1; C/1P:n=4 frame=+28.5320cyc sigma=0.0776 resid=-16.0000 valid=1; C/7I:n=1 frame=+0.0000cyc sigma=0.0000 resid=+0.0000 valid=0; C/2I:n=17 frame=+5.5080cyc sigma=0.0817 resid=-38.6191 valid=1; C/5P:n=8 frame=-0.9752cyc sigma=0.0672 resid=-34.2296 valid=1;
  b-only-phase-dryrun: cand=1 clockReady=1 residReady=1 symmetricReady=1 bridge=1/1 bridgeRms=0.0822cyc selfL=0.000000cyc/1
  b-only-bridge: state=acquiring/not-enough fixed=0 bridge=1/1 rms=0.0822cyc streak=0 bad=15

[BASE_2435540] RTCM 1005 - station / antenna (ARP in 1005/1006)
  RTCM 1005 (  22): staid=1660 pos=41.66934573 109.27542652 1682.150
  staid=1660  sta.name=1660  ITRF year=0
  ARP ECEF  X=-1575530.8118  Y=4505203.0666  Z=4219358.8401 (m)
  ARP LLH   lat=41.66934573 deg  lon=109.27542652 deg  h_ellip=1682.1505 m
VRS [ssr-com] :52000 TX=686B nv=25 | target=base-b | mode=union reason=ok extra=2 | baseline=1541.350m state=fixed/ok fixed=1 phase=23sv/42obs streak=26 bad=0 | vis A=1 B=1 common=27 | shadow A=1 B=1 union=25 | publish A=1 B=1 | clk_A=+10.251m(23sv) clk_B=+13.685m(23sv) d_clk=-3.434m | rms((eps_A-eps_B)/2)=2.193m | L: fix=42 float=1 drop=3 refSwap=0 codeDetrend=0.608m | brdc=163 ssrSat=103 ssrMsg=84 | obs=1 sta=0 err=0
  code-bias: G/1C:n=6 ab=-0.378 sigma=1.050 valid=1; G/5Q:n=6 ab=+0.053 sigma=0.614 valid=1; C/1P:n=8 ab=+0.653 sigma=2.454 valid=1; C/7I:n=1 ab=+0.000 sigma=0.000 valid=0; C/2I:n=17 ab=+7.420 sigma=0.666 valid=1; C/5P:n=8 ab=+0.625 sigma=0.493 valid=1;
  phase-clock: G:ab=-0.8217m anchor=-0.8181m ares=-0.0036 innov=-0.0241 sigma=0.0498 sig=2 obs=10 raw=1 usable=1 streak=18 bad=0 reason=ok; C:ab=+7.7070m anchor=+7.6854m ares=+0.0217 innov=+0.0848 sigma=0.0520 sig=3 obs=31 raw=1 usable=1 streak=4 bad=0 reason=ok;
  phase-split: G/1C:n=4 frame=+16.4205cyc sigma=0.0425 resid=+20.7385 valid=1; G/5Q:n=6 frame=+14.9708cyc sigma=0.0441 resid=+18.1953 valid=1; C/1P:n=6 frame=+28.5006cyc sigma=0.0648 resid=-12.0000 valid=1; C/7I:n=1 frame=+0.0000cyc sigma=0.0000 resid=+0.0000 valid=0; C/2I:n=17 frame=+5.4491cyc sigma=0.0744 resid=-34.6834 valid=1; C/5P:n=8 frame=-1.0163cyc sigma=0.0663 resid=-31.2603 valid=1;
  b-only-phase-dryrun: cand=1 clockReady=1 residReady=1 symmetricReady=1 bridge=1/1 bridgeRms=0.0904cyc selfL=0.000000cyc/1
  b-only-bridge: state=acquiring/not-enough fixed=0 bridge=1/1 rms=0.0904cyc streak=0 bad=16
VRS [ssr-com] :52000 TX=686B nv=25 | target=base-b | mode=union reason=ok extra=2 | baseline=1541.350m state=fixed/ok fixed=1 phase=23sv/42obs streak=27 bad=0 | vis A=1 B=1 common=27 | shadow A=1 B=1 union=25 | publish A=1 B=1 | clk_A=+9.716m(23sv) clk_B=+13.285m(23sv) d_clk=-3.569m | rms((eps_A-eps_B)/2)=2.316m | L: fix=42 float=1 drop=3 refSwap=0 codeDetrend=0.583m | brdc=163 ssrSat=103 ssrMsg=84 | obs=1 sta=0 err=0
  code-bias: G/1C:n=6 ab=-0.178 sigma=1.412 valid=1; G/5Q:n=6 ab=+0.056 sigma=0.632 valid=1; C/1P:n=8 ab=-0.205 sigma=2.069 valid=1; C/7I:n=1 ab=+0.000 sigma=0.000 valid=0; C/2I:n=17 ab=+7.951 sigma=0.777 valid=1; C/5P:n=8 ab=+0.642 sigma=0.534 valid=1;
  phase-clock: G:ab=-0.8154m anchor=-0.8125m ares=-0.0029 innov=+0.0007 sigma=0.0502 sig=2 obs=10 raw=1 usable=1 streak=19 bad=0 reason=ok; C:ab=+7.9012m anchor=+7.9513m ares=-0.0501 innov=-0.0718 sigma=0.0366 sig=3 obs=31 raw=1 usable=1 streak=5 bad=0 reason=ok;
  phase-split: G/1C:n=4 frame=+16.4516cyc sigma=0.0544 resid=+20.7364 valid=1; G/5Q:n=6 frame=+14.9972cyc sigma=0.0400 resid=+18.1969 valid=1; C/1P:n=6 frame=+28.5210cyc sigma=0.0654 resid=-13.0000 valid=1; C/7I:n=1 frame=+0.0000cyc sigma=0.0000 resid=+0.0000 valid=0; C/2I:n=17 frame=+5.4737cyc sigma=0.0763 resid=-35.6699 valid=1; C/5P:n=8 frame=-0.9950cyc sigma=0.0667 resid=-32.0010 valid=1;
  b-only-phase-dryrun: cand=1 clockReady=1 residReady=1 symmetricReady=1 bridge=1/1 bridgeRms=0.0770cyc selfL=0.000000cyc/1
  b-only-bridge: state=acquiring/not-enough fixed=0 bridge=1/1 rms=0.0770cyc streak=0 bad=17
VRS [ssr-com] :52000 TX=686B nv=25 | target=base-b | mode=union reason=ok extra=2 | baseline=1541.350m state=fixed/ok fixed=1 phase=23sv/42obs streak=28 bad=0 | vis A=1 B=1 common=27 | shadow A=1 B=1 union=25 | publish A=1 B=1 | clk_A=+9.979m(23sv) clk_B=+12.937m(23sv) d_clk=-2.957m | rms((eps_A-eps_B)/2)=1.958m | L: fix=42 float=1 drop=3 refSwap=0 codeDetrend=0.599m | brdc=163 ssrSat=103 ssrMsg=89 | obs=1 sta=0 err=0
  code-bias: G/1C:n=6 ab=-0.114 sigma=1.025 valid=1; G/5Q:n=6 ab=+0.075 sigma=0.643 valid=1; C/1P:n=8 ab=+0.267 sigma=2.189 valid=1; C/7I:n=1 ab=+0.000 sigma=0.000 valid=0; C/2I:n=17 ab=+7.491 sigma=0.922 valid=1; C/5P:n=8 ab=+0.648 sigma=0.611 valid=1;
  phase-clock: G:ab=-0.7148m anchor=-0.7318m ares=+0.0170 innov=+0.0199 sigma=0.0458 sig=2 obs=10 raw=1 usable=1 streak=20 bad=0 reason=ok; C:ab=+6.6291m anchor=+6.6464m ares=-0.0172 innov=+0.0329 sigma=0.0313 sig=3 obs=31 raw=1 usable=1 streak=6 bad=0 reason=ok;
  phase-split: G/1C:n=4 frame=+16.4842cyc sigma=0.0412 resid=+20.2407 valid=1; G/5Q:n=6 frame=+15.0151cyc sigma=0.0492 resid=+17.8203 valid=1; C/1P:n=6 frame=+28.5517cyc sigma=0.0590 resid=-6.2846 valid=1; C/7I:n=1 frame=+0.0000cyc sigma=0.0000 resid=+0.0000 valid=0; C/2I:n=17 frame=+5.5232cyc sigma=0.0791 resid=-28.9964 valid=1; C/5P:n=8 frame=-0.9859cyc sigma=0.0689 resid=-27.0000 valid=1;
  b-only-phase-dryrun: cand=1 clockReady=1 residReady=1 symmetricReady=1 bridge=1/1 bridgeRms=0.0748cyc selfL=0.000000cyc/1
  b-only-bridge: state=acquiring/not-enough fixed=0 bridge=1/1 rms=0.0748cyc streak=0 bad=18
VRS [ssr-com] :52000 TX=686B nv=25 | target=base-b | mode=union reason=ok extra=2 | baseline=1541.350m state=fixed/ok fixed=1 phase=22sv/41obs streak=29 bad=0 | vis A=1 B=1 common=27 | shadow A=1 B=1 union=25 | publish A=1 B=1 | clk_A=+10.121m(23sv) clk_B=+13.255m(23sv) d_clk=-3.134m | rms((eps_A-eps_B)/2)=2.075m | L: fix=41 float=2 drop=3 refSwap=0 codeDetrend=0.698m | brdc=163 ssrSat=103 ssrMsg=96 | obs=1 sta=0 err=0
  code-bias: G/1C:n=6 ab=-0.158 sigma=0.991 valid=1; G/5Q:n=6 ab=+0.070 sigma=0.646 valid=1; C/1P:n=8 ab=+0.072 sigma=2.696 valid=1; C/7I:n=1 ab=+0.000 sigma=0.000 valid=0; C/2I:n=17 ab=+7.490 sigma=0.993 valid=1; C/5P:n=8 ab=+0.588 sigma=0.736 valid=1;
  phase-clock: G:ab=-0.7329m anchor=-0.6822m ares=-0.0507 innov=-0.0677 sigma=0.0466 sig=2 obs=10 raw=1 usable=1 streak=21 bad=0 reason=ok; C:ab=+6.9368m anchor=+6.9496m ares=-0.0128 innov=+0.0044 sigma=0.0523 sig=3 obs=30 raw=1 usable=1 streak=7 bad=0 reason=ok;
  phase-split: G/1C:n=4 frame=+16.3936cyc sigma=0.0412 resid=+20.2448 valid=1; G/5Q:n=6 frame=+14.9413cyc sigma=0.0514 resid=+17.8172 valid=1; C/1P:n=6 frame=+28.4532cyc sigma=0.0623 resid=-8.0000 valid=1; C/7I:n=1 frame=+0.0000cyc sigma=0.0000 resid=+0.0000 valid=0; C/2I:n=16 frame=+5.4115cyc sigma=0.0766 resid=-30.7103 valid=1; C/5P:n=8 frame=-1.0588cyc sigma=0.0772 resid=-28.2803 valid=1;
  b-only-phase-dryrun: cand=1 clockReady=1 residReady=1 symmetricReady=1 bridge=1/1 bridgeRms=0.0792cyc selfL=0.000000cyc/1
  b-only-bridge: state=acquiring/not-enough fixed=0 bridge=1/1 rms=0.0792cyc streak=0 bad=19

[BASE_2435536] RTCM 1005 - station / antenna (ARP in 1005/1006)
  RTCM 1005 (  22): staid=1660 pos=41.65636202 109.26890585 1687.780
  staid=1660  sta.name=1660  ITRF year=0
  ARP ECEF  X=-1575335.8898  Y=4506291.4555  Z=4218284.9796 (m)
  ARP LLH   lat=41.65636202 deg  lon=109.26890585 deg  h_ellip=1687.7799 m
VRS [ssr-com] :52000 TX=711B nv=25 | target=base-b | mode=union reason=ok extra=2 | baseline=1541.350m state=fixed/ok fixed=1 phase=21sv/36obs streak=30 bad=0 | vis A=1 B=1 common=27 | shadow A=1 B=1 union=25 | publish A=1 B=1 | clk_A=+10.072m(23sv) clk_B=+13.658m(23sv) d_clk=-3.586m | rms((eps_A-eps_B)/2)=2.335m | L: fix=36 float=6 drop=4 refSwap=0 codeDetrend=0.597m | brdc=163 ssrSat=103 ssrMsg=96 | obs=1 sta=1 err=0
  code-bias: G/1C:n=6 ab=-0.032 sigma=0.789 valid=1; G/5Q:n=6 ab=+0.083 sigma=0.624 valid=1; C/1P:n=8 ab=-0.088 sigma=2.151 valid=1; C/7I:n=1 ab=+0.000 sigma=0.000 valid=0; C/2I:n=17 ab=+7.389 sigma=0.928 valid=1; C/5P:n=8 ab=+0.581 sigma=0.904 valid=1;
  phase-clock: G:ab=-0.6042m anchor=-0.6372m ares=+0.0331 innov=+0.0838 sigma=0.0808 sig=2 obs=11 raw=1 usable=1 streak=22 bad=0 reason=ok; C:ab=+7.8858m anchor=+7.8083m ares=+0.0775 innov=+0.0903 sigma=0.0699 sig=3 obs=24 raw=1 usable=1 streak=8 bad=0 reason=ok;
  phase-split: G/1C:n=5 frame=+16.4006cyc sigma=0.0518 resid=+19.5755 valid=1; G/5Q:n=6 frame=+14.9461cyc sigma=0.0452 resid=+17.3170 valid=1; C/1P:n=6 frame=+28.4572cyc sigma=0.0528 resid=-12.9828 valid=1; C/7I:n=1 frame=+0.0000cyc sigma=0.0000 resid=+0.0000 valid=0; C/2I:n=10 frame=+5.4335cyc sigma=0.0304 resid=-35.6298 valid=1; C/5P:n=8 frame=-1.0545cyc sigma=0.0735 resid=-32.0000 valid=1;
  b-only-phase-dryrun: cand=1 clockReady=1 residReady=1 symmetricReady=1 bridge=1/1 bridgeRms=0.0732cyc selfL=0.000000cyc/1
  b-only-bridge: state=acquiring/not-enough fixed=0 bridge=1/1 rms=0.0732cyc streak=0 bad=20
VRS [ssr-com] :52000 TX=686B nv=25 | target=base-b | mode=union reason=ok extra=2 | baseline=1541.350m state=fixed/ok fixed=1 phase=21sv/36obs streak=31 bad=0 | vis A=1 B=1 common=27 | shadow A=1 B=1 union=25 | publish A=1 B=1 | clk_A=+10.377m(23sv) clk_B=+13.607m(23sv) d_clk=-3.230m | rms((eps_A-eps_B)/2)=2.071m | L: fix=36 float=7 drop=3 refSwap=0 codeDetrend=0.601m | brdc=163 ssrSat=103 ssrMsg=96 | obs=1 sta=0 err=0
  code-bias: G/1C:n=6 ab=-0.066 sigma=0.873 valid=1; G/5Q:n=6 ab=+0.150 sigma=0.584 valid=1; C/1P:n=8 ab=-0.069 sigma=2.185 valid=1; C/7I:n=1 ab=+0.000 sigma=0.000 valid=0; C/2I:n=17 ab=+7.445 sigma=0.851 valid=1; C/5P:n=8 ab=+0.592 sigma=0.999 valid=1;
  phase-clock: G:ab=-0.5846m anchor=-0.5971m ares=+0.0125 innov=-0.0206 sigma=0.0789 sig=2 obs=11 raw=1 usable=1 streak=23 bad=0 reason=ok; C:ab=+7.1392m anchor=+7.0561m ares=+0.0831 innov=+0.0056 sigma=0.0737 sig=3 obs=24 raw=1 usable=1 streak=9 bad=0 reason=ok;
  phase-split: G/1C:n=5 frame=+16.5129cyc sigma=0.0534 resid=+19.5851 valid=1; G/5Q:n=6 frame=+15.0156cyc sigma=0.0400 resid=+17.3098 valid=1; C/1P:n=6 frame=+28.5463cyc sigma=0.0526 resid=-8.9704 valid=1; C/7I:n=1 frame=+0.0000cyc sigma=0.0000 resid=+0.0000 valid=0; C/2I:n=10 frame=+5.5113cyc sigma=0.0289 resid=-31.6644 valid=1; C/5P:n=8 frame=-0.9843cyc sigma=0.0698 resid=-29.0000 valid=1;
  b-only-phase-dryrun: cand=1 clockReady=1 residReady=1 symmetricReady=1 bridge=1/1 bridgeRms=0.0922cyc selfL=0.000000cyc/1
  b-only-bridge: state=acquiring/not-enough fixed=0 bridge=1/1 rms=0.0922cyc streak=0 bad=21
VRS [ssr-com] :52000 TX=686B nv=25 | target=base-b | mode=union reason=ok extra=2 | baseline=1541.350m state=fixed/ok fixed=1 phase=23sv/42obs streak=32 bad=0 | vis A=1 B=1 common=27 | shadow A=1 B=1 union=25 | publish A=1 B=1 | clk_A=+9.850m(23sv) clk_B=+13.494m(23sv) d_clk=-3.644m | rms((eps_A-eps_B)/2)=2.288m | L: fix=42 float=1 drop=3 refSwap=0 codeDetrend=0.695m | brdc=163 ssrSat=103 ssrMsg=96 | obs=1 sta=0 err=0
  code-bias: G/1C:n=6 ab=+0.084 sigma=0.936 valid=1; G/5Q:n=6 ab=+0.189 sigma=0.569 valid=1; C/1P:n=8 ab=-0.531 sigma=2.623 valid=1; C/7I:n=1 ab=+0.000 sigma=0.000 valid=0; C/2I:n=17 ab=+7.501 sigma=0.949 valid=1; C/5P:n=8 ab=+0.594 sigma=1.082 valid=1;
  phase-clock: G:ab=-0.5575m anchor=-0.5527m ares=-0.0047 innov=-0.0172 sigma=0.0788 sig=2 obs=11 raw=1 usable=1 streak=24 bad=0 reason=ok; C:ab=+7.8245m anchor=+7.8416m ares=-0.0171 innov=-0.1002 sigma=0.0753 sig=3 obs=30 raw=1 usable=1 streak=10 bad=0 reason=ok;
  phase-split: G/1C:n=5 frame=+16.6561cyc sigma=0.0522 resid=+19.5857 valid=1; G/5Q:n=6 frame=+15.1217cyc sigma=0.0531 resid=+17.3094 valid=1; C/1P:n=6 frame=+28.7116cyc sigma=0.0577 resid=-12.4062 valid=1; C/7I:n=1 frame=+0.0000cyc sigma=0.0000 resid=+0.0000 valid=0; C/2I:n=16 frame=+5.7440cyc sigma=0.0450 resid=-35.0000 valid=1; C/5P:n=8 frame=-0.8831cyc sigma=0.0721 resid=-31.5879 valid=1;
  b-only-phase-dryrun: cand=1 clockReady=1 residReady=1 symmetricReady=1 bridge=1/1 bridgeRms=0.0859cyc selfL=0.000000cyc/1
  b-only-bridge: state=acquiring/not-enough fixed=0 bridge=1/1 rms=0.0859cyc streak=0 bad=22
VRS [ssr-com] :52000 TX=686B nv=25 | target=base-b | mode=union reason=ok extra=2 | baseline=1541.350m state=fixed/ok fixed=1 phase=23sv/42obs streak=33 bad=0 | vis A=1 B=1 common=27 | shadow A=1 B=1 union=25 | publish A=1 B=1 | clk_A=+10.482m(23sv) clk_B=+13.650m(23sv) d_clk=-3.168m | rms((eps_A-eps_B)/2)=2.025m | L: fix=42 float=1 drop=3 refSwap=0 codeDetrend=0.628m | brdc=163 ssrSat=103 ssrMsg=108 | obs=1 sta=0 err=0
  code-bias: G/1C:n=6 ab=-0.306 sigma=0.780 valid=1; G/5Q:n=6 ab=+0.202 sigma=0.499 valid=1; C/1P:n=8 ab=-0.297 sigma=2.309 valid=1; C/7I:n=1 ab=+0.000 sigma=0.000 valid=0; C/2I:n=17 ab=+7.522 sigma=0.920 valid=1; C/5P:n=8 ab=+0.623 sigma=1.052 valid=1;
  phase-clock: G:ab=-0.5625m anchor=-0.5758m ares=+0.0133 innov=+0.0180 sigma=0.0812 sig=2 obs=11 raw=1 usable=1 streak=25 bad=0 reason=ok; C:ab=+6.9080m anchor=+6.9115m ares=-0.0035 innov=+0.0136 sigma=0.0550 sig=3 obs=30 raw=1 usable=1 streak=11 bad=0 reason=ok;
  phase-split: G/1C:n=5 frame=+16.6174cyc sigma=0.0492 resid=+19.5733 valid=1; G/5Q:n=6 frame=+15.1113cyc sigma=0.0451 resid=+17.3186 valid=1; C/1P:n=6 frame=+28.6638cyc sigma=0.0539 resid=-7.6379 valid=1; C/7I:n=1 frame=+0.0000cyc sigma=0.0000 resid=+0.0000 valid=0; C/2I:n=16 frame=+5.6285cyc sigma=0.0447 resid=-30.3432 valid=1; C/5P:n=8 frame=-0.8916cyc sigma=0.0778 resid=-28.0000 valid=1;
  b-only-phase-dryrun: cand=1 clockReady=1 residReady=1 symmetricReady=1 bridge=1/1 bridgeRms=0.0645cyc selfL=0.000000cyc/1
  b-only-bridge: state=acquiring/not-enough fixed=0 bridge=1/1 rms=0.0645cyc streak=0 bad=23
VRS [ssr-com] :52000 TX=686B nv=25 | target=base-b | mode=union reason=ok extra=2 | baseline=1541.350m state=fixed/ok fixed=1 phase=23sv/42obs streak=34 bad=0 | vis A=1 B=1 common=27 | shadow A=1 B=1 union=25 | publish A=1 B=1 | clk_A=+10.363m(23sv) clk_B=+13.667m(23sv) d_clk=-3.305m | rms((eps_A-eps_B)/2)=2.090m | L: fix=42 float=1 drop=3 refSwap=0 codeDetrend=0.628m | brdc=163 ssrSat=103 ssrMsg=108 | obs=1 sta=0 err=0
  code-bias: G/1C:n=6 ab=-0.425 sigma=0.720 valid=1; G/5Q:n=6 ab=+0.206 sigma=0.504 valid=1; C/1P:n=8 ab=-0.187 sigma=2.341 valid=1; C/7I:n=1 ab=+0.000 sigma=0.000 valid=0; C/2I:n=17 ab=+7.586 sigma=0.916 valid=1; C/5P:n=8 ab=+0.581 sigma=1.020 valid=1;
  phase-clock: G:ab=-0.5559m anchor=-0.5498m ares=-0.0060 innov=-0.0193 sigma=0.0784 sig=2 obs=11 raw=1 usable=1 streak=26 bad=0 reason=ok; C:ab=+7.1790m anchor=+7.1589m ares=+0.0201 innov=+0.0237 sigma=0.0407 sig=3 obs=30 raw=1 usable=1 streak=12 bad=0 reason=ok;
  phase-split: G/1C:n=5 frame=+16.6671cyc sigma=0.0535 resid=+19.5882 valid=1; G/5Q:n=6 frame=+15.1262cyc sigma=0.0426 resid=+17.3075 valid=1; C/1P:n=6 frame=+28.7259cyc sigma=0.0569 resid=-9.0000 valid=1; C/7I:n=1 frame=+0.0000cyc sigma=0.0000 resid=+0.0000 valid=0; C/2I:n=16 frame=+5.7448cyc sigma=0.0575 resid=-31.6381 valid=1; C/5P:n=8 frame=-0.8750cyc sigma=0.0683 resid=-29.0469 valid=1;
  b-only-phase-dryrun: cand=1 clockReady=1 residReady=1 symmetricReady=1 bridge=1/1 bridgeRms=0.0838cyc selfL=0.000000cyc/1
  b-only-bridge: state=acquiring/not-enough fixed=0 bridge=1/1 rms=0.0838cyc streak=0 bad=24
VRS [ssr-com] :52000 TX=686B nv=25 | target=base-b | mode=union reason=ok extra=2 | baseline=1541.350m state=fixed/ok fixed=1 phase=23sv/42obs streak=35 bad=0 | vis A=1 B=1 common=27 | shadow A=1 B=1 union=25 | publish A=1 B=1 | clk_A=+10.508m(23sv) clk_B=+13.646m(23sv) d_clk=-3.138m | rms((eps_A-eps_B)/2)=2.055m | L: fix=42 float=1 drop=3 refSwap=0 codeDetrend=0.660m | brdc=163 ssrSat=103 ssrMsg=108 | obs=1 sta=0 err=0
  code-bias: G/1C:n=6 ab=-0.434 sigma=0.688 valid=1; G/5Q:n=6 ab=+0.210 sigma=0.479 valid=1; C/1P:n=8 ab=+0.655 sigma=2.501 valid=1; C/7I:n=1 ab=+0.000 sigma=0.000 valid=0; C/2I:n=17 ab=+7.746 sigma=0.999 valid=1; C/5P:n=8 ab=+0.556 sigma=0.954 valid=1;
  phase-clock: G:ab=-0.5708m anchor=-0.6002m ares=+0.0293 innov=+0.0353 sigma=0.0803 sig=2 obs=11 raw=1 usable=1 streak=27 bad=0 reason=ok; C:ab=+6.8339m anchor=+6.8759m ares=-0.0420 innov=-0.0622 sigma=0.0486 sig=3 obs=30 raw=1 usable=1 streak=13 bad=0 reason=ok;
  phase-split: G/1C:n=5 frame=+16.5783cyc sigma=0.0434 resid=+19.5781 valid=1; G/5Q:n=6 frame=+15.0749cyc sigma=0.0564 resid=+17.3151 valid=1; C/1P:n=6 frame=+28.6353cyc sigma=0.0553 resid=-7.2770 valid=1; C/7I:n=1 frame=+0.0000cyc sigma=0.0000 resid=+0.0000 valid=0; C/2I:n=16 frame=+5.5859cyc sigma=0.0436 resid=-30.0000 valid=1; C/5P:n=8 frame=-0.9246cyc sigma=0.0643 resid=-27.7422 valid=1;
  b-only-phase-dryrun: cand=1 clockReady=1 residReady=1 symmetricReady=1 bridge=1/1 bridgeRms=0.0834cyc selfL=0.000000cyc/1
  b-only-bridge: state=acquiring/not-enough fixed=0 bridge=1/1 rms=0.0834cyc streak=0 bad=25

[BASE_2435540] RTCM 1005 - station / antenna (ARP in 1005/1006)
  RTCM 1005 (  22): staid=1660 pos=41.66934573 109.27542652 1682.150
  staid=1660  sta.name=1660  ITRF year=0
  ARP ECEF  X=-1575530.8118  Y=4505203.0666  Z=4219358.8401 (m)
  ARP LLH   lat=41.66934573 deg  lon=109.27542652 deg  h_ellip=1682.1505 m
VRS [ssr-com] :52000 TX=686B nv=25 | target=base-b | mode=union reason=ok extra=2 | baseline=1541.350m state=fixed/ok fixed=1 phase=23sv/42obs streak=36 bad=0 | vis A=1 B=1 common=27 | shadow A=1 B=1 union=25 | publish A=1 B=1 | clk_A=+10.113m(23sv) clk_B=+13.662m(23sv) d_clk=-3.549m | rms((eps_A-eps_B)/2)=2.272m | L: fix=42 float=1 drop=3 refSwap=0 codeDetrend=0.640m | brdc=163 ssrSat=103 ssrMsg=108 | obs=1 sta=0 err=0
  code-bias: G/1C:n=6 ab=-0.230 sigma=0.727 valid=1; G/5Q:n=6 ab=+0.250 sigma=0.517 valid=1; C/1P:n=8 ab=+0.424 sigma=2.232 valid=1; C/7I:n=1 ab=+0.000 sigma=0.000 valid=0; C/2I:n=17 ab=+7.701 sigma=1.162 valid=1; C/5P:n=8 ab=+0.611 sigma=0.881 valid=1;
  phase-clock: G:ab=-0.6583m anchor=-0.5837m ares=-0.0746 innov=-0.1039 sigma=0.0468 sig=2 obs=11 raw=1 usable=1 streak=28 bad=0 reason=ok; C:ab=+7.7032m anchor=+7.6812m ares=+0.0220 innov=+0.0640 sigma=0.0524 sig=3 obs=30 raw=1 usable=1 streak=14 bad=0 reason=ok;
  phase-split: G/1C:n=5 frame=+16.7862cyc sigma=0.0502 resid=+20.2458 valid=1; G/5Q:n=6 frame=+15.2329cyc sigma=0.0538 resid=+17.8164 valid=1; C/1P:n=6 frame=+28.8528cyc sigma=0.0477 resid=-11.6278 valid=1; C/7I:n=1 frame=+0.0000cyc sigma=0.0000 resid=+0.0000 valid=0; C/2I:n=16 frame=+5.8169cyc sigma=0.0457 resid=-34.2956 valid=1; C/5P:n=8 frame=-0.7710cyc sigma=0.0796 resid=-31.0000 valid=1;
  b-only-phase-dryrun: cand=1 clockReady=1 residReady=1 symmetricReady=1 bridge=1/1 bridgeRms=0.0838cyc selfL=0.000000cyc/1
  b-only-bridge: state=acquiring/not-enough fixed=0 bridge=1/1 rms=0.0838cyc streak=0 bad=26
VRS [ssr-com] :52000 TX=686B nv=25 | target=base-b | mode=union reason=ok extra=2 | baseline=1541.350m state=fixed/ok fixed=1 phase=23sv/42obs streak=37 bad=0 | vis A=1 B=1 common=27 | shadow A=1 B=1 union=25 | publish A=1 B=1 | clk_A=+9.996m(23sv) clk_B=+13.711m(23sv) d_clk=-3.715m | rms((eps_A-eps_B)/2)=2.427m | L: fix=42 float=1 drop=3 refSwap=0 codeDetrend=0.682m | brdc=163 ssrSat=103 ssrMsg=108 | obs=1 sta=0 err=0
  code-bias: G/1C:n=6 ab=-0.204 sigma=0.751 valid=1; G/5Q:n=6 ab=+0.317 sigma=0.536 valid=1; C/1P:n=8 ab=-0.235 sigma=2.461 valid=1; C/7I:n=1 ab=+0.000 sigma=0.000 valid=0; C/2I:n=17 ab=+7.718 sigma=1.190 valid=1; C/5P:n=8 ab=+0.676 sigma=0.882 valid=1;
  phase-clock: G:ab=-0.7028m anchor=-0.6793m ares=-0.0235 innov=+0.0511 sigma=0.0483 sig=2 obs=11 raw=1 usable=1 streak=29 bad=0 reason=ok; C:ab=+8.0784m anchor=+8.1095m ares=-0.0311 innov=-0.0531 sigma=0.0830 sig=3 obs=30 raw=1 usable=1 streak=15 bad=0 reason=ok;
  phase-split: G/1C:n=5 frame=+17.0527cyc sigma=0.0592 resid=+20.7460 valid=1; G/5Q:n=6 frame=+15.4317cyc sigma=0.0570 resid=+18.1897 valid=1; C/1P:n=6 frame=+29.1142cyc sigma=0.0590 resid=-13.3382 valid=1; C/7I:n=1 frame=+0.0000cyc sigma=0.0000 resid=+0.0000 valid=0; C/2I:n=16 frame=+6.0664cyc sigma=0.0488 resid=-36.0000 valid=1; C/5P:n=8 frame=-0.5705cyc sigma=0.0768 resid=-32.2720 valid=1;
  b-only-phase-dryrun: cand=1 clockReady=1 residReady=1 symmetricReady=1 bridge=1/1 bridgeRms=0.0820cyc selfL=0.000000cyc/1
  b-only-bridge: state=acquiring/not-enough fixed=0 bridge=1/1 rms=0.0820cyc streak=0 bad=27
VRS [ssr-com] :52000 TX=686B nv=25 | target=base-b | mode=union reason=ok extra=2 | baseline=1541.350m state=fixed/ok fixed=1 phase=23sv/44obs streak=38 bad=0 | vis A=1 B=1 common=27 | shadow A=1 B=1 union=25 | publish A=1 B=1 | clk_A=+9.969m(23sv) clk_B=+13.757m(23sv) d_clk=-3.788m | rms((eps_A-eps_B)/2)=2.322m | L: fix=44 float=1 drop=1 refSwap=0 codeDetrend=0.648m | brdc=163 ssrSat=103 ssrMsg=109 | obs=1 sta=0 err=0
  code-bias: G/1C:n=6 ab=+0.147 sigma=0.786 valid=1; G/5Q:n=6 ab=+0.312 sigma=0.578 valid=1; C/1P:n=8 ab=-0.170 sigma=2.225 valid=1; C/7I:n=1 ab=+0.000 sigma=0.000 valid=0; C/2I:n=17 ab=+7.909 sigma=1.199 valid=1; C/5P:n=8 ab=+0.715 sigma=0.850 valid=1;
  phase-clock: G:ab=-0.3545m anchor=-0.2977m ares=-0.0568 innov=-0.0333 sigma=0.0134 sig=2 obs=12 raw=1 usable=1 streak=30 bad=0 reason=ok; C:ab=+7.8566m anchor=+7.8742m ares=-0.0177 innov=+0.0134 sigma=0.0532 sig=3 obs=31 raw=1 usable=1 streak=16 bad=0 reason=ok;
  phase-split: G/1C:n=6 frame=+17.2073cyc sigma=0.0562 resid=+19.0702 valid=1; G/5Q:n=6 frame=+15.5565cyc sigma=0.0549 resid=+16.9476 valid=1; C/1P:n=7 frame=+29.2866cyc sigma=0.0631 resid=-12.0000 valid=1; C/7I:n=1 frame=+0.0000cyc sigma=0.0000 resid=+0.0000 valid=0; C/2I:n=16 frame=+6.2214cyc sigma=0.0592 resid=-34.6899 valid=1; C/5P:n=8 frame=-0.4450cyc sigma=0.0710 resid=-31.2759 valid=1;
  b-only-phase-dryrun: cand=1 clockReady=1 residReady=1 symmetricReady=1 bridge=1/1 bridgeRms=0.0670cyc selfL=0.000000cyc/1
  b-only-bridge: state=acquiring/not-enough fixed=0 bridge=1/1 rms=0.0670cyc streak=0 bad=28
VRS [ssr-com] :52000 TX=686B nv=25 | target=base-b | mode=union reason=ok extra=2 | baseline=1541.350m state=fixed/ok fixed=1 phase=23sv/39obs streak=39 bad=0 | vis A=1 B=1 common=27 | shadow A=1 B=1 union=25 | publish A=1 B=1 | clk_A=+9.513m(23sv) clk_B=+13.575m(23sv) d_clk=-4.062m | rms((eps_A-eps_B)/2)=2.593m | L: fix=39 float=1 drop=6 refSwap=0 codeDetrend=0.753m | brdc=163 ssrSat=103 ssrMsg=120 | obs=1 sta=0 err=0
  code-bias: G/1C:n=6 ab=+0.256 sigma=0.888 valid=1; G/5Q:n=6 ab=+0.326 sigma=0.624 valid=1; C/1P:n=8 ab=-0.977 sigma=2.917 valid=1; C/7I:n=1 ab=+0.000 sigma=0.000 valid=0; C/2I:n=17 ab=+7.839 sigma=1.126 valid=1; C/5P:n=8 ab=+0.690 sigma=0.819 valid=1;
  phase-clock: G:ab=-0.1225m anchor=-0.0900m ares=-0.0325 innov=+0.0243 sigma=0.0182 sig=2 obs=11 raw=1 usable=1 streak=31 bad=0 reason=ok; C:ab=+8.2414m anchor=+8.2132m ares=+0.0281 innov=+0.0458 sigma=0.0792 sig=3 obs=27 raw=1 usable=1 streak=17 bad=0 reason=ok;
  phase-split: G/1C:n=5 frame=+17.2605cyc sigma=0.0471 resid=+17.9044 valid=1; G/5Q:n=6 frame=+15.5906cyc sigma=0.0554 resid=+16.0714 valid=1; C/1P:n=4 frame=+29.3088cyc sigma=0.0530 resid=-14.0000 valid=1; C/7I:n=1 frame=+0.0000cyc sigma=0.0000 resid=+0.0000 valid=0; C/2I:n=15 frame=+6.2819cyc sigma=0.0313 resid=-36.6331 valid=1; C/5P:n=8 frame=-0.4098cyc sigma=0.0715 resid=-32.7507 valid=1;
  b-only-phase-dryrun: cand=1 clockReady=1 residReady=1 symmetricReady=1 bridge=1/1 bridgeRms=0.0841cyc selfL=0.000000cyc/1
  b-only-bridge: state=acquiring/not-enough fixed=0 bridge=1/1 rms=0.0841cyc streak=0 bad=29

[BASE_2435536] RTCM 1005 - station / antenna (ARP in 1005/1006)
  RTCM 1005 (  22): staid=1660 pos=41.65636202 109.26890585 1687.780
  staid=1660  sta.name=1660  ITRF year=0
  ARP ECEF  X=-1575335.8898  Y=4506291.4555  Z=4218284.9796 (m)
  ARP LLH   lat=41.65636202 deg  lon=109.26890585 deg  h_ellip=1687.7799 m
VRS [ssr-com] :52000 TX=711B nv=25 | target=base-b | mode=union reason=ok extra=2 | baseline=1541.350m state=fixed/ok fixed=1 phase=23sv/42obs streak=40 bad=0 | vis A=1 B=1 common=27 | shadow A=1 B=1 union=25 | publish A=1 B=1 | clk_A=+9.983m(23sv) clk_B=+13.552m(23sv) d_clk=-3.569m | rms((eps_A-eps_B)/2)=2.379m | L: fix=42 float=2 drop=2 refSwap=0 codeDetrend=0.783m | brdc=163 ssrSat=103 ssrMsg=120 | obs=1 sta=1 err=0
  code-bias: G/1C:n=6 ab=-0.012 sigma=0.966 valid=1; G/5Q:n=6 ab=+0.366 sigma=0.643 valid=1; C/1P:n=8 ab=+0.422 sigma=3.076 valid=0; C/7I:n=1 ab=+0.000 sigma=0.000 valid=0; C/2I:n=17 ab=+7.984 sigma=1.144 valid=1; C/5P:n=8 ab=+0.690 sigma=0.732 valid=1;
  phase-clock: G:ab=-0.6386m anchor=-0.6287m ares=-0.0099 innov=+0.0226 sigma=0.0502 sig=2 obs=11 raw=1 usable=1 streak=32 bad=0 reason=ok; C:ab=+7.7594m anchor=+7.7660m ares=-0.0066 innov=-0.0347 sigma=0.0495 sig=3 obs=30 raw=1 usable=1 streak=18 bad=0 reason=ok;
  phase-split: G/1C:n=5 frame=+17.3805cyc sigma=0.0565 resid=+20.7364 valid=1; G/5Q:n=6 frame=+15.6908cyc sigma=0.0568 resid=+18.1968 valid=1; C/1P:n=6 frame=+29.4547cyc sigma=0.0573 resid=-11.3214 valid=1; C/7I:n=1 frame=+0.0000cyc sigma=0.0000 resid=+0.0000 valid=0; C/2I:n=16 frame=+6.4054cyc sigma=0.0474 resid=-34.0000 valid=1; C/5P:n=8 frame=-0.3147cyc sigma=0.0770 resid=-30.7643 valid=1;
  b-only-phase-dryrun: cand=1 clockReady=1 residReady=1 symmetricReady=1 bridge=1/1 bridgeRms=0.0810cyc selfL=0.000000cyc/1
  b-only-bridge: state=acquiring/not-enough fixed=0 bridge=1/1 rms=0.0810cyc streak=0 bad=30
VRS [ssr-com] :52000 TX=686B nv=25 | target=base-b | mode=union reason=ok extra=2 | baseline=1541.350m state=fixed/ok fixed=1 phase=23sv/43obs streak=41 bad=0 | vis A=1 B=1 common=27 | shadow A=1 B=1 union=25 | publish A=1 B=1 | clk_A=+9.707m(23sv) clk_B=+13.353m(23sv) d_clk=-3.645m | rms((eps_A-eps_B)/2)=2.298m | L: fix=43 float=2 drop=1 refSwap=0 codeDetrend=0.633m | brdc=163 ssrSat=103 ssrMsg=120 | obs=1 sta=0 err=0
  code-bias: G/1C:n=6 ab=-0.230 sigma=0.918 valid=1; G/5Q:n=6 ab=+0.370 sigma=0.687 valid=1; C/1P:n=8 ab=+0.290 sigma=2.216 valid=1; C/7I:n=1 ab=+0.000 sigma=0.000 valid=0; C/2I:n=17 ab=+8.004 sigma=1.119 valid=1; C/5P:n=8 ab=+0.674 sigma=0.672 valid=1;
  phase-clock: G:ab=-0.4065m anchor=-0.4394m ares=+0.0329 innov=+0.0429 sigma=0.0814 sig=2 obs=12 raw=1 usable=1 streak=33 bad=0 reason=ok; C:ab=+7.7702m anchor=+7.7298m ares=+0.0404 innov=+0.0470 sigma=0.0505 sig=3 obs=30 raw=1 usable=1 streak=19 bad=0 reason=ok;
  phase-split: G/1C:n=6 frame=+17.4358cyc sigma=0.0500 resid=+19.5720 valid=1; G/5Q:n=6 frame=+15.7243cyc sigma=0.0576 resid=+17.3196 valid=1; C/1P:n=6 frame=+29.4883cyc sigma=0.0541 resid=-11.3442 valid=1; C/7I:n=1 frame=+0.0000cyc sigma=0.0000 resid=+0.0000 valid=0; C/2I:n=16 frame=+6.4613cyc sigma=0.0501 resid=-34.0000 valid=1; C/5P:n=8 frame=-0.2805cyc sigma=0.0745 resid=-30.7723 valid=1;
  b-only-phase-dryrun: cand=1 clockReady=1 residReady=1 symmetricReady=1 bridge=1/1 bridgeRms=0.0840cyc selfL=0.000000cyc/1
  b-only-bridge: state=acquiring/not-enough fixed=0 bridge=1/1 rms=0.0840cyc streak=0 bad=31
VRS [ssr-com] :52000 TX=686B nv=25 | target=base-b | mode=union reason=ok extra=2 | baseline=1541.350m state=fixed/ok fixed=1 phase=23sv/43obs streak=42 bad=0 | vis A=1 B=1 common=27 | shadow A=1 B=1 union=25 | publish A=1 B=1 | clk_A=+9.830m(23sv) clk_B=+13.733m(23sv) d_clk=-3.903m | rms((eps_A-eps_B)/2)=2.388m | L: fix=43 float=2 drop=1 refSwap=0 codeDetrend=0.618m | brdc=163 ssrSat=103 ssrMsg=120 | obs=1 sta=0 err=0
  code-bias: G/1C:n=6 ab=-0.160 sigma=0.606 valid=1; G/5Q:n=6 ab=+0.384 sigma=0.684 valid=1; C/1P:n=8 ab=+0.830 sigma=2.047 valid=1; C/7I:n=1 ab=+0.000 sigma=0.000 valid=0; C/2I:n=17 ab=+7.894 sigma=1.269 valid=1; C/5P:n=8 ab=+0.689 sigma=0.605 valid=1;
  phase-clock: G:ab=-0.3043m anchor=-0.2014m ares=-0.1029 innov=-0.1359 sigma=0.0133 sig=2 obs=12 raw=1 usable=1 streak=34 bad=0 reason=ok; C:ab=+8.0922m anchor=+8.0077m ares=+0.0845 innov=+0.0440 sigma=0.0730 sig=3 obs=30 raw=1 usable=1 streak=20 bad=0 reason=ok;
  phase-split: G/1C:n=6 frame=+17.4710cyc sigma=0.0473 resid=+19.0701 valid=1; G/5Q:n=6 frame=+15.7535cyc sigma=0.0572 resid=+16.9477 valid=1; C/1P:n=6 frame=+29.5262cyc sigma=0.0528 resid=-12.9983 valid=1; C/7I:n=1 frame=+0.0000cyc sigma=0.0000 resid=+0.0000 valid=0; C/2I:n=16 frame=+6.4792cyc sigma=0.0538 resid=-35.6588 valid=1; C/5P:n=8 frame=-0.2447cyc sigma=0.0847 resid=-32.0000 valid=1;
  b-only-phase-dryrun: cand=1 clockReady=1 residReady=1 symmetricReady=1 bridge=1/1 bridgeRms=0.1077cyc selfL=0.000000cyc/1
  b-only-bridge: state=acquiring/not-enough fixed=0 bridge=1/1 rms=0.1077cyc streak=0 bad=32
VRS [ssr-com] :52000 TX=686B nv=25 | target=base-b | mode=union reason=ok extra=2 | baseline=1541.350m state=fixed/ok fixed=1 phase=23sv/39obs streak=43 bad=0 | vis A=1 B=1 common=27 | shadow A=1 B=1 union=25 | publish A=1 B=1 | clk_A=+9.840m(23sv) clk_B=+13.340m(23sv) d_clk=-3.501m | rms((eps_A-eps_B)/2)=2.178m | L: fix=39 float=1 drop=6 refSwap=0 codeDetrend=0.508m | brdc=163 ssrSat=103 ssrMsg=132 | obs=1 sta=0 err=0
  code-bias: G/1C:n=6 ab=-0.017 sigma=0.515 valid=1; G/5Q:n=6 ab=+0.388 sigma=0.705 valid=1; C/1P:n=8 ab=+0.089 sigma=1.467 valid=1; C/7I:n=1 ab=+0.000 sigma=0.000 valid=0; C/2I:n=17 ab=+7.876 sigma=1.133 valid=1; C/5P:n=8 ab=+0.662 sigma=0.599 valid=1;
  phase-clock: G:ab=-0.3178m anchor=-0.2087m ares=-0.1091 innov=-0.0062 sigma=0.0146 sig=2 obs=11 raw=1 usable=1 streak=35 bad=0 reason=ok; C:ab=+7.1852m anchor=+7.2105m ares=-0.0253 innov=-0.1098 sigma=0.0800 sig=3 obs=27 raw=1 usable=1 streak=21 bad=0 reason=ok;
  phase-split: G/1C:n=5 frame=+17.4063cyc sigma=0.0485 resid=+19.0765 valid=1; G/5Q:n=6 frame=+15.6955cyc sigma=0.0519 resid=+16.9428 valid=1; C/1P:n=4 frame=+29.4560cyc sigma=0.0484 resid=-8.3023 valid=1; C/7I:n=1 frame=+0.0000cyc sigma=0.0000 resid=+0.0000 valid=0; C/2I:n=15 frame=+6.4151cyc sigma=0.0301 resid=-31.0000 valid=1; C/5P:n=8 frame=-0.3089cyc sigma=0.0771 resid=-28.5051 valid=1;
  b-only-phase-dryrun: cand=1 clockReady=1 residReady=1 symmetricReady=1 bridge=1/1 bridgeRms=0.1124cyc selfL=0.000000cyc/1
  b-only-bridge: state=acquiring/not-enough fixed=0 bridge=1/1 rms=0.1124cyc streak=0 bad=33
VRS [ssr-com] :52000 TX=686B nv=25 | target=base-b | mode=union reason=ok extra=2 | baseline=1541.350m state=fixed/ok fixed=1 phase=23sv/41obs streak=44 bad=0 | vis A=1 B=1 common=27 | shadow A=1 B=1 union=25 | publish A=1 B=1 | clk_A=+10.173m(23sv) clk_B=+13.399m(23sv) d_clk=-3.226m | rms((eps_A-eps_B)/2)=2.041m | L: fix=41 float=1 drop=4 refSwap=0 codeDetrend=0.505m | brdc=163 ssrSat=103 ssrMsg=132 | obs=1 sta=0 err=0
  code-bias: G/1C:n=6 ab=-0.094 sigma=0.507 valid=1; G/5Q:n=6 ab=+0.375 sigma=0.697 valid=1; C/1P:n=8 ab=-0.085 sigma=1.488 valid=1; C/7I:n=1 ab=+0.000 sigma=0.000 valid=0; C/2I:n=17 ab=+7.565 sigma=1.111 valid=1; C/5P:n=8 ab=+0.626 sigma=0.595 valid=1;
  phase-clock: G:ab=-0.3103m anchor=-0.2035m ares=-0.1068 innov=+0.0023 sigma=0.0143 sig=2 obs=11 raw=1 usable=1 streak=36 bad=0 reason=ok; C:ab=+6.5638m anchor=+6.6561m ares=-0.0922 innov=-0.0669 sigma=0.0321 sig=3 obs=29 raw=1 usable=1 streak=22 bad=0 reason=ok;
  phase-split: G/1C:n=5 frame=+17.4443cyc sigma=0.0434 resid=+19.0749 valid=1; G/5Q:n=6 frame=+15.7264cyc sigma=0.0499 resid=+16.9441 valid=1; C/1P:n=6 frame=+29.4932cyc sigma=0.0552 resid=-5.0000 valid=1; C/7I:n=1 frame=+0.0000cyc sigma=0.0000 resid=+0.0000 valid=0; C/2I:n=15 frame=+6.4648cyc sigma=0.0337 resid=-27.7149 valid=1; C/5P:n=8 frame=-0.2797cyc sigma=0.0755 resid=-26.0376 valid=1;
  b-only-phase-dryrun: cand=1 clockReady=1 residReady=1 symmetricReady=1 bridge=1/1 bridgeRms=0.1300cyc selfL=0.000000cyc/1
  b-only-bridge: state=acquiring/not-enough fixed=0 bridge=1/1 rms=0.1300cyc streak=0 bad=34
VRS [ssr-com] :52000 TX=686B nv=25 | target=base-b | mode=union reason=ok extra=2 | baseline=1541.350m state=fixed/ok fixed=1 phase=23sv/43obs streak=45 bad=0 | vis A=1 B=1 common=27 | shadow A=1 B=1 union=25 | publish A=1 B=1 | clk_A=+9.694m(23sv) clk_B=+13.851m(23sv) d_clk=-4.157m | rms((eps_A-eps_B)/2)=2.617m | L: fix=43 float=0 drop=3 refSwap=0 codeDetrend=0.670m | brdc=163 ssrSat=103 ssrMsg=132 | obs=1 sta=0 err=0
  code-bias: G/1C:n=6 ab=-0.099 sigma=0.960 valid=1; G/5Q:n=6 ab=+0.388 sigma=0.662 valid=1; C/1P:n=8 ab=+0.129 sigma=2.505 valid=1; C/7I:n=1 ab=+0.000 sigma=0.000 valid=0; C/2I:n=17 ab=+8.022 sigma=1.082 valid=1; C/5P:n=8 ab=+0.706 sigma=0.563 valid=1;
  phase-clock: G:ab=-0.2905m anchor=-0.1940m ares=-0.0965 innov=+0.0104 sigma=0.0140 sig=2 obs=11 raw=1 usable=1 streak=37 bad=0 reason=ok; C:ab=+8.5550m anchor=+8.5076m ares=+0.0474 innov=+0.1397 sigma=0.0517 sig=3 obs=31 raw=1 usable=1 streak=23 bad=0 reason=ok;
  phase-split: G/1C:n=5 frame=+17.5469cyc sigma=0.0411 resid=+19.0735 valid=1; G/5Q:n=6 frame=+15.8051cyc sigma=0.0608 resid=+16.9451 valid=1; C/1P:n=6 frame=+29.6019cyc sigma=0.0537 resid=-15.3549 valid=1; C/7I:n=1 frame=+0.0000cyc sigma=0.0000 resid=+0.0000 valid=0; C/2I:n=17 frame=+6.5482cyc sigma=0.0641 resid=-38.0000 valid=1; C/5P:n=8 frame=-0.1972cyc sigma=0.0733 resid=-33.7688 valid=1;
  b-only-phase-dryrun: cand=1 clockReady=1 residReady=1 symmetricReady=1 bridge=1/1 bridgeRms=0.1327cyc selfL=0.000000cyc/1
  b-only-bridge: state=acquiring/not-enough fixed=0 bridge=1/1 rms=0.1327cyc streak=0 bad=35

[BASE_2435540] RTCM 1005 - station / antenna (ARP in 1005/1006)
  RTCM 1005 (  22): staid=1660 pos=41.66934573 109.27542652 1682.150
  staid=1660  sta.name=1660  ITRF year=0
  ARP ECEF  X=-1575530.8118  Y=4505203.0666  Z=4219358.8401 (m)
  ARP LLH   lat=41.66934573 deg  lon=109.27542652 deg  h_ellip=1682.1505 m
VRS [ssr-com] :52000 TX=686B nv=25 | target=base-b | mode=union reason=ok extra=2 | baseline=1541.350m state=fixed/ok fixed=1 phase=23sv/42obs streak=46 bad=0 | vis A=1 B=1 common=27 | shadow A=1 B=1 union=25 | publish A=1 B=1 | clk_A=+9.707m(23sv) clk_B=+13.844m(23sv) d_clk=-4.137m | rms((eps_A-eps_B)/2)=2.637m | L: fix=42 float=0 drop=4 refSwap=0 codeDetrend=0.725m | brdc=163 ssrSat=103 ssrMsg=132 | obs=1 sta=0 err=0
  code-bias: G/1C:n=6 ab=-0.051 sigma=0.537 valid=1; G/5Q:n=6 ab=+0.428 sigma=0.620 valid=1; C/1P:n=8 ab=+0.029 sigma=2.920 valid=1; C/7I:n=1 ab=+0.000 sigma=0.000 valid=0; C/2I:n=17 ab=+8.057 sigma=1.096 valid=1; C/5P:n=8 ab=+0.688 sigma=0.484 valid=1;
  phase-clock: G:ab=-0.2854m anchor=-0.1804m ares=-0.1050 innov=-0.0085 sigma=0.0149 sig=2 obs=11 raw=1 usable=1 streak=38 bad=0 reason=ok; C:ab=+8.3700m anchor=+8.4551m ares=-0.0851 innov=-0.1325 sigma=0.0706 sig=3 obs=30 raw=1 usable=1 streak=24 bad=0 reason=ok;
  phase-split: G/1C:n=5 frame=+17.5787cyc sigma=0.0537 resid=+19.0785 valid=1; G/5Q:n=6 frame=+15.8214cyc sigma=0.0493 resid=+16.9414 valid=1; C/1P:n=6 frame=+29.6255cyc sigma=0.0573 resid=-14.3589 valid=1; C/7I:n=1 frame=+0.0000cyc sigma=0.0000 resid=+0.0000 valid=0; C/2I:n=16 frame=+6.5845cyc sigma=0.0629 resid=-37.0000 valid=1; C/5P:n=8 frame=-0.1851cyc sigma=0.0769 resid=-33.0305 valid=1;
  b-only-phase-dryrun: cand=1 clockReady=1 residReady=1 symmetricReady=1 bridge=1/1 bridgeRms=0.1323cyc selfL=0.000000cyc/1
  b-only-bridge: state=acquiring/not-enough fixed=0 bridge=1/1 rms=0.1323cyc streak=0 bad=36
VRS [ssr-com] :52000 TX=686B nv=25 | target=base-b | mode=union reason=ok extra=2 | baseline=1541.350m state=fixed/ok fixed=1 phase=23sv/42obs streak=47 bad=0 | vis A=1 B=1 common=27 | shadow A=1 B=1 union=25 | publish A=1 B=1 | clk_A=+9.757m(23sv) clk_B=+13.586m(23sv) d_clk=-3.829m | rms((eps_A-eps_B)/2)=2.298m | L: fix=42 float=0 drop=4 refSwap=0 codeDetrend=0.596m | brdc=163 ssrSat=103 ssrMsg=132 | obs=1 sta=0 err=0
  code-bias: G/1C:n=6 ab=-0.176 sigma=1.240 valid=1; G/5Q:n=6 ab=+0.422 sigma=0.646 valid=1; C/1P:n=8 ab=+0.320 sigma=1.868 valid=1; C/7I:n=1 ab=+0.000 sigma=0.000 valid=0; C/2I:n=17 ab=+7.583 sigma=1.176 valid=1; C/5P:n=8 ab=+0.687 sigma=0.307 valid=1;
  phase-clock: G:ab=+0.0645m anchor=+0.0751m ares=-0.0106 innov=+0.0944 sigma=0.0764 sig=2 obs=11 raw=1 usable=1 streak=39 bad=0 reason=ok; C:ab=+7.6322m anchor=+7.5832m ares=+0.0489 innov=+0.1341 sigma=0.0354 sig=3 obs=30 raw=1 usable=1 streak=25 bad=0 reason=ok;
  phase-split: G/1C:n=5 frame=+17.7404cyc sigma=0.0379 resid=+17.4015 valid=1; G/5Q:n=6 frame=+15.9532cyc sigma=0.0466 resid=+15.7002 valid=1; C/1P:n=6 frame=+29.7854cyc sigma=0.0581 resid=-10.3220 valid=1; C/7I:n=1 frame=+0.0000cyc sigma=0.0000 resid=+0.0000 valid=0; C/2I:n=16 frame=+6.7442cyc sigma=0.0714 resid=-32.9985 valid=1; C/5P:n=8 frame=-0.0497cyc sigma=0.0750 resid=-30.0000 valid=1;
  b-only-phase-dryrun: cand=1 clockReady=1 residReady=1 symmetricReady=1 bridge=1/1 bridgeRms=0.1564cyc selfL=0.000000cyc/1
  b-only-bridge: state=acquiring/not-enough fixed=0 bridge=1/1 rms=0.1564cyc streak=0 bad=37
VRS [ssr-com] :52000 TX=686B nv=25 | target=base-b | mode=union reason=ok extra=2 | baseline=1541.350m state=fixed/ok fixed=1 phase=23sv/42obs streak=48 bad=0 | vis A=1 B=1 common=27 | shadow A=1 B=1 union=25 | publish A=1 B=1 | clk_A=+9.899m(23sv) clk_B=+13.921m(23sv) d_clk=-4.022m | rms((eps_A-eps_B)/2)=2.473m | L: fix=42 float=0 drop=4 refSwap=0 codeDetrend=0.579m | brdc=163 ssrSat=103 ssrMsg=144 | obs=1 sta=0 err=0
  code-bias: G/1C:n=6 ab=-0.172 sigma=1.306 valid=1; G/5Q:n=6 ab=+0.462 sigma=0.662 valid=1; C/1P:n=8 ab=-0.727 sigma=1.685 valid=1; C/7I:n=1 ab=+0.000 sigma=0.000 valid=0; C/2I:n=17 ab=+8.199 sigma=1.184 valid=1; C/5P:n=8 ab=+0.676 sigma=0.347 valid=1;
  phase-clock: G:ab=+0.2174m anchor=+0.1478m ares=+0.0697 innov=+0.0803 sigma=0.0486 sig=2 obs=11 raw=1 usable=1 streak=40 bad=0 reason=ok; C:ab=+7.9100m anchor=+7.8959m ares=+0.0141 innov=-0.0348 sigma=0.0525 sig=3 obs=30 raw=1 usable=1 streak=26 bad=0 reason=ok;
  phase-split: G/1C:n=5 frame=+17.8871cyc sigma=0.0360 resid=+16.7445 valid=1; G/5Q:n=6 frame=+16.0441cyc sigma=0.0604 resid=+15.1908 valid=1; C/1P:n=6 frame=+29.9232cyc sigma=0.0520 resid=-11.6440 valid=1; C/7I:n=1 frame=+0.0000cyc sigma=0.0000 resid=+0.0000 valid=0; C/2I:n=16 frame=+6.8733cyc sigma=0.0668 resid=-34.3160 valid=1; C/5P:n=8 frame=+0.0404cyc sigma=0.0720 resid=-31.0000 valid=1;
  b-only-phase-dryrun: cand=1 clockReady=1 residReady=1 symmetricReady=1 bridge=1/1 bridgeRms=0.1243cyc selfL=0.000000cyc/1
  b-only-bridge: state=acquiring/not-enough fixed=0 bridge=1/1 rms=0.1243cyc streak=0 bad=38

[BASE_2435536] RTCM 1005 - station / antenna (ARP in 1005/1006)
  RTCM 1005 (  22): staid=1660 pos=41.65636202 109.26890585 1687.780
  staid=1660  sta.name=1660  ITRF year=0
  ARP ECEF  X=-1575335.8898  Y=4506291.4555  Z=4218284.9796 (m)
  ARP LLH   lat=41.65636202 deg  lon=109.26890585 deg  h_ellip=1687.7799 m
VRS [ssr-com] :52000 TX=711B nv=25 | target=base-b | mode=union reason=ok extra=2 | baseline=1541.350m state=fixed/ok fixed=1 phase=23sv/42obs streak=49 bad=0 | vis A=1 B=1 common=27 | shadow A=1 B=1 union=25 | publish A=1 B=1 | clk_A=+9.592m(23sv) clk_B=+14.014m(23sv) d_clk=-4.422m | rms((eps_A-eps_B)/2)=2.646m | L: fix=42 float=0 drop=4 refSwap=0 codeDetrend=0.598m | brdc=163 ssrSat=103 ssrMsg=144 | obs=1 sta=1 err=0
  code-bias: G/1C:n=6 ab=+0.007 sigma=1.657 valid=1; G/5Q:n=6 ab=+0.484 sigma=0.656 valid=1; C/1P:n=8 ab=-0.063 sigma=1.681 valid=1; C/7I:n=1 ab=+0.000 sigma=0.000 valid=0; C/2I:n=17 ab=+8.105 sigma=1.120 valid=1; C/5P:n=8 ab=+0.693 sigma=0.413 valid=1;
  phase-clock: G:ab=+0.2371m anchor=+0.1867m ares=+0.0504 innov=-0.0193 sigma=0.0515 sig=2 obs=11 raw=1 usable=1 streak=41 bad=0 reason=ok; C:ab=+8.6360m anchor=+8.6580m ares=-0.0220 innov=-0.0362 sigma=0.0525 sig=3 obs=30 raw=1 usable=1 streak=27 bad=0 reason=ok;
  phase-split: G/1C:n=5 frame=+17.9752cyc sigma=0.0325 resid=+16.7293 valid=1; G/5Q:n=6 frame=+16.1325cyc sigma=0.0476 resid=+15.2022 valid=1; C/1P:n=6 frame=+30.0271cyc sigma=0.0476 resid=-15.3553 valid=1; C/7I:n=1 frame=+0.0000cyc sigma=0.0000 resid=+0.0000 valid=0; C/2I:n=16 frame=+6.9698cyc sigma=0.0587 resid=-38.0000 valid=1; C/5P:n=8 frame=+0.1282cyc sigma=0.0729 resid=-33.7613 valid=1;
  b-only-phase-dryrun: cand=1 clockReady=1 residReady=1 symmetricReady=1 bridge=1/1 bridgeRms=0.1187cyc selfL=0.000000cyc/1
  b-only-bridge: state=acquiring/not-enough fixed=0 bridge=1/1 rms=0.1187cyc streak=0 bad=39
VRS [ssr-com] :52000 TX=686B nv=25 | target=base-b | mode=union reason=ok extra=2 | baseline=1541.350m state=fixed/ok fixed=1 phase=23sv/43obs streak=50 bad=0 | vis A=1 B=1 common=27 | shadow A=1 B=1 union=25 | publish A=1 B=1 | clk_A=+9.994m(23sv) clk_B=+13.631m(23sv) d_clk=-3.637m | rms((eps_A-eps_B)/2)=2.119m | L: fix=43 float=0 drop=3 refSwap=0 codeDetrend=0.725m | brdc=163 ssrSat=103 ssrMsg=144 | obs=1 sta=0 err=0
  code-bias: G/1C:n=6 ab=+0.086 sigma=2.180 valid=1; G/5Q:n=6 ab=+0.497 sigma=0.665 valid=1; C/1P:n=8 ab=+0.948 sigma=2.487 valid=1; C/7I:n=1 ab=+0.000 sigma=0.000 valid=0; C/2I:n=17 ab=+7.719 sigma=0.843 valid=1; C/5P:n=8 ab=+0.714 sigma=0.474 valid=1;
  phase-clock: G:ab=+0.3575m anchor=+0.3354m ares=+0.0221 innov=-0.0283 sigma=0.0429 sig=2 obs=11 raw=1 usable=1 streak=42 bad=0 reason=ok; C:ab=+6.9389m anchor=+6.9384m ares=+0.0005 innov=+0.0225 sigma=0.0334 sig=3 obs=31 raw=1 usable=1 streak=28 bad=0 reason=ok;
  phase-split: G/1C:n=5 frame=+18.1044cyc sigma=0.0523 resid=+16.2256 valid=1; G/5Q:n=6 frame=+16.2346cyc sigma=0.0573 resid=+14.8316 valid=1; C/1P:n=6 frame=+30.1604cyc sigma=0.0498 resid=-6.3038 valid=1; C/7I:n=1 frame=+0.0000cyc sigma=0.0000 resid=+0.0000 valid=0; C/2I:n=17 frame=+7.1327cyc sigma=0.0730 resid=-29.0000 valid=1; C/5P:n=8 frame=+0.2391cyc sigma=0.0723 resid=-26.9906 valid=1;
  b-only-phase-dryrun: cand=1 clockReady=1 residReady=1 symmetricReady=1 bridge=1/1 bridgeRms=0.0947cyc selfL=0.000000cyc/1
  b-only-bridge: state=acquiring/not-enough fixed=0 bridge=1/1 rms=0.0947cyc streak=0 bad=40
VRS [ssr-com] :52000 TX=686B nv=25 | target=base-b | mode=union reason=ok extra=2 | baseline=1541.350m state=fixed/ok fixed=1 phase=23sv/41obs streak=51 bad=0 | vis A=1 B=1 common=27 | shadow A=1 B=1 union=25 | publish A=1 B=1 | clk_A=+9.594m(23sv) clk_B=+13.983m(23sv) d_clk=-4.388m | rms((eps_A-eps_B)/2)=2.424m | L: fix=41 float=0 drop=5 refSwap=0 codeDetrend=0.719m | brdc=163 ssrSat=103 ssrMsg=144 | obs=1 sta=0 err=0
  code-bias: G/1C:n=6 ab=+0.057 sigma=2.147 valid=1; G/5Q:n=6 ab=+0.536 sigma=0.638 valid=1; C/1P:n=8 ab=+0.574 sigma=2.285 valid=1; C/7I:n=1 ab=+0.000 sigma=0.000 valid=0; C/2I:n=17 ab=+7.800 sigma=1.045 valid=1; C/5P:n=8 ab=+0.738 sigma=0.582 valid=1;
  phase-clock: G:ab=+0.3743m anchor=+0.3735m ares=+0.0009 innov=-0.0213 sigma=0.0443 sig=2 obs=11 raw=1 usable=1 streak=43 bad=0 reason=ok; C:ab=+8.4825m anchor=+8.4032m ares=+0.0794 innov=+0.0789 sigma=0.0387 sig=3 obs=29 raw=1 usable=1 streak=29 bad=0 reason=ok;
  phase-split: G/1C:n=5 frame=+18.2001cyc sigma=0.0466 resid=+16.2329 valid=1; G/5Q:n=6 frame=+16.2950cyc sigma=0.0608 resid=+14.8261 valid=1; C/1P:n=4 frame=+30.2257cyc sigma=0.0465 resid=-14.3502 valid=1; C/7I:n=1 frame=+0.0000cyc sigma=0.0000 resid=+0.0000 valid=0; C/2I:n=17 frame=+7.2099cyc sigma=0.0678 resid=-36.9608 valid=1; C/5P:n=8 frame=+0.2872cyc sigma=0.0809 resid=-33.0000 valid=1;
  b-only-phase-dryrun: cand=1 clockReady=1 residReady=1 symmetricReady=1 bridge=1/1 bridgeRms=0.1137cyc selfL=0.000000cyc/1
  b-only-bridge: state=acquiring/not-enough fixed=0 bridge=1/1 rms=0.1137cyc streak=0 bad=41
VRS [ssr-com] :52000 TX=686B nv=25 | target=base-b | mode=union reason=ok extra=2 | baseline=1541.350m state=fixed/ok fixed=1 phase=23sv/44obs streak=52 bad=0 | vis A=1 B=1 common=27 | shadow A=1 B=1 union=25 | publish A=1 B=1 | clk_A=+9.707m(23sv) clk_B=+13.771m(23sv) d_clk=-4.064m | rms((eps_A-eps_B)/2)=2.267m | L: fix=44 float=0 drop=2 refSwap=0 codeDetrend=0.809m | brdc=163 ssrSat=103 ssrMsg=156 | obs=1 sta=0 err=0
  code-bias: G/1C:n=6 ab=-0.035 sigma=2.439 valid=1; G/5Q:n=6 ab=+0.495 sigma=0.621 valid=1; C/1P:n=8 ab=+0.677 sigma=2.694 valid=1; C/7I:n=1 ab=+0.000 sigma=0.000 valid=0; C/2I:n=17 ab=+7.798 sigma=1.006 valid=1; C/5P:n=8 ab=+0.744 sigma=0.748 valid=1;
  phase-clock: G:ab=+0.3807m anchor=+0.3869m ares=-0.0062 innov=-0.0071 sigma=0.0441 sig=2 obs=12 raw=1 usable=1 streak=44 bad=0 reason=ok; C:ab=+7.7282m anchor=+7.7415m ares=-0.0133 innov=-0.0926 sigma=0.0354 sig=3 obs=31 raw=1 usable=1 streak=30 bad=0 reason=ok;
  phase-split: G/1C:n=6 frame=+18.2322cyc sigma=0.0501 resid=+16.2317 valid=1; G/5Q:n=6 frame=+16.3209cyc sigma=0.0424 resid=+14.8270 valid=1; C/1P:n=6 frame=+30.2901cyc sigma=0.0573 resid=-10.3221 valid=1; C/7I:n=1 frame=+0.0000cyc sigma=0.0000 resid=+0.0000 valid=0; C/2I:n=17 frame=+7.2430cyc sigma=0.0676 resid=-33.0000 valid=1; C/5P:n=8 frame=+0.3291cyc sigma=0.0736 resid=-29.9982 valid=1;
  b-only-phase-dryrun: cand=1 clockReady=1 residReady=1 symmetricReady=1 bridge=1/1 bridgeRms=0.1127cyc selfL=0.000000cyc/1
  b-only-bridge: state=acquiring/not-enough fixed=0 bridge=1/1 rms=0.1127cyc streak=0 bad=42
VRS [ssr-com] :52000 TX=686B nv=25 | target=base-b | mode=union reason=ok extra=2 | baseline=1541.350m state=fixed/ok fixed=1 phase=23sv/43obs streak=53 bad=0 | vis A=1 B=1 common=27 | shadow A=1 B=1 union=25 | publish A=1 B=1 | clk_A=+9.898m(23sv) clk_B=+14.033m(23sv) d_clk=-4.135m | rms((eps_A-eps_B)/2)=2.262m | L: fix=43 float=0 drop=3 refSwap=0 codeDetrend=0.628m | brdc=163 ssrSat=103 ssrMsg=156 | obs=1 sta=0 err=0
  code-bias: G/1C:n=6 ab=+0.160 sigma=1.952 valid=1; G/5Q:n=6 ab=+0.535 sigma=0.653 valid=1; C/1P:n=8 ab=+0.169 sigma=2.013 valid=1; C/7I:n=1 ab=+0.000 sigma=0.000 valid=0; C/2I:n=17 ab=+7.890 sigma=0.652 valid=1; C/5P:n=8 ab=+0.734 sigma=0.863 valid=1;
  phase-clock: G:ab=+0.6148m anchor=+0.5354m ares=+0.0795 innov=+0.0857 sigma=0.0140 sig=2 obs=11 raw=1 usable=1 streak=45 bad=0 reason=ok; C:ab=+7.7385m anchor=+7.7347m ares=+0.0038 innov=+0.0171 sigma=0.0348 sig=3 obs=31 raw=1 usable=1 streak=31 bad=0 reason=ok;
  phase-split: G/1C:n=5 frame=+18.3044cyc sigma=0.0414 resid=+15.0734 valid=1; G/5Q:n=6 frame=+16.3580cyc sigma=0.0561 resid=+13.9452 valid=1; C/1P:n=6 frame=+30.3500cyc sigma=0.0567 resid=-10.3161 valid=1; C/7I:n=1 frame=+0.0000cyc sigma=0.0000 resid=+0.0000 valid=0; C/2I:n=17 frame=+7.3102cyc sigma=0.0768 resid=-32.9862 valid=1; C/5P:n=8 frame=+0.3675cyc sigma=0.0709 resid=-30.0000 valid=1;
  b-only-phase-dryrun: cand=1 clockReady=1 residReady=1 symmetricReady=1 bridge=1/1 bridgeRms=0.1094cyc selfL=0.000000cyc/1
  b-only-bridge: state=acquiring/not-enough fixed=0 bridge=1/1 rms=0.1094cyc streak=0 bad=43
VRS [ssr-com] :52000 TX=686B nv=25 | target=base-b | mode=union reason=ok extra=2 | baseline=1541.350m state=fixed/ok fixed=1 phase=23sv/43obs streak=54 bad=0 | vis A=1 B=1 common=27 | shadow A=1 B=1 union=25 | publish A=1 B=1 | clk_A=+9.555m(23sv) clk_B=+14.137m(23sv) d_clk=-4.582m | rms((eps_A-eps_B)/2)=2.460m | L: fix=43 float=1 drop=2 refSwap=0 codeDetrend=0.683m | brdc=163 ssrSat=103 ssrMsg=156 | obs=1 sta=0 err=0
  code-bias: G/1C:n=6 ab=+0.416 sigma=1.696 valid=1; G/5Q:n=6 ab=+0.530 sigma=0.654 valid=1; C/1P:n=8 ab=+0.144 sigma=1.993 valid=1; C/7I:n=1 ab=+0.000 sigma=0.000 valid=0; C/2I:n=17 ab=+8.031 sigma=1.217 valid=1; C/5P:n=8 ab=+0.759 sigma=0.952 valid=1;
  phase-clock: G:ab=+0.8578m anchor=+0.8195m ares=+0.0383 innov=-0.0412 sigma=0.0201 sig=2 obs=12 raw=1 usable=1 streak=46 bad=0 reason=ok; C:ab=+8.2714m anchor=+8.3445m ares=-0.0731 innov=-0.0769 sigma=0.0376 sig=3 obs=30 raw=1 usable=1 streak=32 bad=0 reason=ok;
  phase-split: G/1C:n=6 frame=+18.4021cyc sigma=0.0409 resid=+13.8945 valid=1; G/5Q:n=6 frame=+16.4448cyc sigma=0.0505 resid=+13.0788 valid=1; C/1P:n=6 frame=+30.4566cyc sigma=0.0531 resid=-13.0100 valid=1; C/7I:n=1 frame=+0.0000cyc sigma=0.0000 resid=+0.0000 valid=0; C/2I:n=16 frame=+7.4104cyc sigma=0.0616 resid=-35.6610 valid=1; C/5P:n=8 frame=+0.4588cyc sigma=0.0742 resid=-32.0000 valid=1;
  b-only-phase-dryrun: cand=1 clockReady=1 residReady=1 symmetricReady=1 bridge=1/1 bridgeRms=0.1078cyc selfL=0.000000cyc/1
  b-only-bridge: state=acquiring/not-enough fixed=0 bridge=1/1 rms=0.1078cyc streak=0 bad=44

[BASE_2435540] RTCM 1005 - station / antenna (ARP in 1005/1006)
  RTCM 1005 (  22): staid=1660 pos=41.66934573 109.27542652 1682.150
  staid=1660  sta.name=1660  ITRF year=0
  ARP ECEF  X=-1575530.8118  Y=4505203.0666  Z=4219358.8401 (m)
  ARP LLH   lat=41.66934573 deg  lon=109.27542652 deg  h_ellip=1682.1505 m
VRS [ssr-com] :52000 TX=686B nv=25 | target=base-b | mode=union reason=ok extra=2 | baseline=1541.350m state=fixed/ok fixed=1 phase=23sv/43obs streak=55 bad=0 | vis A=1 B=1 common=27 | shadow A=1 B=1 union=25 | publish A=1 B=1 | clk_A=+9.542m(23sv) clk_B=+14.143m(23sv) d_clk=-4.601m | rms((eps_A-eps_B)/2)=2.371m | L: fix=43 float=1 drop=2 refSwap=0 codeDetrend=0.519m | brdc=163 ssrSat=103 ssrMsg=156 | obs=1 sta=0 err=0
  code-bias: G/1C:n=6 ab=+0.611 sigma=1.709 valid=1; G/5Q:n=6 ab=+0.552 sigma=0.635 valid=1; C/1P:n=8 ab=+0.530 sigma=1.275 valid=1; C/7I:n=1 ab=+0.000 sigma=0.000 valid=0; C/2I:n=17 ab=+7.977 sigma=0.687 valid=1; C/5P:n=8 ab=+0.756 sigma=0.972 valid=1;
  phase-clock: G:ab=+0.9681m anchor=+0.9801m ares=-0.0120 innov=-0.0503 sigma=0.0759 sig=2 obs=12 raw=1 usable=1 streak=47 bad=0 reason=ok; C:ab=+8.2833m anchor=+8.2224m ares=+0.0609 innov=+0.1340 sigma=0.0712 sig=3 obs=30 raw=1 usable=1 streak=33 bad=0 reason=ok;
  phase-split: G/1C:n=6 frame=+18.4861cyc sigma=0.0465 resid=+13.3988 valid=1; G/5Q:n=6 frame=+16.5012cyc sigma=0.0548 resid=+12.7022 valid=1; C/1P:n=6 frame=+30.5354cyc sigma=0.0496 resid=-12.9938 valid=1; C/7I:n=1 frame=+0.0000cyc sigma=0.0000 resid=+0.0000 valid=0; C/2I:n=16 frame=+7.4916cyc sigma=0.0664 resid=-35.6418 valid=1; C/5P:n=8 frame=+0.5056cyc sigma=0.0800 resid=-32.0000 valid=1;
  b-only-phase-dryrun: cand=1 clockReady=1 residReady=1 symmetricReady=1 bridge=1/1 bridgeRms=0.1077cyc selfL=0.000000cyc/1
  b-only-bridge: state=acquiring/not-enough fixed=0 bridge=1/1 rms=0.1077cyc streak=0 bad=45
VRS [ssr-com] :52000 TX=686B nv=25 | target=base-b | mode=union reason=ok extra=2 | baseline=1541.350m state=fixed/ok fixed=1 phase=23sv/43obs streak=56 bad=0 | vis A=1 B=1 common=27 | shadow A=1 B=1 union=25 | publish A=1 B=1 | clk_A=+9.513m(23sv) clk_B=+14.229m(23sv) d_clk=-4.716m | rms((eps_A-eps_B)/2)=2.354m | L: fix=43 float=1 drop=2 refSwap=0 codeDetrend=0.565m | brdc=163 ssrSat=103 ssrMsg=156 | obs=1 sta=0 err=0
  code-bias: G/1C:n=6 ab=+0.591 sigma=1.568 valid=1; G/5Q:n=6 ab=+0.573 sigma=0.593 valid=1; C/1P:n=8 ab=+0.886 sigma=1.681 valid=1; C/7I:n=1 ab=+0.000 sigma=0.000 valid=0; C/2I:n=17 ab=+8.060 sigma=0.787 valid=1; C/5P:n=8 ab=+0.801 sigma=0.969 valid=1;
  phase-clock: G:ab=+0.9090m anchor=+0.9458m ares=-0.0369 innov=-0.0249 sigma=0.0206 sig=2 obs=12 raw=1 usable=1 streak=48 bad=0 reason=ok; C:ab=+8.5750m anchor=+8.4864m ares=+0.0886 innov=+0.0277 sigma=0.0377 sig=3 obs=30 raw=1 usable=1 streak=34 bad=0 reason=ok;
  phase-split: G/1C:n=6 frame=+18.6685cyc sigma=0.0318 resid=+13.8919 valid=1; G/5Q:n=6 frame=+16.6477cyc sigma=0.0495 resid=+13.0807 valid=1; C/1P:n=6 frame=+30.7196cyc sigma=0.0445 resid=-14.3423 valid=1; C/7I:n=1 frame=+0.0000cyc sigma=0.0000 resid=+0.0000 valid=0; C/2I:n=16 frame=+7.6709cyc sigma=0.0631 resid=-36.9814 valid=1; C/5P:n=8 frame=+0.6501cyc sigma=0.0720 resid=-33.0000 valid=1;
  b-only-phase-dryrun: cand=1 clockReady=1 residReady=1 symmetricReady=1 bridge=1/1 bridgeRms=0.1031cyc selfL=0.000000cyc/1
  b-only-bridge: state=acquiring/not-enough fixed=0 bridge=1/1 rms=0.1031cyc streak=0 bad=46
VRS [ssr-com] :52000 TX=686B nv=25 | target=base-b | mode=union reason=ok extra=2 | baseline=1541.350m state=fixed/ok fixed=1 phase=23sv/43obs streak=57 bad=0 | vis A=1 B=1 common=27 | shadow A=1 B=1 union=25 | publish A=1 B=1 | clk_A=+9.655m(23sv) clk_B=+14.177m(23sv) d_clk=-4.522m | rms((eps_A-eps_B)/2)=2.295m | L: fix=43 float=1 drop=2 refSwap=0 codeDetrend=0.580m | brdc=163 ssrSat=103 ssrMsg=168 | obs=1 sta=0 err=0
  code-bias: G/1C:n=6 ab=+0.615 sigma=1.847 valid=1; G/5Q:n=6 ab=+0.595 sigma=0.617 valid=1; C/1P:n=8 ab=+0.750 sigma=1.569 valid=1; C/7I:n=1 ab=+0.000 sigma=0.000 valid=0; C/2I:n=17 ab=+8.223 sigma=0.799 valid=1; C/5P:n=8 ab=+0.820 sigma=0.953 valid=1;
  phase-clock: G:ab=+0.9327m anchor=+0.9046m ares=+0.0281 innov=+0.0650 sigma=0.0194 sig=2 obs=12 raw=1 usable=1 streak=49 bad=0 reason=ok; C:ab=+8.1548m anchor=+8.1399m ares=+0.0149 innov=-0.0738 sigma=0.0535 sig=3 obs=30 raw=1 usable=1 streak=35 bad=0 reason=ok;
  phase-split: G/1C:n=6 frame=+18.7994cyc sigma=0.0505 resid=+13.8978 valid=1; G/5Q:n=6 frame=+16.7365cyc sigma=0.0519 resid=+13.0763 valid=1; C/1P:n=6 frame=+30.8536cyc sigma=0.0466 resid=-12.0000 valid=1; C/7I:n=1 frame=+0.0000cyc sigma=0.0000 resid=+0.0000 valid=0; C/2I:n=16 frame=+7.8016cyc sigma=0.0632 resid=-34.6624 valid=1; C/5P:n=8 frame=+0.7410cyc sigma=0.0767 resid=-31.2600 valid=1;
  b-only-phase-dryrun: cand=1 clockReady=1 residReady=1 symmetricReady=1 bridge=1/1 bridgeRms=0.0755cyc selfL=0.000000cyc/1
  b-only-bridge: state=acquiring/not-enough fixed=0 bridge=1/1 rms=0.0755cyc streak=0 bad=47
VRS [ssr-com] :52000 TX=686B nv=25 | target=base-b | mode=union reason=ok extra=2 | baseline=1541.350m state=fixed/ok fixed=1 phase=23sv/43obs streak=58 bad=0 | vis A=1 B=1 common=27 | shadow A=1 B=1 union=25 | publish A=1 B=1 | clk_A=+9.931m(23sv) clk_B=+13.678m(23sv) d_clk=-3.748m | rms((eps_A-eps_B)/2)=1.928m | L: fix=43 float=1 drop=2 refSwap=0 codeDetrend=0.620m | brdc=163 ssrSat=103 ssrMsg=168 | obs=1 sta=0 err=0
  code-bias: G/1C:n=6 ab=+0.568 sigma=1.801 valid=1; G/5Q:n=6 ab=+0.554 sigma=0.603 valid=1; C/1P:n=8 ab=+0.345 sigma=1.767 valid=1; C/7I:n=1 ab=+0.000 sigma=0.000 valid=0; C/2I:n=17 ab=+8.203 sigma=0.976 valid=1; C/5P:n=8 ab=+0.802 sigma=0.892 valid=1;
  phase-clock: G:ab=+0.9450m anchor=+0.8647m ares=+0.0803 innov=+0.0522 sigma=0.0213 sig=2 obs=12 raw=1 usable=1 streak=50 bad=0 reason=ok; C:ab=+6.6457m anchor=+6.6303m ares=+0.0154 innov=+0.0005 sigma=0.0509 sig=3 obs=30 raw=1 usable=1 streak=36 bad=0 reason=ok;
  phase-split: G/1C:n=6 frame=+18.8539cyc sigma=0.0417 resid=+13.8880 valid=1; G/5Q:n=6 frame=+16.7919cyc sigma=0.0526 resid=+13.0836 valid=1; C/1P:n=6 frame=+30.9236cyc sigma=0.0536 resid=-4.0000 valid=1; C/7I:n=1 frame=+0.0000cyc sigma=0.0000 resid=+0.0000 valid=0; C/2I:n=16 frame=+7.8736cyc sigma=0.0623 resid=-26.7325 valid=1; C/5P:n=8 frame=+0.7978cyc sigma=0.0780 resid=-25.2815 valid=1;
  b-only-phase-dryrun: cand=1 clockReady=1 residReady=1 symmetricReady=1 bridge=1/1 bridgeRms=0.0588cyc selfL=0.000000cyc/1
  b-only-bridge: state=acquiring/not-enough fixed=0 bridge=1/1 rms=0.0588cyc streak=0 bad=48

[BASE_2435536] RTCM 1005 - station / antenna (ARP in 1005/1006)
  RTCM 1005 (  22): staid=1660 pos=41.65636202 109.26890585 1687.780
  staid=1660  sta.name=1660  ITRF year=0
  ARP ECEF  X=-1575335.8898  Y=4506291.4555  Z=4218284.9796 (m)
  ARP LLH   lat=41.65636202 deg  lon=109.26890585 deg  h_ellip=1687.7799 m
VRS [ssr-com] :52000 TX=711B nv=25 | target=base-b | mode=union reason=ok extra=2 | baseline=1541.350m state=fixed/ok fixed=1 phase=23sv/43obs streak=59 bad=0 | vis A=1 B=1 common=27 | shadow A=1 B=1 union=25 | publish A=1 B=1 | clk_A=+9.588m(23sv) clk_B=+14.190m(23sv) d_clk=-4.602m | rms((eps_A-eps_B)/2)=2.274m | L: fix=43 float=1 drop=2 refSwap=0 codeDetrend=0.738m | brdc=163 ssrSat=103 ssrMsg=168 | obs=1 sta=1 err=0
  code-bias: G/1C:n=6 ab=+0.539 sigma=1.820 valid=1; G/5Q:n=6 ab=+0.567 sigma=0.633 valid=1; C/1P:n=8 ab=+0.706 sigma=2.584 valid=1; C/7I:n=1 ab=+0.000 sigma=0.000 valid=0; C/2I:n=17 ab=+8.467 sigma=0.988 valid=1; C/5P:n=8 ab=+0.848 sigma=0.854 valid=1;
  phase-clock: G:ab=+0.9651m anchor=+0.9694m ares=-0.0043 innov=-0.0846 sigma=0.0193 sig=2 obs=12 raw=1 usable=1 streak=51 bad=0 reason=ok; C:ab=+8.1883m anchor=+8.2347m ares=-0.0464 innov=-0.0618 sigma=0.0540 sig=3 obs=30 raw=1 usable=1 streak=37 bad=0 reason=ok;
  phase-split: G/1C:n=6 frame=+18.9700cyc sigma=0.0338 resid=+13.8986 valid=1; G/5Q:n=6 frame=+16.8628cyc sigma=0.0534 resid=+13.0757 valid=1; C/1P:n=6 frame=+31.0298cyc sigma=0.0517 resid=-12.0000 valid=1; C/7I:n=1 frame=+0.0000cyc sigma=0.0000 resid=+0.0000 valid=0; C/2I:n=16 frame=+7.9753cyc sigma=0.0617 resid=-34.6633 valid=1; C/5P:n=8 frame=+0.8678cyc sigma=0.0692 resid=-31.2648 valid=1;
  b-only-phase-dryrun: cand=1 clockReady=1 residReady=1 symmetricReady=1 bridge=1/1 bridgeRms=0.0756cyc selfL=0.000000cyc/1
  b-only-bridge: state=acquiring/not-enough fixed=0 bridge=1/1 rms=0.0756cyc streak=0 bad=49
VRS [ssr-com] :52000 TX=686B nv=25 | target=base-b | mode=union reason=ok extra=2 | baseline=1541.350m state=fixed/ok fixed=1 phase=23sv/43obs streak=60 bad=0 | vis A=1 B=1 common=27 | shadow A=1 B=1 union=25 | publish A=1 B=1 | clk_A=+9.691m(23sv) clk_B=+14.247m(23sv) d_clk=-4.557m | rms((eps_A-eps_B)/2)=2.341m | L: fix=43 float=1 drop=2 refSwap=0 codeDetrend=0.597m | brdc=163 ssrSat=103 ssrMsg=168 | obs=1 sta=0 err=0
  code-bias: G/1C:n=6 ab=+0.510 sigma=1.696 valid=1; G/5Q:n=6 ab=+0.589 sigma=0.639 valid=1; C/1P:n=8 ab=+0.137 sigma=1.811 valid=1; C/7I:n=1 ab=+0.000 sigma=0.000 valid=0; C/2I:n=17 ab=+8.364 sigma=0.898 valid=1; C/5P:n=8 ab=+0.857 sigma=0.754 valid=1;
  phase-clock: G:ab=+0.9846m anchor=+0.9596m ares=+0.0250 innov=+0.0293 sigma=0.0212 sig=2 obs=12 raw=1 usable=1 streak=52 bad=0 reason=ok; C:ab=+8.1423m anchor=+8.1541m ares=-0.0118 innov=+0.0345 sigma=0.0509 sig=3 obs=30 raw=1 usable=1 streak=38 bad=0 reason=ok;
  phase-split: G/1C:n=6 frame=+19.0625cyc sigma=0.0341 resid=+13.8886 valid=1; G/5Q:n=6 frame=+16.9469cyc sigma=0.0535 resid=+13.0832 valid=1; C/1P:n=6 frame=+31.1096cyc sigma=0.0507 resid=-11.6784 valid=1; C/7I:n=1 frame=+0.0000cyc sigma=0.0000 resid=+0.0000 valid=0; C/2I:n=16 frame=+8.0685cyc sigma=0.0577 resid=-34.3305 valid=1; C/5P:n=8 frame=+0.9520cyc sigma=0.0804 resid=-31.0000 valid=1;
  b-only-phase-dryrun: cand=1 clockReady=1 residReady=1 symmetricReady=1 bridge=1/1 bridgeRms=0.0874cyc selfL=0.000000cyc/1
  b-only-bridge: state=acquiring/not-enough fixed=0 bridge=1/1 rms=0.0874cyc streak=0 bad=50
VRS [ssr-com] :52000 TX=686B nv=25 | target=base-b | mode=union reason=ok extra=2 | baseline=1541.350m state=fixed/ok fixed=1 phase=23sv/43obs streak=61 bad=0 | vis A=1 B=1 common=27 | shadow A=1 B=1 union=25 | publish A=1 B=1 | clk_A=+9.563m(23sv) clk_B=+13.940m(23sv) d_clk=-4.377m | rms((eps_A-eps_B)/2)=2.172m | L: fix=43 float=1 drop=2 refSwap=0 codeDetrend=0.609m | brdc=163 ssrSat=103 ssrMsg=169 | obs=1 sta=0 err=0
  code-bias: G/1C:n=6 ab=+0.659 sigma=1.649 valid=1; G/5Q:n=6 ab=+0.589 sigma=0.600 valid=1; C/1P:n=8 ab=+0.130 sigma=1.873 valid=1; C/7I:n=1 ab=+0.000 sigma=0.000 valid=0; C/2I:n=17 ab=+8.249 sigma=1.003 valid=1; C/5P:n=8 ab=+0.858 sigma=0.629 valid=1;
  phase-clock: G:ab=+1.2074m anchor=+1.1414m ares=+0.0659 innov=+0.0409 sigma=0.0529 sig=2 obs=12 raw=1 usable=1 streak=53 bad=0 reason=ok; C:ab=+7.6335m anchor=+7.6118m ares=+0.0217 innov=+0.0335 sigma=0.0360 sig=3 obs=30 raw=1 usable=1 streak=39 bad=0 reason=ok;
  phase-split: G/1C:n=6 frame=+19.0669cyc sigma=0.0337 resid=+12.7222 valid=1; G/5Q:n=6 frame=+16.9454cyc sigma=0.0447 resid=+12.2075 valid=1; C/1P:n=6 frame=+31.1144cyc sigma=0.0516 resid=-9.0000 valid=1; C/7I:n=1 frame=+0.0000cyc sigma=0.0000 resid=+0.0000 valid=0; C/2I:n=16 frame=+8.0738cyc sigma=0.0644 resid=-31.6759 valid=1; C/5P:n=8 frame=+0.9420cyc sigma=0.0847 resid=-29.0136 valid=1;
  b-only-phase-dryrun: cand=1 clockReady=1 residReady=1 symmetricReady=1 bridge=1/1 bridgeRms=0.0754cyc selfL=0.000000cyc/1
  b-only-bridge: state=acquiring/not-enough fixed=0 bridge=1/1 rms=0.0754cyc streak=0 bad=51
VRS [ssr-com] :52000 TX=686B nv=25 | target=base-b | mode=union reason=ok extra=2 | baseline=1541.350m state=fixed/ok fixed=1 phase=23sv/43obs streak=62 bad=0 | vis A=1 B=1 common=27 | shadow A=1 B=1 union=25 | publish A=1 B=1 | clk_A=+9.595m(23sv) clk_B=+14.284m(23sv) d_clk=-4.689m | rms((eps_A-eps_B)/2)=2.240m | L: fix=43 float=1 drop=2 refSwap=0 codeDetrend=0.737m | brdc=163 ssrSat=103 ssrMsg=180 | obs=1 sta=0 err=0
  code-bias: G/1C:n=6 ab=+0.800 sigma=1.601 valid=1; G/5Q:n=6 ab=+0.608 sigma=0.612 valid=1; C/1P:n=8 ab=-0.114 sigma=2.913 valid=1; C/7I:n=1 ab=+0.000 sigma=0.000 valid=0; C/2I:n=17 ab=+8.230 sigma=0.774 valid=1; C/5P:n=8 ab=+0.861 sigma=0.508 valid=1;
  phase-clock: G:ab=+1.3181m anchor=+1.3137m ares=+0.0044 innov=-0.0615 sigma=0.0426 sig=2 obs=12 raw=1 usable=1 streak=54 bad=0 reason=ok; C:ab=+8.0951m anchor=+8.0645m ares=+0.0306 innov=+0.0089 sigma=0.0506 sig=3 obs=30 raw=1 usable=1 streak=40 bad=0 reason=ok;
  phase-split: G/1C:n=6 frame=+19.1505cyc sigma=0.0364 resid=+12.2238 valid=1; G/5Q:n=6 frame=+17.0054cyc sigma=0.0545 resid=+11.8329 valid=1; C/1P:n=6 frame=+31.2056cyc sigma=0.0519 resid=-11.3343 valid=1; C/7I:n=1 frame=+0.0000cyc sigma=0.0000 resid=+0.0000 valid=0; C/2I:n=16 frame=+8.1532cyc sigma=0.0675 resid=-34.0000 valid=1; C/5P:n=8 frame=+1.0031cyc sigma=0.0829 resid=-30.7637 valid=1;
  b-only-phase-dryrun: cand=1 clockReady=1 residReady=1 symmetricReady=1 bridge=1/1 bridgeRms=0.0711cyc selfL=0.000000cyc/1
  b-only-bridge: state=acquiring/not-enough fixed=0 bridge=1/1 rms=0.0711cyc streak=0 bad=52
VRS [ssr-com] :52000 TX=686B nv=25 | target=base-b | mode=union reason=ok extra=2 | baseline=1541.350m state=fixed/ok fixed=1 phase=23sv/43obs streak=63 bad=0 | vis A=1 B=1 common=27 | shadow A=1 B=1 union=25 | publish A=1 B=1 | clk_A=+9.416m(23sv) clk_B=+13.193m(23sv) d_clk=-3.778m | rms((eps_A-eps_B)/2)=1.854m | L: fix=43 float=1 drop=2 refSwap=0 codeDetrend=0.594m | brdc=163 ssrSat=103 ssrMsg=180 | obs=1 sta=0 err=0
  code-bias: G/1C:n=6 ab=+0.815 sigma=1.515 valid=1; G/5Q:n=6 ab=+0.680 sigma=0.664 valid=1; C/1P:n=8 ab=+0.118 sigma=1.543 valid=1; C/7I:n=1 ab=+0.000 sigma=0.000 valid=0; C/2I:n=17 ab=+7.968 sigma=1.252 valid=1; C/5P:n=8 ab=+0.882 sigma=0.409 valid=1;
  phase-clock: G:ab=+1.4472m anchor=+1.4162m ares=+0.0310 innov=+0.0266 sigma=0.0836 sig=2 obs=12 raw=1 usable=1 streak=55 bad=0 reason=ok; C:ab=+6.1315m anchor=+6.1393m ares=-0.0078 innov=-0.0384 sigma=0.0259 sig=3 obs=30 raw=1 usable=1 streak=41 bad=0 reason=ok;
  phase-split: G/1C:n=6 frame=+19.1656cyc sigma=0.0380 resid=+11.5606 valid=1; G/5Q:n=6 frame=+17.0071cyc sigma=0.0563 resid=+11.3281 valid=1; C/1P:n=6 frame=+31.2211cyc sigma=0.0552 resid=-1.0000 valid=1; C/7I:n=1 frame=+0.0000cyc sigma=0.0000 resid=+0.0000 valid=0; C/2I:n=16 frame=+8.1531cyc sigma=0.0621 resid=-23.7751 valid=1; C/5P:n=8 frame=+1.0148cyc sigma=0.0784 resid=-23.0464 valid=1;
  b-only-phase-dryrun: cand=1 clockReady=1 residReady=1 symmetricReady=1 bridge=1/1 bridgeRms=0.0908cyc selfL=0.000000cyc/1
  b-only-bridge: state=acquiring/not-enough fixed=0 bridge=1/1 rms=0.0908cyc streak=0 bad=53
VRS [ssr-com] :52000 TX=686B nv=25 | target=base-b | mode=union reason=ok extra=2 | baseline=1541.350m state=fixed/ok fixed=1 phase=23sv/43obs streak=64 bad=0 | vis A=1 B=1 common=27 | shadow A=1 B=1 union=25 | publish A=1 B=1 | clk_A=+9.493m(23sv) clk_B=+14.322m(23sv) d_clk=-4.829m | rms((eps_A-eps_B)/2)=2.210m | L: fix=43 float=1 drop=2 refSwap=0 codeDetrend=0.730m | brdc=163 ssrSat=103 ssrMsg=180 | obs=1 sta=0 err=0
  code-bias: G/1C:n=6 ab=+0.826 sigma=1.611 valid=1; G/5Q:n=6 ab=+0.672 sigma=0.680 valid=1; C/1P:n=8 ab=+0.877 sigma=2.810 valid=1; C/7I:n=1 ab=+0.000 sigma=0.000 valid=0; C/2I:n=17 ab=+8.140 sigma=0.887 valid=1; C/5P:n=8 ab=+0.888 sigma=0.345 valid=1;
  phase-clock: G:ab=+1.5431m anchor=+1.5830m ares=-0.0399 innov=-0.0709 sigma=0.0099 sig=2 obs=12 raw=1 usable=1 streak=56 bad=0 reason=ok; C:ab=+8.0977m anchor=+8.0749m ares=+0.0229 innov=+0.0307 sigma=0.0509 sig=3 obs=30 raw=1 usable=1 streak=42 bad=0 reason=ok;
  phase-split: G/1C:n=6 frame=+19.1608cyc sigma=0.0446 resid=+11.0519 valid=1; G/5Q:n=6 frame=+17.0166cyc sigma=0.0503 resid=+10.9612 valid=1; C/1P:n=6 frame=+31.2253cyc sigma=0.0564 resid=-11.3285 valid=1; C/7I:n=1 frame=+0.0000cyc sigma=0.0000 resid=+0.0000 valid=0; C/2I:n=16 frame=+8.1670cyc sigma=0.0603 resid=-34.0000 valid=1; C/5P:n=8 frame=+1.0211cyc sigma=0.0729 resid=-30.7561 valid=1;
  b-only-phase-dryrun: cand=1 clockReady=1 residReady=1 symmetricReady=1 bridge=1/1 bridgeRms=0.0700cyc selfL=0.000000cyc/1
  b-only-bridge: state=acquiring/not-enough fixed=0 bridge=1/1 rms=0.0700cyc streak=0 bad=54

[BASE_2435540] RTCM 1005 - station / antenna (ARP in 1005/1006)
  RTCM 1005 (  22): staid=1660 pos=41.66934573 109.27542652 1682.150
  staid=1660  sta.name=1660  ITRF year=0
  ARP ECEF  X=-1575530.8118  Y=4505203.0666  Z=4219358.8401 (m)
  ARP LLH   lat=41.66934573 deg  lon=109.27542652 deg  h_ellip=1682.1505 m
VRS [ssr-com] :52000 TX=686B nv=25 | target=base-b | mode=union reason=ok extra=2 | baseline=1541.350m state=fixed/ok fixed=1 phase=23sv/43obs streak=65 bad=0 | vis A=1 B=1 common=27 | shadow A=1 B=1 union=25 | publish A=1 B=1 | clk_A=+9.444m(23sv) clk_B=+14.080m(23sv) d_clk=-4.636m | rms((eps_A-eps_B)/2)=2.196m | L: fix=43 float=1 drop=2 refSwap=0 codeDetrend=0.634m | brdc=163 ssrSat=103 ssrMsg=180 | obs=1 sta=0 err=0
  code-bias: G/1C:n=6 ab=+0.887 sigma=1.630 valid=1; G/5Q:n=6 ab=+0.745 sigma=0.672 valid=1; C/1P:n=8 ab=-0.404 sigma=2.040 valid=1; C/7I:n=1 ab=+0.000 sigma=0.000 valid=0; C/2I:n=17 ab=+8.229 sigma=1.062 valid=1; C/5P:n=8 ab=+0.878 sigma=0.372 valid=1;
  phase-clock: G:ab=+1.7970m anchor=+1.8408m ares=-0.0438 innov=-0.0039 sigma=0.0220 sig=2 obs=12 raw=1 usable=1 streak=57 bad=0 reason=ok; C:ab=+7.4275m anchor=+7.4311m ares=-0.0035 innov=-0.0264 sigma=0.0545 sig=3 obs=30 raw=1 usable=1 streak=43 bad=0 reason=ok;
  phase-split: G/1C:n=6 frame=+19.3277cyc sigma=0.0440 resid=+9.8846 valid=1; G/5Q:n=6 frame=+17.1378cyc sigma=0.0447 resid=+10.0862 valid=1; C/1P:n=6 frame=+31.3845cyc sigma=0.0486 resid=-7.6474 valid=1; C/7I:n=1 frame=+0.0000cyc sigma=0.0000 resid=+0.0000 valid=0; C/2I:n=16 frame=+8.3315cyc sigma=0.0620 resid=-30.3456 valid=1; C/5P:n=8 frame=+1.1472cyc sigma=0.0729 resid=-28.0000 valid=1;
  b-only-phase-dryrun: cand=1 clockReady=1 residReady=1 symmetricReady=1 bridge=1/1 bridgeRms=0.0672cyc selfL=0.000000cyc/1
  b-only-bridge: state=acquiring/not-enough fixed=0 bridge=1/1 rms=0.0672cyc streak=0 bad=55
VRS [ssr-com] :52000 TX=686B nv=25 | target=base-b | mode=union reason=ok extra=2 | baseline=1541.350m state=fixed/ok fixed=1 phase=23sv/43obs streak=66 bad=0 | vis A=1 B=1 common=27 | shadow A=1 B=1 union=25 | publish A=1 B=1 | clk_A=+8.919m(23sv) clk_B=+14.480m(23sv) d_clk=-5.560m | rms((eps_A-eps_B)/2)=2.648m | L: fix=43 float=1 drop=2 refSwap=0 codeDetrend=0.677m | brdc=163 ssrSat=103 ssrMsg=180 | obs=1 sta=0 err=0
  code-bias: G/1C:n=6 ab=+0.733 sigma=1.865 valid=1; G/5Q:n=6 ab=+0.710 sigma=0.679 valid=1; C/1P:n=8 ab=+0.462 sigma=1.979 valid=1; C/7I:n=1 ab=+0.000 sigma=0.000 valid=0; C/2I:n=17 ab=+8.164 sigma=1.242 valid=1; C/5P:n=8 ab=+0.799 sigma=0.397 valid=1;
  phase-clock: G:ab=+1.9514m anchor=+1.9663m ares=-0.0149 innov=+0.0289 sigma=0.0535 sig=2 obs=12 raw=1 usable=1 streak=58 bad=0 reason=ok; C:ab=+9.1421m anchor=+9.1545m ares=-0.0123 innov=-0.0088 sigma=0.0416 sig=3 obs=30 raw=1 usable=1 streak=44 bad=0 reason=ok;
  phase-split: G/1C:n=6 frame=+18.9734cyc sigma=0.0432 resid=+8.7187 valid=1; G/5Q:n=6 frame=+16.8678cyc sigma=0.0481 resid=+9.2101 valid=1; C/1P:n=6 frame=+31.0203cyc sigma=0.0483 resid=-17.0220 valid=1; C/7I:n=1 frame=+0.0000cyc sigma=0.0000 resid=+0.0000 valid=0; C/2I:n=16 frame=+7.9798cyc sigma=0.0579 resid=-39.6257 valid=1; C/5P:n=8 frame=+0.8757cyc sigma=0.0749 resid=-35.0000 valid=1;
  b-only-phase-dryrun: cand=1 clockReady=1 residReady=1 symmetricReady=1 bridge=1/1 bridgeRms=0.0824cyc selfL=0.000000cyc/1
  b-only-bridge: state=acquiring/not-enough fixed=0 bridge=1/1 rms=0.0824cyc streak=0 bad=56
VRS [ssr-com] :52000 TX=686B nv=25 | target=base-b | mode=union reason=ok extra=2 | baseline=1541.350m state=fixed/ok fixed=1 phase=23sv/43obs streak=67 bad=0 | vis A=1 B=1 common=27 | shadow A=1 B=1 union=25 | publish A=1 B=1 | clk_A=+9.472m(23sv) clk_B=+14.409m(23sv) d_clk=-4.937m | rms((eps_A-eps_B)/2)=2.180m | L: fix=43 float=1 drop=2 refSwap=0 codeDetrend=0.616m | brdc=163 ssrSat=103 ssrMsg=192 | obs=1 sta=0 err=0
  code-bias: G/1C:n=6 ab=+0.737 sigma=1.706 valid=1; G/5Q:n=6 ab=+0.684 sigma=0.677 valid=1; C/1P:n=8 ab=+1.122 sigma=1.852 valid=1; C/7I:n=1 ab=+0.000 sigma=0.000 valid=0; C/2I:n=17 ab=+8.105 sigma=1.072 valid=1; C/5P:n=8 ab=+0.808 sigma=0.368 valid=1;
  phase-clock: G:ab=+2.0213m anchor=+2.0631m ares=-0.0417 innov=-0.0268 sigma=0.0408 sig=2 obs=12 raw=1 usable=1 streak=59 bad=0 reason=ok; C:ab=+7.8439m anchor=+7.8111m ares=+0.0328 innov=+0.0452 sigma=0.0359 sig=3 obs=30 raw=1 usable=1 streak=45 bad=0 reason=ok;
  phase-split: G/1C:n=6 frame=+18.8366cyc sigma=0.0474 resid=+8.2144 valid=1; G/5Q:n=6 frame=+16.7720cyc sigma=0.0438 resid=+8.8399 valid=1; C/1P:n=6 frame=+30.8933cyc sigma=0.0501 resid=-10.3266 valid=1; C/7I:n=1 frame=+0.0000cyc sigma=0.0000 resid=+0.0000 valid=0; C/2I:n=16 frame=+7.8491cyc sigma=0.0630 resid=-32.9961 valid=1; C/5P:n=8 frame=+0.7811cyc sigma=0.0750 resid=-30.0000 valid=1;
  b-only-phase-dryrun: cand=1 clockReady=1 residReady=1 symmetricReady=1 bridge=1/1 bridgeRms=0.0936cyc selfL=0.000000cyc/1
  b-only-bridge: state=acquiring/not-enough fixed=0 bridge=1/1 rms=0.0936cyc streak=0 bad=57
VRS [ssr-com] :52000 TX=686B nv=25 | target=base-b | mode=union reason=ok extra=2 | baseline=1541.350m state=fixed/ok fixed=1 phase=23sv/43obs streak=68 bad=0 | vis A=1 B=1 common=27 | shadow A=1 B=1 union=25 | publish A=1 B=1 | clk_A=+9.465m(23sv) clk_B=+14.541m(23sv) d_clk=-5.076m | rms((eps_A-eps_B)/2)=2.347m | L: fix=43 float=1 drop=2 refSwap=0 codeDetrend=0.623m | brdc=163 ssrSat=103 ssrMsg=192 | obs=1 sta=0 err=0
  code-bias: G/1C:n=6 ab=+0.724 sigma=1.640 valid=1; G/5Q:n=6 ab=+0.667 sigma=0.697 valid=1; C/1P:n=8 ab=+0.482 sigma=1.538 valid=1; C/7I:n=1 ab=+0.000 sigma=0.000 valid=0; C/2I:n=17 ab=+8.107 sigma=1.350 valid=1; C/5P:n=8 ab=+0.818 sigma=0.329 valid=1;
  phase-clock: G:ab=+1.9940m anchor=+2.0251m ares=-0.0311 innov=+0.0106 sigma=0.0412 sig=2 obs=12 raw=1 usable=1 streak=60 bad=0 reason=ok; C:ab=+8.1357m anchor=+8.1273m ares=+0.0084 innov=-0.0245 sigma=0.0535 sig=3 obs=30 raw=1 usable=1 streak=46 bad=0 reason=ok;
  phase-split: G/1C:n=6 frame=+18.6952cyc sigma=0.0386 resid=+8.2167 valid=1; G/5Q:n=6 frame=+16.6630cyc sigma=0.0449 resid=+8.8382 valid=1; C/1P:n=6 frame=+30.7533cyc sigma=0.0547 resid=-12.0000 valid=1; C/7I:n=1 frame=+0.0000cyc sigma=0.0000 resid=+0.0000 valid=0; C/2I:n=16 frame=+7.7104cyc sigma=0.0674 resid=-34.6543 valid=1; C/5P:n=8 frame=+0.6720cyc sigma=0.0798 resid=-31.2542 valid=1;
  b-only-phase-dryrun: cand=1 clockReady=1 residReady=1 symmetricReady=1 bridge=1/1 bridgeRms=0.0853cyc selfL=0.000000cyc/1
  b-only-bridge: state=acquiring/not-enough fixed=0 bridge=1/1 rms=0.0853cyc streak=0 bad=58

[BASE_2435536] RTCM 1005 - station / antenna (ARP in 1005/1006)
  RTCM 1005 (  22): staid=1660 pos=41.65636202 109.26890585 1687.780
  staid=1660  sta.name=1660  ITRF year=0
  ARP ECEF  X=-1575335.8898  Y=4506291.4555  Z=4218284.9796 (m)
  ARP LLH   lat=41.65636202 deg  lon=109.26890585 deg  h_ellip=1687.7799 m
VRS [ssr-com] :52000 TX=711B nv=25 | target=base-b | mode=union reason=ok extra=2 | baseline=1541.350m state=fixed/ok fixed=1 phase=23sv/43obs streak=69 bad=0 | vis A=1 B=1 common=27 | shadow A=1 B=1 union=25 | publish A=1 B=1 | clk_A=+9.543m(23sv) clk_B=+14.543m(23sv) d_clk=-5.001m | rms((eps_A-eps_B)/2)=2.249m | L: fix=43 float=1 drop=2 refSwap=0 codeDetrend=0.555m | brdc=163 ssrSat=103 ssrMsg=192 | obs=1 sta=1 err=0
  code-bias: G/1C:n=6 ab=+0.692 sigma=1.330 valid=1; G/5Q:n=6 ab=+0.623 sigma=0.696 valid=1; C/1P:n=8 ab=+0.593 sigma=1.179 valid=1; C/7I:n=1 ab=+0.000 sigma=0.000 valid=0; C/2I:n=17 ab=+7.783 sigma=1.331 valid=1; C/5P:n=8 ab=+0.924 sigma=0.313 valid=1;
  phase-clock: G:ab=+2.1593m anchor=+2.0970m ares=+0.0623 innov=+0.0935 sigma=0.0114 sig=2 obs=12 raw=1 usable=1 streak=61 bad=0 reason=ok; C:ab=+7.9532m anchor=+7.9046m ares=+0.0486 innov=+0.0402 sigma=0.0515 sig=3 obs=30 raw=1 usable=1 streak=47 bad=0 reason=ok;
  phase-split: G/1C:n=6 frame=+18.4071cyc sigma=0.0383 resid=+7.0597 valid=1; G/5Q:n=6 frame=+16.4292cyc sigma=0.0387 resid=+7.9554 valid=1; C/1P:n=6 frame=+30.4599cyc sigma=0.0516 resid=-11.3346 valid=1; C/7I:n=1 frame=+0.0000cyc sigma=0.0000 resid=+0.0000 valid=0; C/2I:n=16 frame=+7.4146cyc sigma=0.0561 resid=-34.0000 valid=1; C/5P:n=8 frame=+0.4557cyc sigma=0.0756 resid=-30.7545 valid=1;
  b-only-phase-dryrun: cand=1 clockReady=1 residReady=1 symmetricReady=1 bridge=1/1 bridgeRms=0.0947cyc selfL=0.000000cyc/1
  b-only-bridge: state=acquiring/not-enough fixed=0 bridge=1/1 rms=0.0947cyc streak=0 bad=59
VRS [ssr-com] :52000 TX=686B nv=25 | target=base-b | mode=union reason=ok extra=2 | baseline=1541.350m state=fixed/ok fixed=1 phase=23sv/43obs streak=70 bad=0 | vis A=1 B=1 common=27 | shadow A=1 B=1 union=25 | publish A=1 B=1 | clk_A=+9.302m(23sv) clk_B=+14.481m(23sv) d_clk=-5.180m | rms((eps_A-eps_B)/2)=2.321m | L: fix=43 float=1 drop=2 refSwap=0 codeDetrend=0.557m | brdc=163 ssrSat=103 ssrMsg=192 | obs=1 sta=0 err=0
  code-bias: G/1C:n=6 ab=+0.652 sigma=1.270 valid=1; G/5Q:n=6 ab=+0.650 sigma=0.678 valid=1; C/1P:n=8 ab=+0.587 sigma=1.559 valid=1; C/7I:n=1 ab=+0.000 sigma=0.000 valid=0; C/2I:n=17 ab=+7.778 sigma=1.147 valid=1; C/5P:n=8 ab=+0.906 sigma=0.434 valid=1;
  phase-clock: G:ab=+2.1387m anchor=+2.1447m ares=-0.0060 innov=-0.0684 sigma=0.0098 sig=2 obs=12 raw=1 usable=1 streak=62 bad=0 reason=ok; C:ab=+8.2495m anchor=+8.2148m ares=+0.0347 innov=-0.0139 sigma=0.0724 sig=3 obs=30 raw=1 usable=1 streak=48 bad=0 reason=ok;
  phase-split: G/1C:n=6 frame=+18.2905cyc sigma=0.0366 resid=+7.0516 valid=1; G/5Q:n=6 frame=+16.3541cyc sigma=0.0459 resid=+7.9614 valid=1; C/1P:n=6 frame=+30.3512cyc sigma=0.0509 resid=-13.0000 valid=1; C/7I:n=1 frame=+0.0000cyc sigma=0.0000 resid=+0.0000 valid=0; C/2I:n=16 frame=+7.3041cyc sigma=0.0638 resid=-35.6529 valid=1; C/5P:n=8 frame=+0.3732cyc sigma=0.0766 resid=-31.9994 valid=1;
  b-only-phase-dryrun: cand=1 clockReady=1 residReady=1 symmetricReady=1 bridge=1/1 bridgeRms=0.0922cyc selfL=0.000000cyc/1
  b-only-bridge: state=acquiring/not-enough fixed=0 bridge=1/1 rms=0.0922cyc streak=0 bad=60
VRS [ssr-com] :52000 TX=686B nv=25 | target=base-b | mode=union reason=ok extra=2 | baseline=1541.350m state=fixed/ok fixed=1 phase=23sv/43obs streak=71 bad=0 | vis A=1 B=1 common=27 | shadow A=1 B=1 union=25 | publish A=1 B=1 | clk_A=+9.588m(23sv) clk_B=+14.348m(23sv) d_clk=-4.761m | rms((eps_A-eps_B)/2)=2.090m | L: fix=43 float=1 drop=2 refSwap=0 codeDetrend=0.635m | brdc=163 ssrSat=103 ssrMsg=192 | obs=1 sta=0 err=0
  code-bias: G/1C:n=6 ab=+0.683 sigma=1.355 valid=1; G/5Q:n=6 ab=+0.665 sigma=0.619 valid=1; C/1P:n=8 ab=+0.719 sigma=1.769 valid=1; C/7I:n=1 ab=+0.000 sigma=0.000 valid=0; C/2I:n=17 ab=+7.560 sigma=1.360 valid=1; C/5P:n=8 ab=+0.915 sigma=0.597 valid=1;
  phase-clock: G:ab=+2.1501m anchor=+2.0900m ares=+0.0602 innov=+0.0662 sigma=0.0094 sig=2 obs=12 raw=1 usable=1 streak=63 bad=0 reason=ok; C:ab=+7.4968m anchor=+7.4311m ares=+0.0656 innov=+0.0309 sigma=0.0758 sig=3 obs=30 raw=1 usable=1 streak=49 bad=0 reason=ok;
  phase-split: G/1C:n=6 frame=+18.3485cyc sigma=0.0352 resid=+7.0495 valid=1; G/5Q:n=6 frame=+16.4006cyc sigma=0.0497 resid=+7.9631 valid=1; C/1P:n=6 frame=+30.4023cyc sigma=0.0563 resid=-8.9936 valid=1; C/7I:n=1 frame=+0.0000cyc sigma=0.0000 resid=+0.0000 valid=0; C/2I:n=16 frame=+7.3542cyc sigma=0.0472 resid=-31.6835 valid=1; C/5P:n=8 frame=+0.4190cyc sigma=0.0723 resid=-29.0000 valid=1;
  b-only-phase-dryrun: cand=1 clockReady=1 residReady=1 symmetricReady=1 bridge=1/1 bridgeRms=0.1042cyc selfL=0.000000cyc/1
  b-only-bridge: state=acquiring/not-enough fixed=0 bridge=1/1 rms=0.1042cyc streak=0 bad=61
VRS [ssr-com] :52000 TX=686B nv=25 | target=base-b | mode=union reason=ok extra=2 | baseline=1541.350m state=fixed/ok fixed=1 phase=23sv/43obs streak=72 bad=0 | vis A=1 B=1 common=27 | shadow A=1 B=1 union=25 | publish A=1 B=1 | clk_A=+9.523m(23sv) clk_B=+13.713m(23sv) d_clk=-4.190m | rms((eps_A-eps_B)/2)=1.892m | L: fix=43 float=1 drop=2 refSwap=0 codeDetrend=0.680m | brdc=163 ssrSat=103 ssrMsg=198 | obs=1 sta=0 err=0
  code-bias: G/1C:n=6 ab=+0.633 sigma=1.445 valid=1; G/5Q:n=6 ab=+0.642 sigma=0.529 valid=1; C/1P:n=8 ab=+0.226 sigma=2.003 valid=1; C/7I:n=1 ab=+0.000 sigma=0.000 valid=0; C/2I:n=17 ab=+7.854 sigma=1.402 valid=1; C/5P:n=8 ab=+0.933 sigma=0.662 valid=1;
  phase-clock: G:ab=+2.1311m anchor=+2.1147m ares=+0.0164 innov=-0.0438 sigma=0.0096 sig=2 obs=12 raw=1 usable=1 streak=64 bad=0 reason=ok; C:ab=+6.2052m anchor=+6.2660m ares=-0.0609 innov=-0.1265 sigma=0.0773 sig=3 obs=30 raw=1 usable=1 streak=50 bad=0 reason=ok;
  phase-split: G/1C:n=6 frame=+18.2494cyc sigma=0.0302 resid=+7.0502 valid=1; G/5Q:n=6 frame=+16.3256cyc sigma=0.0461 resid=+7.9625 valid=1; C/1P:n=6 frame=+30.3096cyc sigma=0.0517 resid=-2.2987 valid=1; C/7I:n=1 frame=+0.0000cyc sigma=0.0000 resid=+0.0000 valid=0; C/2I:n=16 frame=+7.2562cyc sigma=0.0700 resid=-25.0557 valid=1; C/5P:n=8 frame=+0.3504cyc sigma=0.0705 resid=-24.0000 valid=1;
  b-only-phase-dryrun: cand=1 clockReady=1 residReady=1 symmetricReady=1 bridge=1/1 bridgeRms=0.1395cyc selfL=0.000000cyc/1
  b-only-bridge: state=acquiring/not-enough fixed=0 bridge=1/1 rms=0.1395cyc streak=0 bad=62
VRS [ssr-com] :52000 TX=686B nv=25 | target=base-b | mode=union reason=ok extra=2 | baseline=1541.350m state=fixed/ok fixed=1 phase=23sv/43obs streak=73 bad=0 | vis A=1 B=1 common=27 | shadow A=1 B=1 union=25 | publish A=1 B=1 | clk_A=+9.347m(23sv) clk_B=+14.577m(23sv) d_clk=-5.230m | rms((eps_A-eps_B)/2)=2.317m | L: fix=43 float=1 drop=2 refSwap=0 codeDetrend=0.701m | brdc=163 ssrSat=103 ssrMsg=204 | obs=1 sta=0 err=0
  code-bias: G/1C:n=6 ab=+0.580 sigma=1.729 valid=1; G/5Q:n=6 ab=+0.617 sigma=0.497 valid=1; C/1P:n=8 ab=+1.544 sigma=2.016 valid=1; C/7I:n=1 ab=+0.000 sigma=0.000 valid=0; C/2I:n=17 ab=+8.065 sigma=1.377 valid=1; C/5P:n=8 ab=+0.933 sigma=0.739 valid=1;
  phase-clock: G:ab=+2.0078m anchor=+1.9759m ares=+0.0319 innov=+0.0155 sigma=0.0857 sig=2 obs=12 raw=1 usable=1 streak=65 bad=0 reason=ok; C:ab=+8.4688m anchor=+8.4839m ares=-0.0151 innov=+0.0458 sigma=0.0388 sig=3 obs=30 raw=1 usable=1 streak=51 bad=0 reason=ok;
  phase-split: G/1C:n=6 frame=+18.1003cyc sigma=0.0305 resid=+7.5494 valid=1; G/5Q:n=6 frame=+16.2154cyc sigma=0.0314 resid=+8.3365 valid=1; C/1P:n=6 frame=+30.1509cyc sigma=0.0583 resid=-14.3531 valid=1; C/7I:n=1 frame=+0.0000cyc sigma=0.0000 resid=+0.0000 valid=0; C/2I:n=16 frame=+7.1166cyc sigma=0.0589 resid=-36.9828 valid=1; C/5P:n=8 frame=+0.2335cyc sigma=0.0781 resid=-33.0000 valid=1;
  b-only-phase-dryrun: cand=1 clockReady=1 residReady=1 symmetricReady=1 bridge=1/1 bridgeRms=0.1335cyc selfL=0.000000cyc/1
  b-only-bridge: state=acquiring/not-enough fixed=0 bridge=1/1 rms=0.1335cyc streak=0 bad=63
VRS [ssr-com] :52000 TX=686B nv=25 | target=base-b | mode=union reason=ok extra=2 | baseline=1541.350m state=fixed/ok fixed=1 phase=23sv/43obs streak=74 bad=0 | vis A=1 B=1 common=27 | shadow A=1 B=1 union=25 | publish A=1 B=1 | clk_A=+9.614m(23sv) clk_B=+14.052m(23sv) d_clk=-4.439m | rms((eps_A-eps_B)/2)=1.883m | L: fix=43 float=1 drop=2 refSwap=0 codeDetrend=0.661m | brdc=163 ssrSat=103 ssrMsg=204 | obs=1 sta=0 err=0
  code-bias: G/1C:n=6 ab=+0.430 sigma=1.808 valid=1; G/5Q:n=6 ab=+0.539 sigma=0.502 valid=1; C/1P:n=8 ab=+1.376 sigma=1.818 valid=1; C/7I:n=1 ab=+0.000 sigma=0.000 valid=0; C/2I:n=17 ab=+7.772 sigma=1.236 valid=1; C/5P:n=8 ab=+0.915 sigma=0.806 valid=1;
  phase-clock: G:ab=+1.9709m anchor=+1.9512m ares=+0.0197 innov=-0.0121 sigma=0.0856 sig=2 obs=12 raw=1 usable=1 streak=66 bad=0 reason=ok; C:ab=+6.8973m anchor=+6.9261m ares=-0.0289 innov=-0.0138 sigma=0.0306 sig=3 obs=30 raw=1 usable=1 streak=52 bad=0 reason=ok;
  phase-split: G/1C:n=6 frame=+17.9072cyc sigma=0.0407 resid=+7.5501 valid=1; G/5Q:n=6 frame=+16.0701cyc sigma=0.0441 resid=+8.3359 valid=1; C/1P:n=6 frame=+29.9686cyc sigma=0.0521 resid=-6.2768 valid=1; C/7I:n=1 frame=+0.0000cyc sigma=0.0000 resid=+0.0000 valid=0; C/2I:n=16 frame=+6.9158cyc sigma=0.0613 resid=-29.0000 valid=1; C/5P:n=8 frame=+0.0911cyc sigma=0.0821 resid=-26.9753 valid=1;
  b-only-phase-dryrun: cand=1 clockReady=1 residReady=1 symmetricReady=1 bridge=1/1 bridgeRms=0.1387cyc selfL=0.000000cyc/1
  b-only-bridge: state=acquiring/not-enough fixed=0 bridge=1/1 rms=0.1387cyc streak=0 bad=64

[BASE_2435540] RTCM 1005 - station / antenna (ARP in 1005/1006)
  RTCM 1005 (  22): staid=1660 pos=41.66934573 109.27542652 1682.150
  staid=1660  sta.name=1660  ITRF year=0
  ARP ECEF  X=-1575530.8118  Y=4505203.0666  Z=4219358.8401 (m)
  ARP LLH   lat=41.66934573 deg  lon=109.27542652 deg  h_ellip=1682.1505 m
VRS [ssr-com] :52000 TX=686B nv=25 | target=base-b | mode=union reason=ok extra=2 | baseline=1541.350m state=fixed/ok fixed=1 phase=23sv/43obs streak=75 bad=0 | vis A=1 B=1 common=27 | shadow A=1 B=1 union=25 | publish A=1 B=1 | clk_A=+9.627m(23sv) clk_B=+14.060m(23sv) d_clk=-4.434m | rms((eps_A-eps_B)/2)=2.095m | L: fix=43 float=1 drop=2 refSwap=0 codeDetrend=0.740m | brdc=163 ssrSat=103 ssrMsg=204 | obs=1 sta=0 err=0
  code-bias: G/1C:n=6 ab=+0.386 sigma=1.939 valid=1; G/5Q:n=6 ab=+0.485 sigma=0.490 valid=1; C/1P:n=8 ab=+1.082 sigma=1.886 valid=1; C/7I:n=1 ab=+0.000 sigma=0.000 valid=0; C/2I:n=17 ab=+7.918 sigma=1.548 valid=1; C/5P:n=8 ab=+0.879 sigma=0.824 valid=1;
  phase-clock: G:ab=+1.7983m anchor=+1.7814m ares=+0.0169 innov=-0.0028 sigma=0.0421 sig=2 obs=12 raw=1 usable=1 streak=67 bad=0 reason=ok; C:ab=+7.1117m anchor=+7.0865m ares=+0.0252 innov=+0.0541 sigma=0.0542 sig=3 obs=30 raw=1 usable=1 streak=53 bad=0 reason=ok;
  phase-split: G/1C:n=6 frame=+17.6714cyc sigma=0.0404 resid=+8.2211 valid=1; G/5Q:n=6 frame=+15.8920cyc sigma=0.0549 resid=+8.8349 valid=1; C/1P:n=6 frame=+29.7304cyc sigma=0.0500 resid=-7.6416 valid=1; C/7I:n=1 frame=+0.0000cyc sigma=0.0000 resid=+0.0000 valid=0; C/2I:n=16 frame=+6.6959cyc sigma=0.0574 resid=-30.3364 valid=1; C/5P:n=8 frame=-0.0923cyc sigma=0.0835 resid=-28.0000 valid=1;
  b-only-phase-dryrun: cand=1 clockReady=1 residReady=1 symmetricReady=1 bridge=1/1 bridgeRms=0.1462cyc selfL=0.000000cyc/1
  b-only-bridge: state=acquiring/not-enough fixed=0 bridge=1/1 rms=0.1462cyc streak=0 bad=65
VRS [ssr-com] :52000 TX=686B nv=25 | target=base-b | mode=union reason=ok extra=2 | baseline=1541.350m state=fixed/ok fixed=1 phase=23sv/43obs streak=76 bad=0 | vis A=1 B=1 common=27 | shadow A=1 B=1 union=25 | publish A=1 B=1 | clk_A=+9.680m(23sv) clk_B=+14.372m(23sv) d_clk=-4.692m | rms((eps_A-eps_B)/2)=2.168m | L: fix=43 float=1 drop=2 refSwap=0 codeDetrend=0.666m | brdc=163 ssrSat=103 ssrMsg=204 | obs=1 sta=0 err=0
  code-bias: G/1C:n=6 ab=+0.287 sigma=1.814 valid=1; G/5Q:n=6 ab=+0.462 sigma=0.485 valid=1; C/1P:n=8 ab=+0.651 sigma=1.737 valid=1; C/7I:n=1 ab=+0.000 sigma=0.000 valid=0; C/2I:n=17 ab=+7.715 sigma=1.290 valid=1; C/5P:n=8 ab=+0.852 sigma=0.890 valid=1;
  phase-clock: G:ab=+1.7680m anchor=+1.7793m ares=-0.0114 innov=-0.0283 sigma=0.0409 sig=2 obs=12 raw=1 usable=1 streak=68 bad=0 reason=ok; C:ab=+7.5906m anchor=+7.6041m ares=-0.0136 innov=-0.0388 sigma=0.0368 sig=3 obs=30 raw=1 usable=1 streak=54 bad=0 reason=ok;
  phase-split: G/1C:n=6 frame=+17.5060cyc sigma=0.0452 resid=+8.2151 valid=1; G/5Q:n=6 frame=+15.7773cyc sigma=0.0531 resid=+8.8393 valid=1; C/1P:n=6 frame=+29.5538cyc sigma=0.0539 resid=-10.3349 valid=1; C/7I:n=1 frame=+0.0000cyc sigma=0.0000 resid=+0.0000 valid=0; C/2I:n=16 frame=+6.5261cyc sigma=0.0561 resid=-33.0000 valid=1; C/5P:n=8 frame=-0.2099cyc sigma=0.0794 resid=-29.9969 valid=1;
  b-only-phase-dryrun: cand=1 clockReady=1 residReady=1 symmetricReady=1 bridge=1/1 bridgeRms=0.1529cyc selfL=0.000000cyc/1
  b-only-bridge: state=acquiring/not-enough fixed=0 bridge=1/1 rms=0.1529cyc streak=0 bad=66
VRS [ssr-com] :52000 TX=686B nv=25 | target=base-b | mode=union reason=ok extra=2 | baseline=1541.350m state=fixed/ok fixed=1 phase=23sv/43obs streak=77 bad=0 | vis A=1 B=1 common=27 | shadow A=1 B=1 union=25 | publish A=1 B=1 | clk_A=+9.744m(23sv) clk_B=+14.612m(23sv) d_clk=-4.868m | rms((eps_A-eps_B)/2)=2.475m | L: fix=43 float=1 drop=2 refSwap=0 codeDetrend=0.830m | brdc=163 ssrSat=103 ssrMsg=214 | obs=1 sta=0 err=0
  code-bias: G/1C:n=6 ab=+0.210 sigma=2.193 valid=1; G/5Q:n=6 ab=+0.430 sigma=0.470 valid=1; C/1P:n=8 ab=-0.309 sigma=2.929 valid=1; C/7I:n=1 ab=+0.000 sigma=0.000 valid=0; C/2I:n=17 ab=+7.731 sigma=1.079 valid=1; C/5P:n=8 ab=+0.861 sigma=0.816 valid=1;
  phase-clock: G:ab=+1.7350m anchor=+1.7115m ares=+0.0234 innov=+0.0348 sigma=0.0413 sig=2 obs=12 raw=1 usable=1 streak=69 bad=0 reason=ok; C:ab=+8.0669m anchor=+8.0249m ares=+0.0420 innov=+0.0556 sigma=0.0715 sig=3 obs=30 raw=1 usable=1 streak=55 bad=0 reason=ok;
  phase-split: G/1C:n=6 frame=+17.3347cyc sigma=0.0468 resid=+8.2172 valid=1; G/5Q:n=6 frame=+15.6462cyc sigma=0.0450 resid=+8.8378 valid=1; C/1P:n=6 frame=+29.3919cyc sigma=0.0429 resid=-13.0000 valid=1; C/7I:n=1 frame=+0.0000cyc sigma=0.0000 resid=+0.0000 valid=0; C/2I:n=16 frame=+6.3620cyc sigma=0.0739 resid=-35.6445 valid=1; C/5P:n=8 frame=-0.3406cyc sigma=0.0742 resid=-31.9969 valid=1;
  b-only-phase-dryrun: cand=1 clockReady=1 residReady=1 symmetricReady=1 bridge=1/1 bridgeRms=0.1243cyc selfL=0.000000cyc/1
  b-only-bridge: state=acquiring/not-enough fixed=0 bridge=1/1 rms=0.1243cyc streak=0 bad=67
VRS [ssr-com] :52000 TX=686B nv=25 | target=base-b | mode=union reason=ok extra=2 | baseline=1541.350m state=fixed/ok fixed=1 phase=23sv/43obs streak=78 bad=0 | vis A=1 B=1 common=27 | shadow A=1 B=1 union=25 | publish A=1 B=1 | clk_A=+9.589m(23sv) clk_B=+14.355m(23sv) d_clk=-4.766m | rms((eps_A-eps_B)/2)=2.451m | L: fix=43 float=1 drop=2 refSwap=0 codeDetrend=0.719m | brdc=163 ssrSat=103 ssrMsg=216 | obs=1 sta=0 err=0
  code-bias: G/1C:n=6 ab=-0.002 sigma=2.204 valid=1; G/5Q:n=6 ab=+0.443 sigma=0.447 valid=1; C/1P:n=8 ab=-0.745 sigma=2.034 valid=1; C/7I:n=1 ab=+0.000 sigma=0.000 valid=0; C/2I:n=17 ab=+7.762 sigma=1.201 valid=1; C/5P:n=8 ab=+0.879 sigma=0.797 valid=1;
  phase-clock: G:ab=+1.6037m anchor=+1.5356m ares=+0.0681 innov=+0.0446 sigma=0.0532 sig=2 obs=12 raw=1 usable=1 streak=70 bad=0 reason=ok; C:ab=+8.0305m anchor=+7.9962m ares=+0.0342 innov=-0.0078 sigma=0.0715 sig=3 obs=30 raw=1 usable=1 streak=56 bad=0 reason=ok;
  phase-split: G/1C:n=6 frame=+17.1482cyc sigma=0.0418 resid=+8.7206 valid=1; G/5Q:n=6 frame=+15.5020cyc sigma=0.0445 resid=+9.2086 valid=1; C/1P:n=6 frame=+29.2005cyc sigma=0.0528 resid=-13.0000 valid=1; C/7I:n=1 frame=+0.0000cyc sigma=0.0000 resid=+0.0000 valid=0; C/2I:n=16 frame=+6.1724cyc sigma=0.0684 resid=-35.6445 valid=1; C/5P:n=8 frame=-0.4715cyc sigma=0.0739 resid=-31.9849 valid=1;
  b-only-phase-dryrun: cand=1 clockReady=1 residReady=1 symmetricReady=1 bridge=1/1 bridgeRms=0.1315cyc selfL=0.000000cyc/1
  b-only-bridge: state=acquiring/not-enough fixed=0 bridge=1/1 rms=0.1315cyc streak=0 bad=68

[BASE_2435536] RTCM 1005 - station / antenna (ARP in 1005/1006)
  RTCM 1005 (  22): staid=1660 pos=41.65636202 109.26890585 1687.780
  staid=1660  sta.name=1660  ITRF year=0
  ARP ECEF  X=-1575335.8898  Y=4506291.4555  Z=4218284.9796 (m)
  ARP LLH   lat=41.65636202 deg  lon=109.26890585 deg  h_ellip=1687.7799 m
VRS [ssr-com] :52000 TX=711B nv=25 | target=base-b | mode=union reason=ok extra=2 | baseline=1541.350m state=fixed/ok fixed=1 phase=23sv/43obs streak=79 bad=0 | vis A=1 B=1 common=27 | shadow A=1 B=1 union=25 | publish A=1 B=1 | clk_A=+9.707m(23sv) clk_B=+14.652m(23sv) d_clk=-4.945m | rms((eps_A-eps_B)/2)=2.553m | L: fix=43 float=1 drop=2 refSwap=0 codeDetrend=0.747m | brdc=163 ssrSat=103 ssrMsg=216 | obs=1 sta=1 err=0
  code-bias: G/1C:n=6 ab=-0.034 sigma=2.155 valid=1; G/5Q:n=6 ab=+0.430 sigma=0.455 valid=1; C/1P:n=8 ab=-0.424 sigma=2.132 valid=1; C/7I:n=1 ab=+0.000 sigma=0.000 valid=0; C/2I:n=17 ab=+7.774 sigma=1.325 valid=1; C/5P:n=8 ab=+0.870 sigma=0.806 valid=1;
  phase-clock: G:ab=+1.5749m anchor=+1.5453m ares=+0.0296 innov=-0.0385 sigma=0.0541 sig=2 obs=12 raw=1 usable=1 streak=71 bad=0 reason=ok; C:ab=+8.2613m anchor=+8.3443m ares=-0.0830 innov=-0.1172 sigma=0.0701 sig=3 obs=30 raw=1 usable=1 streak=57 bad=0 reason=ok;
  phase-split: G/1C:n=6 frame=+16.9917cyc sigma=0.0491 resid=+8.7155 valid=1; G/5Q:n=6 frame=+15.3927cyc sigma=0.0456 resid=+9.2125 valid=1; C/1P:n=6 frame=+29.0516cyc sigma=0.0502 resid=-14.3621 valid=1; C/7I:n=1 frame=+0.0000cyc sigma=0.0000 resid=+0.0000 valid=0; C/2I:n=16 frame=+6.0190cyc sigma=0.0620 resid=-37.0000 valid=1; C/5P:n=8 frame=-0.5852cyc sigma=0.0693 resid=-33.0045 valid=1;
  b-only-phase-dryrun: cand=1 clockReady=1 residReady=1 symmetricReady=1 bridge=1/1 bridgeRms=0.1259cyc selfL=0.000000cyc/1
  b-only-bridge: state=acquiring/not-enough fixed=0 bridge=1/1 rms=0.1259cyc streak=0 bad=69
VRS [ssr-com] :52000 TX=686B nv=25 | target=base-b | mode=union reason=ok extra=2 | baseline=1541.350m state=fixed/ok fixed=1 phase=23sv/43obs streak=80 bad=0 | vis A=1 B=1 common=27 | shadow A=1 B=1 union=25 | publish A=1 B=1 | clk_A=+9.767m(23sv) clk_B=+14.474m(23sv) d_clk=-4.707m | rms((eps_A-eps_B)/2)=2.310m | L: fix=43 float=1 drop=2 refSwap=0 codeDetrend=0.722m | brdc=163 ssrSat=103 ssrMsg=216 | obs=1 sta=0 err=0
  code-bias: G/1C:n=6 ab=+0.005 sigma=2.177 valid=1; G/5Q:n=6 ab=+0.451 sigma=0.470 valid=1; C/1P:n=8 ab=+0.832 sigma=1.724 valid=1; C/7I:n=1 ab=+0.000 sigma=0.000 valid=0; C/2I:n=17 ab=+7.720 sigma=1.431 valid=1; C/5P:n=8 ab=+0.816 sigma=0.827 valid=1;
  phase-clock: G:ab=+1.5571m anchor=+1.4904m ares=+0.0667 innov=+0.0371 sigma=0.0553 sig=2 obs=12 raw=1 usable=1 streak=72 bad=0 reason=ok; C:ab=+7.9836m anchor=+7.9237m ares=+0.0598 innov=+0.1428 sigma=0.0722 sig=3 obs=30 raw=1 usable=1 streak=58 bad=0 reason=ok;
  phase-split: G/1C:n=6 frame=+16.8920cyc sigma=0.0339 resid=+8.7095 valid=1; G/5Q:n=6 frame=+15.3273cyc sigma=0.0495 resid=+9.2170 valid=1; C/1P:n=6 frame=+28.9540cyc sigma=0.0597 resid=-13.0000 valid=1; C/7I:n=1 frame=+0.0000cyc sigma=0.0000 resid=+0.0000 valid=0; C/2I:n=16 frame=+5.9218cyc sigma=0.0572 resid=-35.6507 valid=1; C/5P:n=8 frame=-0.6566cyc sigma=0.0702 resid=-31.9859 valid=1;
  b-only-phase-dryrun: cand=1 clockReady=1 residReady=1 symmetricReady=1 bridge=1/1 bridgeRms=0.1191cyc selfL=0.000000cyc/1
  b-only-bridge: state=acquiring/not-enough fixed=0 bridge=1/1 rms=0.1191cyc streak=0 bad=70
VRS [ssr-com] :52000 TX=686B nv=25 | target=base-b | mode=union reason=ok extra=2 | baseline=1541.350m state=fixed/ok fixed=1 phase=23sv/43obs streak=81 bad=0 | vis A=1 B=1 common=27 | shadow A=1 B=1 union=25 | publish A=1 B=1 | clk_A=+9.793m(23sv) clk_B=+14.511m(23sv) d_clk=-4.719m | rms((eps_A-eps_B)/2)=2.303m | L: fix=43 float=1 drop=2 refSwap=0 codeDetrend=0.671m | brdc=163 ssrSat=103 ssrMsg=216 | obs=1 sta=0 err=0
  code-bias: G/1C:n=6 ab=-0.027 sigma=1.976 valid=1; G/5Q:n=6 ab=+0.445 sigma=0.516 valid=1; C/1P:n=8 ab=+0.229 sigma=1.728 valid=1; C/7I:n=1 ab=+0.000 sigma=0.000 valid=0; C/2I:n=17 ab=+7.749 sigma=1.234 valid=1; C/5P:n=8 ab=+0.816 sigma=0.876 valid=1;
  phase-clock: G:ab=+1.5412m anchor=+1.4961m ares=+0.0451 innov=-0.0216 sigma=0.0543 sig=2 obs=12 raw=1 usable=1 streak=73 bad=0 reason=ok; C:ab=+7.9731m anchor=+7.9411m ares=+0.0320 innov=-0.0278 sigma=0.0370 sig=3 obs=30 raw=1 usable=1 streak=59 bad=0 reason=ok;
  phase-split: G/1C:n=6 frame=+16.8136cyc sigma=0.0350 resid=+8.7148 valid=1; G/5Q:n=6 frame=+15.2608cyc sigma=0.0469 resid=+9.2130 valid=1; C/1P:n=6 frame=+28.8768cyc sigma=0.0697 resid=-13.0223 valid=1; C/7I:n=1 frame=+0.0000cyc sigma=0.0000 resid=+0.0000 valid=0; C/2I:n=16 frame=+5.8512cyc sigma=0.0651 resid=-35.6670 valid=1; C/5P:n=8 frame=-0.7117cyc sigma=0.0704 resid=-32.0000 valid=1;
  b-only-phase-dryrun: cand=1 clockReady=1 residReady=1 symmetricReady=1 bridge=1/1 bridgeRms=0.1314cyc selfL=0.000000cyc/1
  b-only-bridge: state=acquiring/not-enough fixed=0 bridge=1/1 rms=0.1314cyc streak=0 bad=71
VRS [ssr-com] :52000 TX=686B nv=25 | target=base-b | mode=union reason=ok extra=2 | baseline=1541.350m state=fixed/ok fixed=1 phase=23sv/43obs streak=82 bad=0 | vis A=1 B=1 common=27 | shadow A=1 B=1 union=25 | publish A=1 B=1 | clk_A=+9.699m(23sv) clk_B=+14.394m(23sv) d_clk=-4.695m | rms((eps_A-eps_B)/2)=2.420m | L: fix=43 float=1 drop=2 refSwap=0 codeDetrend=0.786m | brdc=163 ssrSat=103 ssrMsg=219 | obs=1 sta=0 err=0
  code-bias: G/1C:n=6 ab=-0.065 sigma=2.024 valid=1; G/5Q:n=6 ab=+0.448 sigma=0.514 valid=1; C/1P:n=8 ab=-1.383 sigma=2.814 valid=1; C/7I:n=1 ab=+0.000 sigma=0.000 valid=0; C/2I:n=17 ab=+7.634 sigma=0.975 valid=1; C/5P:n=8 ab=+0.834 sigma=0.827 valid=1;
  phase-clock: G:ab=+1.5213m anchor=+1.4681m ares=+0.0532 innov=+0.0081 sigma=0.0547 sig=2 obs=12 raw=1 usable=1 streak=74 bad=0 reason=ok; C:ab=+7.9523m anchor=+7.9227m ares=+0.0295 innov=-0.0025 sigma=0.0374 sig=3 obs=30 raw=1 usable=1 streak=60 bad=0 reason=ok;
  phase-split: G/1C:n=6 frame=+16.7071cyc sigma=0.0418 resid=+8.7127 valid=1; G/5Q:n=6 frame=+15.1844cyc sigma=0.0463 resid=+9.2145 valid=1; C/1P:n=6 frame=+28.7596cyc sigma=0.0533 resid=-13.0298 valid=1; C/7I:n=1 frame=+0.0000cyc sigma=0.0000 resid=+0.0000 valid=0; C/2I:n=16 frame=+5.7453cyc sigma=0.0531 resid=-35.6642 valid=1; C/5P:n=8 frame=-0.7937cyc sigma=0.0741 resid=-32.0000 valid=1;
  b-only-phase-dryrun: cand=1 clockReady=1 residReady=1 symmetricReady=1 bridge=1/1 bridgeRms=0.1485cyc selfL=0.000000cyc/1
  b-only-bridge: state=acquiring/not-enough fixed=0 bridge=1/1 rms=0.1485cyc streak=0 bad=72
VRS [ssr-com] :52000 TX=686B nv=25 | target=base-b | mode=union reason=ok extra=2 | baseline=1541.350m state=fixed/ok fixed=1 phase=23sv/43obs streak=83 bad=0 | vis A=1 B=1 common=27 | shadow A=1 B=1 union=25 | publish A=1 B=1 | clk_A=+9.922m(23sv) clk_B=+14.703m(23sv) d_clk=-4.781m | rms((eps_A-eps_B)/2)=2.528m | L: fix=43 float=1 drop=2 refSwap=0 codeDetrend=0.756m | brdc=163 ssrSat=103 ssrMsg=228 | obs=1 sta=0 err=0
  code-bias: G/1C:n=6 ab=-0.014 sigma=1.980 valid=1; G/5Q:n=6 ab=+0.469 sigma=0.528 valid=1; C/1P:n=8 ab=-0.883 sigma=2.456 valid=1; C/7I:n=1 ab=+0.000 sigma=0.000 valid=0; C/2I:n=17 ab=+7.673 sigma=1.227 valid=1; C/5P:n=8 ab=+0.843 sigma=0.694 valid=1;
  phase-clock: G:ab=+1.3905m anchor=+1.4435m ares=-0.0529 innov=-0.1061 sigma=0.0719 sig=2 obs=12 raw=1 usable=1 streak=75 bad=0 reason=ok; C:ab=+8.2004m anchor=+8.1188m ares=+0.0817 innov=+0.0521 sigma=0.0374 sig=3 obs=30 raw=1 usable=1 streak=61 bad=0 reason=ok;
  phase-split: G/1C:n=6 frame=+16.6850cyc sigma=0.0412 resid=+9.3777 valid=1; G/5Q:n=6 frame=+15.1747cyc sigma=0.0541 resid=+9.7180 valid=1; C/1P:n=6 frame=+28.7546cyc sigma=0.0527 resid=-14.3390 valid=1; C/7I:n=1 frame=+0.0000cyc sigma=0.0000 resid=+0.0000 valid=0; C/2I:n=16 frame=+5.7283cyc sigma=0.0600 resid=-36.9735 valid=1; C/5P:n=8 frame=-0.8197cyc sigma=0.0804 resid=-33.0000 valid=1;
  b-only-phase-dryrun: cand=1 clockReady=1 residReady=1 symmetricReady=1 bridge=1/1 bridgeRms=0.1200cyc selfL=0.000000cyc/1
  b-only-bridge: state=acquiring/not-enough fixed=0 bridge=1/1 rms=0.1200cyc streak=0 bad=73
VRS [ssr-com] :52000 TX=686B nv=25 | target=base-b | mode=union reason=ok extra=2 | baseline=1541.350m state=fixed/ok fixed=1 phase=23sv/43obs streak=84 bad=0 | vis A=1 B=1 common=27 | shadow A=1 B=1 union=25 | publish A=1 B=1 | clk_A=+9.826m(23sv) clk_B=+14.782m(23sv) d_clk=-4.956m | rms((eps_A-eps_B)/2)=2.622m | L: fix=43 float=1 drop=2 refSwap=0 codeDetrend=0.700m | brdc=163 ssrSat=103 ssrMsg=228 | obs=1 sta=0 err=0
  code-bias: G/1C:n=6 ab=-0.097 sigma=2.132 valid=1; G/5Q:n=6 ab=+0.419 sigma=0.542 valid=1; C/1P:n=8 ab=-0.925 sigma=2.220 valid=1; C/7I:n=1 ab=+0.000 sigma=0.000 valid=0; C/2I:n=17 ab=+7.762 sigma=1.005 valid=1; C/5P:n=8 ab=+0.807 sigma=0.574 valid=1;
  phase-clock: G:ab=+1.3668m anchor=+1.4216m ares=-0.0548 innov=-0.0019 sigma=0.0718 sig=2 obs=12 raw=1 usable=1 streak=76 bad=0 reason=ok; C:ab=+8.4918m anchor=+8.4896m ares=+0.0021 innov=-0.0795 sigma=0.0540 sig=3 obs=30 raw=1 usable=1 streak=62 bad=0 reason=ok;
  phase-split: G/1C:n=6 frame=+16.5600cyc sigma=0.0433 resid=+9.3774 valid=1; G/5Q:n=6 frame=+15.0818cyc sigma=0.0556 resid=+9.7182 valid=1; C/1P:n=6 frame=+28.6244cyc sigma=0.0544 resid=-16.0000 valid=1; C/7I:n=1 frame=+0.0000cyc sigma=0.0000 resid=+0.0000 valid=0; C/2I:n=16 frame=+5.5989cyc sigma=0.0645 resid=-38.6199 valid=1; C/5P:n=8 frame=-0.9060cyc sigma=0.0788 resid=-34.2295 valid=1;
  b-only-phase-dryrun: cand=1 clockReady=1 residReady=1 symmetricReady=1 bridge=1/1 bridgeRms=0.1396cyc selfL=0.000000cyc/1
  b-only-bridge: state=acquiring/not-enough fixed=0 bridge=1/1 rms=0.1396cyc streak=0 bad=74

[BASE_2435540] RTCM 1005 - station / antenna (ARP in 1005/1006)
  RTCM 1005 (  22): staid=1660 pos=41.66934573 109.27542652 1682.150
  staid=1660  sta.name=1660  ITRF year=0
  ARP ECEF  X=-1575530.8118  Y=4505203.0666  Z=4219358.8401 (m)
  ARP LLH   lat=41.66934573 deg  lon=109.27542652 deg  h_ellip=1682.1505 m
VRS [ssr-com] :52000 TX=686B nv=25 | target=base-b | mode=union reason=ok extra=2 | baseline=1541.350m state=fixed/ok fixed=1 phase=23sv/43obs streak=85 bad=0 | vis A=1 B=1 common=27 | shadow A=1 B=1 union=25 | publish A=1 B=1 | clk_A=+9.823m(23sv) clk_B=+14.799m(23sv) d_clk=-4.976m | rms((eps_A-eps_B)/2)=2.515m | L: fix=43 float=1 drop=2 refSwap=0 codeDetrend=0.743m | brdc=163 ssrSat=103 ssrMsg=228 | obs=1 sta=0 err=0
  code-bias: G/1C:n=6 ab=-0.153 sigma=2.299 valid=1; G/5Q:n=6 ab=+0.404 sigma=0.589 valid=1; C/1P:n=8 ab=+1.353 sigma=2.470 valid=1; C/7I:n=1 ab=+0.000 sigma=0.000 valid=0; C/2I:n=17 ab=+7.807 sigma=0.931 valid=1; C/5P:n=8 ab=+0.762 sigma=0.489 valid=1;
  phase-clock: G:ab=+1.3604m anchor=+1.3787m ares=-0.0183 innov=+0.0364 sigma=0.0729 sig=2 obs=12 raw=1 usable=1 streak=77 bad=0 reason=ok; C:ab=+8.5595m anchor=+8.5734m ares=-0.0139 innov=-0.0160 sigma=0.0827 sig=3 obs=30 raw=1 usable=1 streak=63 bad=0 reason=ok;
  phase-split: G/1C:n=6 frame=+16.5319cyc sigma=0.0387 resid=+9.3830 valid=1; G/5Q:n=6 frame=+15.0525cyc sigma=0.0552 resid=+9.7140 valid=1; C/1P:n=6 frame=+28.5973cyc sigma=0.0575 resid=-16.3833 valid=1; C/7I:n=1 frame=+0.0000cyc sigma=0.0000 resid=+0.0000 valid=0; C/2I:n=16 frame=+5.5717cyc sigma=0.0604 resid=-39.0000 valid=1; C/5P:n=8 frame=-0.9266cyc sigma=0.0766 resid=-34.5160 valid=1;
  b-only-phase-dryrun: cand=1 clockReady=1 residReady=1 symmetricReady=1 bridge=1/1 bridgeRms=0.1282cyc selfL=0.000000cyc/1
  b-only-bridge: state=acquiring/not-enough fixed=0 bridge=1/1 rms=0.1282cyc streak=0 bad=75
VRS [ssr-com] :52000 TX=686B nv=25 | target=base-b | mode=union reason=ok extra=2 | baseline=1541.350m state=fixed/ok fixed=1 phase=23sv/43obs streak=86 bad=0 | vis A=1 B=1 common=27 | shadow A=1 B=1 union=25 | publish A=1 B=1 | clk_A=+9.857m(23sv) clk_B=+14.541m(23sv) d_clk=-4.684m | rms((eps_A-eps_B)/2)=2.459m | L: fix=43 float=1 drop=2 refSwap=0 codeDetrend=0.796m | brdc=163 ssrSat=103 ssrMsg=228 | obs=1 sta=0 err=0
  code-bias: G/1C:n=6 ab=-0.201 sigma=2.452 valid=1; G/5Q:n=6 ab=+0.451 sigma=0.613 valid=1; C/1P:n=8 ab=-0.579 sigma=2.394 valid=1; C/7I:n=1 ab=+0.000 sigma=0.000 valid=0; C/2I:n=17 ab=+7.676 sigma=1.292 valid=1; C/5P:n=8 ab=+0.735 sigma=0.413 valid=1;
  phase-clock: G:ab=+1.3512m anchor=+1.3392m ares=+0.0120 innov=+0.0304 sigma=0.0734 sig=2 obs=12 raw=1 usable=1 streak=78 bad=0 reason=ok; C:ab=+7.9735m anchor=+8.0279m ares=-0.0543 innov=-0.0405 sigma=0.0808 sig=3 obs=30 raw=1 usable=1 streak=64 bad=0 reason=ok;
  phase-split: G/1C:n=6 frame=+16.4860cyc sigma=0.0456 resid=+9.3856 valid=1; G/5Q:n=6 frame=+15.0143cyc sigma=0.0479 resid=+9.7120 valid=1; C/1P:n=6 frame=+28.5517cyc sigma=0.0546 resid=-13.3495 valid=1; C/7I:n=1 frame=+0.0000cyc sigma=0.0000 resid=+0.0000 valid=0; C/2I:n=16 frame=+5.5203cyc sigma=0.0673 resid=-36.0000 valid=1; C/5P:n=8 frame=-0.9670cyc sigma=0.0807 resid=-32.2569 valid=1;
  b-only-phase-dryrun: cand=1 clockReady=1 residReady=1 symmetricReady=1 bridge=1/1 bridgeRms=0.1296cyc selfL=0.000000cyc/1
  b-only-bridge: state=acquiring/not-enough fixed=0 bridge=1/1 rms=0.1296cyc streak=0 bad=76
VRS [ssr-com] :52000 TX=686B nv=25 | target=base-b | mode=union reason=ok extra=2 | baseline=1541.350m state=fixed/ok fixed=1 phase=23sv/43obs streak=87 bad=0 | vis A=1 B=1 common=27 | shadow A=1 B=1 union=25 | publish A=1 B=1 | clk_A=+9.903m(23sv) clk_B=+14.029m(23sv) d_clk=-4.126m | rms((eps_A-eps_B)/2)=2.183m | L: fix=43 float=1 drop=2 refSwap=0 codeDetrend=0.846m | brdc=163 ssrSat=103 ssrMsg=235 | obs=1 sta=0 err=0
  code-bias: G/1C:n=6 ab=-0.226 sigma=2.310 valid=1; G/5Q:n=6 ab=+0.419 sigma=0.596 valid=1; C/1P:n=8 ab=-0.805 sigma=3.001 valid=0; C/7I:n=1 ab=+0.000 sigma=0.000 valid=0; C/2I:n=17 ab=+7.597 sigma=1.120 valid=1; C/5P:n=8 ab=+0.735 sigma=0.415 valid=1;
  phase-clock: G:ab=+1.2445m anchor=+1.2789m ares=-0.0343 innov=-0.0463 sigma=0.0221 sig=2 obs=12 raw=1 usable=1 streak=79 bad=0 reason=ok; C:ab=+6.9403m anchor=+6.9731m ares=-0.0328 innov=+0.0216 sigma=0.0516 sig=3 obs=30 raw=1 usable=1 streak=65 bad=0 reason=ok;
  phase-split: G/1C:n=6 frame=+16.4240cyc sigma=0.0455 resid=+9.8838 valid=1; G/5Q:n=6 frame=+14.9706cyc sigma=0.0566 resid=+10.0867 valid=1; C/1P:n=6 frame=+28.4716cyc sigma=0.0658 resid=-8.0000 valid=1; C/7I:n=1 frame=+0.0000cyc sigma=0.0000 resid=+0.0000 valid=0; C/2I:n=16 frame=+5.4616cyc sigma=0.0640 resid=-30.6785 valid=1; C/5P:n=8 frame=-1.0183cyc sigma=0.0765 resid=-28.2535 valid=1;
  b-only-phase-dryrun: cand=1 clockReady=1 residReady=1 symmetricReady=1 bridge=1/1 bridgeRms=0.1298cyc selfL=0.000000cyc/1
  b-only-bridge: state=acquiring/not-enough fixed=0 bridge=1/1 rms=0.1298cyc streak=0 bad=77
VRS [ssr-com] :52000 TX=686B nv=25 | target=base-b | mode=union reason=ok extra=2 | baseline=1541.350m state=fixed/ok fixed=1 phase=23sv/43obs streak=88 bad=0 | vis A=1 B=1 common=27 | shadow A=1 B=1 union=25 | publish A=1 B=1 | clk_A=+9.742m(23sv) clk_B=+14.370m(23sv) d_clk=-4.627m | rms((eps_A-eps_B)/2)=2.613m | L: fix=43 float=1 drop=2 refSwap=0 codeDetrend=0.732m | brdc=163 ssrSat=103 ssrMsg=240 | obs=1 sta=0 err=0
  code-bias: G/1C:n=6 ab=-0.238 sigma=2.556 valid=1; G/5Q:n=6 ab=+0.457 sigma=0.592 valid=1; C/1P:n=8 ab=-1.118 sigma=2.039 valid=1; C/7I:n=1 ab=+0.000 sigma=0.000 valid=0; C/2I:n=17 ab=+7.483 sigma=1.103 valid=1; C/5P:n=8 ab=+0.753 sigma=0.400 valid=1;
  phase-clock: G:ab=+1.2526m anchor=+1.1739m ares=+0.0787 innov=+0.1130 sigma=0.0213 sig=2 obs=12 raw=1 usable=1 streak=80 bad=0 reason=ok; C:ab=+8.1616m anchor=+8.0805m ares=+0.0811 innov=+0.1139 sigma=0.0398 sig=3 obs=30 raw=1 usable=1 streak=66 bad=0 reason=ok;
  phase-split: G/1C:n=6 frame=+16.4704cyc sigma=0.0410 resid=+9.8879 valid=1; G/5Q:n=6 frame=+14.9992cyc sigma=0.0555 resid=+10.0837 valid=1; C/1P:n=6 frame=+28.5272cyc sigma=0.0532 resid=-14.3624 valid=1; C/7I:n=1 frame=+0.0000cyc sigma=0.0000 resid=+0.0000 valid=0; C/2I:n=16 frame=+5.5000cyc sigma=0.0706 resid=-36.9996 valid=1; C/5P:n=8 frame=-0.9721cyc sigma=0.0777 resid=-33.0000 valid=1;
  b-only-phase-dryrun: cand=1 clockReady=1 residReady=1 symmetricReady=1 bridge=1/1 bridgeRms=0.1360cyc selfL=0.000000cyc/1
  b-only-bridge: state=acquiring/not-enough fixed=0 bridge=1/1 rms=0.1360cyc streak=0 bad=78

[BASE_2435536] RTCM 1005 - station / antenna (ARP in 1005/1006)
  RTCM 1005 (  22): staid=1660 pos=41.65636202 109.26890585 1687.780
  staid=1660  sta.name=1660  ITRF year=0
  ARP ECEF  X=-1575335.8898  Y=4506291.4555  Z=4218284.9796 (m)
  ARP LLH   lat=41.65636202 deg  lon=109.26890585 deg  h_ellip=1687.7799 m
VRS [ssr-com] :52000 TX=711B nv=25 | target=base-b | mode=union reason=ok extra=2 | baseline=1541.350m state=fixed/ok fixed=1 phase=23sv/43obs streak=89 bad=0 | vis A=1 B=1 common=27 | shadow A=1 B=1 union=25 | publish A=1 B=1 | clk_A=+10.125m(23sv) clk_B=+14.225m(23sv) d_clk=-4.100m | rms((eps_A-eps_B)/2)=2.276m | L: fix=43 float=1 drop=2 refSwap=0 codeDetrend=0.675m | brdc=163 ssrSat=103 ssrMsg=240 | obs=1 sta=1 err=0
  code-bias: G/1C:n=6 ab=-0.214 sigma=2.406 valid=1; G/5Q:n=6 ab=+0.469 sigma=0.619 valid=1; C/1P:n=8 ab=-1.410 sigma=1.919 valid=1; C/7I:n=1 ab=+0.000 sigma=0.000 valid=0; C/2I:n=17 ab=+7.354 sigma=0.921 valid=1; C/5P:n=8 ab=+0.686 sigma=0.380 valid=1;
  phase-clock: G:ab=+1.0445m anchor=+1.1390m ares=-0.0945 innov=-0.1732 sigma=0.0100 sig=2 obs=12 raw=1 usable=0 streak=0 bad=1 reason=innov; C:ab=+7.0241m anchor=+7.0614m ares=-0.0373 innov=-0.1185 sigma=0.0819 sig=3 obs=30 raw=1 usable=1 streak=67 bad=0 reason=ok;
  phase-split: G/1C:n=6 frame=+16.5417cyc sigma=0.0515 resid=+0.0000 valid=0; G/5Q:n=6 frame=+15.0596cyc sigma=0.0601 resid=+0.0000 valid=0; C/1P:n=6 frame=+28.6197cyc sigma=0.0577 resid=-8.2920 valid=1; C/7I:n=1 frame=+0.0000cyc sigma=0.0000 resid=+0.0000 valid=0; C/2I:n=16 frame=+5.5762cyc sigma=0.0640 resid=-31.0000 valid=1; C/5P:n=8 frame=-0.9241cyc sigma=0.0712 resid=-28.4881 valid=1;
  b-only-phase-dryrun: cand=1 clockReady=0 residReady=0 symmetricReady=0 bridge=0/0 bridgeRms=0.0000cyc selfL=0.000000cyc/0
VRS [ssr-com] :52000 TX=686B nv=25 | target=base-b | mode=union reason=ok extra=2 | baseline=1541.350m state=fixed/ok fixed=1 phase=23sv/43obs streak=90 bad=0 | vis A=1 B=1 common=27 | shadow A=1 B=1 union=25 | publish A=1 B=1 | clk_A=+9.952m(23sv) clk_B=+13.958m(23sv) d_clk=-4.006m | rms((eps_A-eps_B)/2)=2.174m | L: fix=43 float=1 drop=2 refSwap=0 codeDetrend=0.681m | brdc=163 ssrSat=103 ssrMsg=240 | obs=1 sta=0 err=0
  code-bias: G/1C:n=6 ab=-0.172 sigma=2.465 valid=1; G/5Q:n=6 ab=+0.499 sigma=0.648 valid=1; C/1P:n=8 ab=-0.728 sigma=1.652 valid=1; C/7I:n=1 ab=+0.000 sigma=0.000 valid=0; C/2I:n=17 ab=+7.539 sigma=1.120 valid=1; C/5P:n=8 ab=+0.713 sigma=0.424 valid=1;
  phase-clock: G:ab=+1.2765m anchor=+1.2189m ares=+0.0576 innov=+0.0000 sigma=0.0209 sig=2 obs=12 raw=1 usable=0 streak=1 bad=0 reason=acquiring; C:ab=+6.8417m anchor=+6.7929m ares=+0.0489 innov=+0.0862 sigma=0.0506 sig=3 obs=30 raw=1 usable=1 streak=68 bad=0 reason=ok;
  phase-split: G/1C:n=6 frame=+16.5983cyc sigma=0.0455 resid=+0.0000 valid=0; G/5Q:n=6 frame=+15.0914cyc sigma=0.0697 resid=+0.0000 valid=0; C/1P:n=6 frame=+28.6549cyc sigma=0.0608 resid=-7.2986 valid=1; C/7I:n=1 frame=+0.0000cyc sigma=0.0000 resid=+0.0000 valid=0; C/2I:n=16 frame=+5.6266cyc sigma=0.0718 resid=-30.0000 valid=1; C/5P:n=8 frame=-0.8898cyc sigma=0.0741 resid=-27.7382 valid=1;
  b-only-phase-dryrun: cand=1 clockReady=0 residReady=0 symmetricReady=0 bridge=0/0 bridgeRms=0.0000cyc selfL=0.000000cyc/0
VRS [ssr-com] :52000 TX=686B nv=25 | target=base-b | mode=union reason=ok extra=2 | baseline=1541.350m state=fixed/ok fixed=1 phase=23sv/43obs streak=91 bad=0 | vis A=1 B=1 common=27 | shadow A=1 B=1 union=25 | publish A=1 B=1 | clk_A=+10.188m(23sv) clk_B=+14.806m(23sv) d_clk=-4.618m | rms((eps_A-eps_B)/2)=2.519m | L: fix=43 float=1 drop=2 refSwap=0 codeDetrend=0.683m | brdc=163 ssrSat=103 ssrMsg=240 | obs=1 sta=0 err=0
  code-bias: G/1C:n=6 ab=-0.229 sigma=2.539 valid=1; G/5Q:n=6 ab=+0.529 sigma=0.678 valid=1; C/1P:n=8 ab=-0.828 sigma=1.875 valid=1; C/7I:n=1 ab=+0.000 sigma=0.000 valid=0; C/2I:n=17 ab=+7.550 sigma=0.844 valid=1; C/5P:n=8 ab=+0.767 sigma=0.528 valid=1;
  phase-clock: G:ab=+1.2857m anchor=+1.2438m ares=+0.0419 innov=-0.0157 sigma=0.0227 sig=2 obs=12 raw=1 usable=0 streak=2 bad=0 reason=acquiring; C:ab=+7.9356m anchor=+7.9932m ares=-0.0576 innov=-0.1065 sigma=0.0384 sig=3 obs=30 raw=1 usable=1 streak=69 bad=0 reason=ok;
  phase-split: G/1C:n=6 frame=+16.6372cyc sigma=0.0497 resid=+0.0000 valid=0; G/5Q:n=6 frame=+15.1342cyc sigma=0.0512 resid=+0.0000 valid=0; C/1P:n=6 frame=+28.7019cyc sigma=0.0581 resid=-13.0000 valid=1; C/7I:n=1 frame=+0.0000cyc sigma=0.0000 resid=+0.0000 valid=0; C/2I:n=16 frame=+5.6695cyc sigma=0.0729 resid=-35.6533 valid=1; C/5P:n=8 frame=-0.8619cyc sigma=0.0869 resid=-32.0029 valid=1;
  b-only-phase-dryrun: cand=1 clockReady=0 residReady=0 symmetricReady=0 bridge=0/0 bridgeRms=0.0000cyc selfL=0.000000cyc/0
VRS [ssr-com] :52000 TX=686B nv=25 | target=base-b | mode=union reason=ok extra=2 | baseline=1541.350m state=fixed/ok fixed=1 phase=23sv/43obs streak=92 bad=0 | vis A=1 B=1 common=27 | shadow A=1 B=1 union=25 | publish A=1 B=1 | clk_A=+9.761m(23sv) clk_B=+14.716m(23sv) d_clk=-4.955m | rms((eps_A-eps_B)/2)=2.685m | L: fix=43 float=1 drop=2 refSwap=0 codeDetrend=0.782m | brdc=163 ssrSat=103 ssrMsg=244 | obs=1 sta=0 err=0
  code-bias: G/1C:n=6 ab=-0.188 sigma=2.443 valid=1; G/5Q:n=6 ab=+0.527 sigma=0.711 valid=1; C/1P:n=8 ab=-0.812 sigma=1.957 valid=1; C/7I:n=1 ab=+0.000 sigma=0.000 valid=0; C/2I:n=17 ab=+7.640 sigma=1.491 valid=1; C/5P:n=8 ab=+0.767 sigma=0.590 valid=1;
  phase-clock: G:ab=+1.3891m anchor=+1.4379m ares=-0.0488 innov=-0.0906 sigma=0.0741 sig=2 obs=12 raw=1 usable=1 streak=3 bad=0 reason=ok; C:ab=+8.4560m anchor=+8.4715m ares=-0.0156 innov=+0.0420 sigma=0.0495 sig=3 obs=30 raw=1 usable=1 streak=70 bad=0 reason=ok;
  phase-split: G/1C:n=6 frame=+16.6891cyc sigma=0.0339 resid=+9.3892 valid=1; G/5Q:n=6 frame=+15.1606cyc sigma=0.0509 resid=+9.7094 valid=1; C/1P:n=6 frame=+28.7560cyc sigma=0.0541 resid=-15.6803 valid=1; C/7I:n=1 frame=+0.0000cyc sigma=0.0000 resid=+0.0000 valid=0; C/2I:n=16 frame=+5.7179cyc sigma=0.0726 resid=-38.3145 valid=1; C/5P:n=8 frame=-0.8170cyc sigma=0.0817 resid=-34.0000 valid=1;
  b-only-phase-dryrun: cand=1 clockReady=1 residReady=1 symmetricReady=1 bridge=1/1 bridgeRms=0.0972cyc selfL=0.000000cyc/1
  b-only-bridge: state=acquiring/not-enough fixed=0 bridge=1/1 rms=0.0972cyc streak=0 bad=1
VRS [ssr-com] :52000 TX=686B nv=25 | target=base-b | mode=union reason=ok extra=2 | baseline=1541.350m state=fixed/ok fixed=1 phase=23sv/43obs streak=93 bad=0 | vis A=1 B=1 common=27 | shadow A=1 B=1 union=25 | publish A=1 B=1 | clk_A=+10.253m(23sv) clk_B=+14.352m(23sv) d_clk=-4.099m | rms((eps_A-eps_B)/2)=2.104m | L: fix=43 float=1 drop=2 refSwap=0 codeDetrend=0.633m | brdc=163 ssrSat=103 ssrMsg=252 | obs=1 sta=0 err=0
  code-bias: G/1C:n=6 ab=-0.051 sigma=2.305 valid=1; G/5Q:n=6 ab=+0.534 sigma=0.703 valid=1; C/1P:n=8 ab=-0.299 sigma=1.566 valid=1; C/7I:n=1 ab=+0.000 sigma=0.000 valid=0; C/2I:n=17 ab=+7.670 sigma=0.925 valid=1; C/5P:n=8 ab=+0.785 sigma=0.621 valid=1;
  phase-clock: G:ab=+1.6145m anchor=+1.5851m ares=+0.0295 innov=+0.0782 sigma=0.0419 sig=2 obs=12 raw=1 usable=1 streak=4 bad=0 reason=ok; C:ab=+6.6694m anchor=+6.6126m ares=+0.0567 innov=+0.0723 sigma=0.0297 sig=3 obs=30 raw=1 usable=1 streak=71 bad=0 reason=ok;
  phase-split: G/1C:n=6 frame=+16.7045cyc sigma=0.0360 resid=+8.2200 valid=1; G/5Q:n=6 frame=+15.1715cyc sigma=0.0542 resid=+8.8357 valid=1; C/1P:n=6 frame=+28.7779cyc sigma=0.0586 resid=-6.2699 valid=1; C/7I:n=1 frame=+0.0000cyc sigma=0.0000 resid=+0.0000 valid=0; C/2I:n=16 frame=+5.7291cyc sigma=0.0715 resid=-29.0000 valid=1; C/5P:n=8 frame=-0.8119cyc sigma=0.0860 resid=-26.9839 valid=1;
  b-only-phase-dryrun: cand=1 clockReady=1 residReady=1 symmetricReady=1 bridge=1/1 bridgeRms=0.1208cyc selfL=0.000000cyc/1
  b-only-bridge: state=acquiring/not-enough fixed=0 bridge=1/1 rms=0.1208cyc streak=0 bad=2
VRS [ssr-com] :52000 TX=686B nv=25 | target=base-b | mode=union reason=ok extra=2 | baseline=1541.350m state=fixed/ok fixed=1 phase=23sv/43obs streak=94 bad=0 | vis A=1 B=1 common=27 | shadow A=1 B=1 union=25 | publish A=1 B=1 | clk_A=+9.907m(23sv) clk_B=+14.874m(23sv) d_clk=-4.967m | rms((eps_A-eps_B)/2)=2.575m | L: fix=43 float=1 drop=2 refSwap=0 codeDetrend=0.815m | brdc=163 ssrSat=103 ssrMsg=252 | obs=1 sta=0 err=0
  code-bias: G/1C:n=6 ab=-0.027 sigma=2.357 valid=1; G/5Q:n=6 ab=+0.555 sigma=0.714 valid=1; C/1P:n=8 ab=+0.306 sigma=1.753 valid=1; C/7I:n=1 ab=+0.000 sigma=0.000 valid=0; C/2I:n=17 ab=+7.951 sigma=1.804 valid=1; C/5P:n=8 ab=+0.795 sigma=0.627 valid=1;
  phase-clock: G:ab=+1.5245m anchor=+1.4805m ares=+0.0439 innov=+0.0145 sigma=0.0543 sig=2 obs=12 raw=1 usable=1 streak=5 bad=0 reason=ok; C:ab=+8.4641m anchor=+8.4526m ares=+0.0115 innov=-0.0453 sigma=0.0501 sig=3 obs=30 raw=1 usable=1 streak=72 bad=0 reason=ok;
  phase-split: G/1C:n=6 frame=+16.7255cyc sigma=0.0428 resid=+8.7144 valid=1; G/5Q:n=6 frame=+15.1956cyc sigma=0.0468 resid=+9.2133 valid=1; C/1P:n=6 frame=+28.8055cyc sigma=0.0598 resid=-15.6737 valid=1; C/7I:n=1 frame=+0.0000cyc sigma=0.0000 resid=+0.0000 valid=0; C/2I:n=16 frame=+5.7598cyc sigma=0.0648 resid=-38.3150 valid=1; C/5P:n=8 frame=-0.7850cyc sigma=0.0796 resid=-34.0000 valid=1;
  b-only-phase-dryrun: cand=1 clockReady=1 residReady=1 symmetricReady=1 bridge=1/1 bridgeRms=0.0917cyc selfL=0.000000cyc/1
  b-only-bridge: state=acquiring/not-enough fixed=0 bridge=1/1 rms=0.0917cyc streak=0 bad=3

[BASE_2435540] RTCM 1005 - station / antenna (ARP in 1005/1006)
  RTCM 1005 (  22): staid=1660 pos=41.66934573 109.27542652 1682.150
  staid=1660  sta.name=1660  ITRF year=0
  ARP ECEF  X=-1575530.8118  Y=4505203.0666  Z=4219358.8401 (m)
  ARP LLH   lat=41.66934573 deg  lon=109.27542652 deg  h_ellip=1682.1505 m
VRS [ssr-com] :52000 TX=686B nv=25 | target=base-b | mode=union reason=ok extra=2 | baseline=1541.350m state=fixed/ok fixed=1 phase=23sv/42obs streak=95 bad=0 | vis A=1 B=1 common=27 | shadow A=1 B=1 union=25 | publish A=1 B=1 | clk_A=+9.945m(23sv) clk_B=+14.884m(23sv) d_clk=-4.939m | rms((eps_A-eps_B)/2)=2.500m | L: fix=42 float=1 drop=3 refSwap=0 codeDetrend=0.696m | brdc=163 ssrSat=103 ssrMsg=252 | obs=1 sta=0 err=0
  code-bias: G/1C:n=6 ab=-0.003 sigma=2.620 valid=1; G/5Q:n=6 ab=+0.584 sigma=0.741 valid=1; C/1P:n=8 ab=+0.050 sigma=1.814 valid=1; C/7I:n=1 ab=+0.000 sigma=0.000 valid=0; C/2I:n=17 ab=+7.842 sigma=0.861 valid=1; C/5P:n=8 ab=+0.804 sigma=0.695 valid=1;
  phase-clock: G:ab=+1.6318m anchor=+1.5877m ares=+0.0441 innov=+0.0002 sigma=0.0427 sig=2 obs=11 raw=1 usable=1 streak=6 bad=0 reason=ok; C:ab=+8.2225m anchor=+8.2913m ares=-0.0688 innov=-0.0803 sigma=0.0714 sig=3 obs=30 raw=1 usable=1 streak=73 bad=0 reason=ok;
  phase-split: G/1C:n=5 frame=+16.7994cyc sigma=0.0365 resid=+8.2242 valid=1; G/5Q:n=6 frame=+15.2361cyc sigma=0.0497 resid=+8.8326 valid=1; C/1P:n=6 frame=+28.8595cyc sigma=0.0642 resid=-14.3501 valid=1; C/7I:n=1 frame=+0.0000cyc sigma=0.0000 resid=+0.0000 valid=0; C/2I:n=16 frame=+5.8168cyc sigma=0.0649 resid=-37.0000 valid=1; C/5P:n=8 frame=-0.7417cyc sigma=0.0796 resid=-33.0087 valid=1;
  b-only-phase-dryrun: cand=1 clockReady=1 residReady=1 symmetricReady=1 bridge=1/1 bridgeRms=0.0891cyc selfL=0.000000cyc/1
  b-only-bridge: state=acquiring/not-enough fixed=0 bridge=1/1 rms=0.0891cyc streak=0 bad=4
VRS [ssr-com] :52000 TX=686B nv=25 | target=base-b | mode=union reason=ok extra=2 | baseline=1541.350m state=fixed/ok fixed=1 phase=23sv/43obs streak=96 bad=0 | vis A=1 B=1 common=27 | shadow A=1 B=1 union=25 | publish A=1 B=1 | clk_A=+10.119m(23sv) clk_B=+14.751m(23sv) d_clk=-4.632m | rms((eps_A-eps_B)/2)=2.322m | L: fix=43 float=1 drop=2 refSwap=0 codeDetrend=0.674m | brdc=163 ssrSat=103 ssrMsg=252 | obs=1 sta=0 err=0
  code-bias: G/1C:n=6 ab=-0.087 sigma=2.537 valid=1; G/5Q:n=6 ab=+0.614 sigma=0.774 valid=1; C/1P:n=8 ab=+0.081 sigma=1.488 valid=1; C/7I:n=1 ab=+0.000 sigma=0.000 valid=0; C/2I:n=17 ab=+7.513 sigma=0.970 valid=1; C/5P:n=8 ab=+0.769 sigma=0.860 valid=1;
  phase-clock: G:ab=+1.6187m anchor=+1.5994m ares=+0.0193 innov=-0.0248 sigma=0.0416 sig=2 obs=12 raw=1 usable=1 streak=7 bad=0 reason=ok; C:ab=+7.6363m anchor=+7.6654m ares=-0.0290 innov=+0.0397 sigma=0.0506 sig=3 obs=30 raw=1 usable=1 streak=74 bad=0 reason=ok;
  phase-split: G/1C:n=6 frame=+16.7249cyc sigma=0.0272 resid=+8.2185 valid=1; G/5Q:n=6 frame=+15.1889cyc sigma=0.0538 resid=+8.8368 valid=1; C/1P:n=6 frame=+28.8034cyc sigma=0.0635 resid=-11.3258 valid=1; C/7I:n=1 frame=+0.0000cyc sigma=0.0000 resid=+0.0000 valid=0; C/2I:n=16 frame=+5.7644cyc sigma=0.0685 resid=-34.0000 valid=1; C/5P:n=8 frame=-0.7907cyc sigma=0.0819 resid=-30.7573 valid=1;
  b-only-phase-dryrun: cand=1 clockReady=1 residReady=1 symmetricReady=1 bridge=1/1 bridgeRms=0.0924cyc selfL=0.000000cyc/1
  b-only-bridge: state=acquiring/not-enough fixed=0 bridge=1/1 rms=0.0924cyc streak=0 bad=5
VRS [ssr-com] :52000 TX=686B nv=25 | target=base-b | mode=union reason=ok extra=2 | baseline=1541.350m state=fixed/ok fixed=1 phase=23sv/43obs streak=97 bad=0 | vis A=1 B=1 common=27 | shadow A=1 B=1 union=25 | publish A=1 B=1 | clk_A=+10.019m(23sv) clk_B=+14.970m(23sv) d_clk=-4.951m | rms((eps_A-eps_B)/2)=2.525m | L: fix=43 float=1 drop=2 refSwap=0 codeDetrend=0.688m | brdc=163 ssrSat=103 ssrMsg=254 | obs=1 sta=0 err=0
  code-bias: G/1C:n=6 ab=+0.064 sigma=2.390 valid=1; G/5Q:n=6 ab=+0.590 sigma=0.786 valid=1; C/1P:n=8 ab=+0.170 sigma=1.510 valid=1; C/7I:n=1 ab=+0.000 sigma=0.000 valid=0; C/2I:n=17 ab=+7.683 sigma=1.071 valid=1; C/5P:n=8 ab=+0.787 sigma=1.082 valid=1;
  phase-clock: G:ab=+1.7533m anchor=+1.7233m ares=+0.0300 innov=+0.0106 sigma=0.0854 sig=2 obs=12 raw=1 usable=1 streak=8 bad=0 reason=ok; C:ab=+8.2155m anchor=+8.1782m ares=+0.0373 innov=+0.0664 sigma=0.0372 sig=3 obs=30 raw=1 usable=1 streak=75 bad=0 reason=ok;
  phase-split: G/1C:n=6 frame=+16.7648cyc sigma=0.0266 resid=+7.5514 valid=1; G/5Q:n=6 frame=+15.2152cyc sigma=0.0362 resid=+8.3350 valid=1; C/1P:n=6 frame=+28.8352cyc sigma=0.0623 resid=-14.3376 valid=1; C/7I:n=1 frame=+0.0000cyc sigma=0.0000 resid=+0.0000 valid=0; C/2I:n=16 frame=+5.7996cyc sigma=0.0695 resid=-36.9808 valid=1; C/5P:n=8 frame=-0.7605cyc sigma=0.0799 resid=-33.0000 valid=1;
  b-only-phase-dryrun: cand=1 clockReady=1 residReady=1 symmetricReady=1 bridge=1/1 bridgeRms=0.0972cyc selfL=0.000000cyc/1
  b-only-bridge: state=acquiring/not-enough fixed=0 bridge=1/1 rms=0.0972cyc streak=0 bad=6
VRS [ssr-com] :52000 TX=686B nv=25 | target=base-b | mode=union reason=ok extra=2 | baseline=1541.350m state=fixed/ok fixed=1 phase=23sv/43obs streak=98 bad=0 | vis A=1 B=1 common=27 | shadow A=1 B=1 union=25 | publish A=1 B=1 | clk_A=+10.105m(23sv) clk_B=+14.869m(23sv) d_clk=-4.764m | rms((eps_A-eps_B)/2)=2.403m | L: fix=43 float=1 drop=2 refSwap=0 codeDetrend=0.637m | brdc=163 ssrSat=103 ssrMsg=264 | obs=1 sta=0 err=0
  code-bias: G/1C:n=6 ab=+0.203 sigma=2.267 valid=1; G/5Q:n=6 ab=+0.632 sigma=0.809 valid=1; C/1P:n=8 ab=+0.200 sigma=1.546 valid=1; C/7I:n=1 ab=+0.000 sigma=0.000 valid=0; C/2I:n=17 ab=+7.747 sigma=0.677 valid=1; C/5P:n=8 ab=+0.870 sigma=1.191 valid=1;
  phase-clock: G:ab=+1.6536m anchor=+1.7384m ares=-0.0848 innov=-0.1148 sigma=0.0419 sig=2 obs=12 raw=1 usable=1 streak=9 bad=0 reason=ok; C:ab=+7.8027m anchor=+7.7894m ares=+0.0133 innov=-0.0241 sigma=0.0535 sig=3 obs=30 raw=1 usable=1 streak=76 bad=0 reason=ok;
  phase-split: G/1C:n=6 frame=+16.9103cyc sigma=0.0379 resid=+8.2204 valid=1; G/5Q:n=6 frame=+15.3246cyc sigma=0.0536 resid=+8.8354 valid=1; C/1P:n=6 frame=+29.0034cyc sigma=0.0594 resid=-12.0000 valid=1; C/7I:n=1 frame=+0.0000cyc sigma=0.0000 resid=+0.0000 valid=0; C/2I:n=16 frame=+5.9407cyc sigma=0.0710 resid=-34.6900 valid=1; C/5P:n=8 frame=-0.6592cyc sigma=0.0925 resid=-31.2787 valid=1;
  b-only-phase-dryrun: cand=1 clockReady=1 residReady=1 symmetricReady=1 bridge=1/1 bridgeRms=0.0911cyc selfL=0.000000cyc/1
  b-only-bridge: state=acquiring/not-enough fixed=0 bridge=1/1 rms=0.0911cyc streak=0 bad=7

[BASE_2435536] RTCM 1005 - station / antenna (ARP in 1005/1006)
  RTCM 1005 (  22): staid=1660 pos=41.65636202 109.26890585 1687.780
  staid=1660  sta.name=1660  ITRF year=0
  ARP ECEF  X=-1575335.8898  Y=4506291.4555  Z=4218284.9796 (m)
  ARP LLH   lat=41.65636202 deg  lon=109.26890585 deg  h_ellip=1687.7799 m
VRS [ssr-com] :52000 TX=711B nv=25 | target=base-b | mode=union reason=ok extra=2 | baseline=1541.350m state=fixed/ok fixed=1 phase=23sv/43obs streak=99 bad=0 | vis A=1 B=1 common=27 | shadow A=1 B=1 union=25 | publish A=1 B=1 | clk_A=+9.908m(23sv) clk_B=+14.892m(23sv) d_clk=-4.984m | rms((eps_A-eps_B)/2)=2.504m | L: fix=43 float=1 drop=2 refSwap=0 codeDetrend=0.762m | brdc=163 ssrSat=103 ssrMsg=264 | obs=1 sta=1 err=0
  code-bias: G/1C:n=6 ab=+0.289 sigma=2.366 valid=1; G/5Q:n=6 ab=+0.638 sigma=0.788 valid=1; C/1P:n=8 ab=+0.587 sigma=1.757 valid=1; C/7I:n=1 ab=+0.000 sigma=0.000 valid=0; C/2I:n=17 ab=+8.181 sigma=1.371 valid=1; C/5P:n=8 ab=+0.841 sigma=1.150 valid=1;
  phase-clock: G:ab=+1.7657m anchor=+1.7343m ares=+0.0314 innov=+0.1162 sigma=0.0860 sig=2 obs=12 raw=1 usable=1 streak=10 bad=0 reason=ok; C:ab=+8.2258m anchor=+8.2346m ares=-0.0088 innov=-0.0221 sigma=0.0360 sig=3 obs=30 raw=1 usable=1 streak=77 bad=0 reason=ok;
  phase-split: G/1C:n=6 frame=+16.8273cyc sigma=0.0333 resid=+7.5483 valid=1; G/5Q:n=6 frame=+15.2664cyc sigma=0.0482 resid=+8.3373 valid=1; C/1P:n=6 frame=+28.9002cyc sigma=0.0628 resid=-14.3269 valid=1; C/7I:n=1 frame=+0.0000cyc sigma=0.0000 resid=+0.0000 valid=0; C/2I:n=16 frame=+5.8567cyc sigma=0.0763 resid=-36.9774 valid=1; C/5P:n=8 frame=-0.7201cyc sigma=0.0849 resid=-33.0000 valid=1;
  b-only-phase-dryrun: cand=1 clockReady=1 residReady=1 symmetricReady=1 bridge=1/1 bridgeRms=0.0847cyc selfL=0.000000cyc/1
  b-only-bridge: state=acquiring/not-enough fixed=0 bridge=1/1 rms=0.0847cyc streak=0 bad=8
VRS [ssr-com] :52000 TX=686B nv=25 | target=base-b | mode=union reason=ok extra=2 | baseline=1541.350m state=fixed/ok fixed=1 phase=23sv/43obs streak=100 bad=0 | vis A=1 B=1 common=27 | shadow A=1 B=1 union=25 | publish A=1 B=1 | clk_A=+10.017m(23sv) clk_B=+14.820m(23sv) d_clk=-4.803m | rms((eps_A-eps_B)/2)=2.432m | L: fix=43 float=1 drop=2 refSwap=0 codeDetrend=0.806m | brdc=163 ssrSat=103 ssrMsg=264 | obs=1 sta=0 err=0
  code-bias: G/1C:n=6 ab=+0.142 sigma=2.296 valid=1; G/5Q:n=6 ab=+0.643 sigma=0.798 valid=1; C/1P:n=8 ab=+0.272 sigma=2.274 valid=1; C/7I:n=1 ab=+0.000 sigma=0.000 valid=0; C/2I:n=17 ab=+7.967 sigma=1.333 valid=1; C/5P:n=8 ab=+0.823 sigma=1.112 valid=1;
  phase-clock: G:ab=+1.6039m anchor=+1.6395m ares=-0.0356 innov=-0.0670 sigma=0.0406 sig=2 obs=12 raw=1 usable=1 streak=11 bad=0 reason=ok; C:ab=+7.9383m anchor=+7.9671m ares=-0.0288 innov=-0.0200 sigma=0.0378 sig=3 obs=30 raw=1 usable=1 streak=78 bad=0 reason=ok;
  phase-split: G/1C:n=6 frame=+16.6420cyc sigma=0.0349 resid=+8.2134 valid=1; G/5Q:n=6 frame=+15.1348cyc sigma=0.0492 resid=+8.8407 valid=1; C/1P:n=6 frame=+28.7161cyc sigma=0.0666 resid=-13.0000 valid=1; C/7I:n=1 frame=+0.0000cyc sigma=0.0000 resid=+0.0000 valid=0; C/2I:n=16 frame=+5.6776cyc sigma=0.0764 resid=-35.6593 valid=1; C/5P:n=8 frame=-0.8505cyc sigma=0.0886 resid=-32.0022 valid=1;
  b-only-phase-dryrun: cand=1 clockReady=1 residReady=1 symmetricReady=1 bridge=1/1 bridgeRms=0.1012cyc selfL=0.000000cyc/1
  b-only-bridge: state=acquiring/not-enough fixed=0 bridge=1/1 rms=0.1012cyc streak=0 bad=9
VRS [ssr-com] :52000 TX=686B nv=25 | target=base-b | mode=union reason=ok extra=2 | baseline=1541.350m state=fixed/ok fixed=1 phase=23sv/43obs streak=101 bad=0 | vis A=1 B=1 common=27 | shadow A=1 B=1 union=25 | publish A=1 B=1 | clk_A=+9.870m(23sv) clk_B=+14.692m(23sv) d_clk=-4.822m | rms((eps_A-eps_B)/2)=2.626m | L: fix=43 float=1 drop=2 refSwap=0 codeDetrend=0.787m | brdc=163 ssrSat=103 ssrMsg=264 | obs=1 sta=0 err=0
  code-bias: G/1C:n=6 ab=-0.077 sigma=2.311 valid=1; G/5Q:n=6 ab=+0.586 sigma=0.774 valid=1; C/1P:n=8 ab=-0.060 sigma=2.222 valid=1; C/7I:n=1 ab=+0.000 sigma=0.000 valid=0; C/2I:n=17 ab=+8.174 sigma=1.269 valid=1; C/5P:n=8 ab=+0.737 sigma=1.056 valid=1;
  phase-clock: G:ab=+1.3203m anchor=+1.3736m ares=-0.0532 innov=-0.0176 sigma=0.0741 sig=2 obs=12 raw=1 usable=1 streak=12 bad=0 reason=ok; C:ab=+8.3282m anchor=+8.2704m ares=+0.0579 innov=+0.0867 sigma=0.0515 sig=3 obs=30 raw=1 usable=1 streak=79 bad=0 reason=ok;
  phase-split: G/1C:n=6 frame=+16.3280cyc sigma=0.0500 resid=+9.3897 valid=1; G/5Q:n=6 frame=+14.8903cyc sigma=0.0477 resid=+9.7090 valid=1; C/1P:n=6 frame=+28.4073cyc sigma=0.0539 resid=-15.3578 valid=1; C/7I:n=1 frame=+0.0000cyc sigma=0.0000 resid=+0.0000 valid=0; C/2I:n=16 frame=+5.3673cyc sigma=0.0743 resid=-38.0000 valid=1; C/5P:n=8 frame=-1.0921cyc sigma=0.0866 resid=-33.7739 valid=1;
  b-only-phase-dryrun: cand=1 clockReady=1 residReady=1 symmetricReady=1 bridge=1/1 bridgeRms=0.1054cyc selfL=0.000000cyc/1
  b-only-bridge: state=acquiring/not-enough fixed=0 bridge=1/1 rms=0.1054cyc streak=0 bad=10
VRS [ssr-com] :52000 TX=686B nv=25 | target=base-b | mode=union reason=ok extra=2 | baseline=1541.350m state=fixed/ok fixed=1 phase=23sv/43obs streak=102 bad=0 | vis A=1 B=1 common=27 | shadow A=1 B=1 union=25 | publish A=1 B=1 | clk_A=+10.030m(23sv) clk_B=+14.705m(23sv) d_clk=-4.675m | rms((eps_A-eps_B)/2)=2.392m | L: fix=43 float=1 drop=2 refSwap=0 codeDetrend=0.737m | brdc=163 ssrSat=103 ssrMsg=269 | obs=1 sta=0 err=0
  code-bias: G/1C:n=6 ab=-0.172 sigma=2.284 valid=1; G/5Q:n=6 ab=+0.574 sigma=0.741 valid=1; C/1P:n=8 ab=+0.437 sigma=1.918 valid=1; C/7I:n=1 ab=+0.000 sigma=0.000 valid=0; C/2I:n=17 ab=+7.923 sigma=1.232 valid=1; C/5P:n=8 ab=+0.622 sigma=1.004 valid=1;
  phase-clock: G:ab=+1.5268m anchor=+1.4995m ares=+0.0273 innov=+0.0805 sigma=0.0412 sig=2 obs=12 raw=1 usable=1 streak=13 bad=0 reason=ok; C:ab=+7.8615m anchor=+7.8507m ares=+0.0109 innov=-0.0470 sigma=0.0373 sig=3 obs=30 raw=1 usable=1 streak=80 bad=0 reason=ok;
  phase-split: G/1C:n=6 frame=+16.2399cyc sigma=0.0328 resid=+8.2167 valid=1; G/5Q:n=6 frame=+14.8296cyc sigma=0.0430 resid=+8.8382 valid=1; C/1P:n=6 frame=+28.3126cyc sigma=0.0566 resid=-13.0000 valid=1; C/7I:n=1 frame=+0.0000cyc sigma=0.0000 resid=+0.0000 valid=0; C/2I:n=16 frame=+5.2727cyc sigma=0.0756 resid=-35.6644 valid=1; C/5P:n=8 frame=-1.1626cyc sigma=0.0922 resid=-32.0130 valid=1;
  b-only-phase-dryrun: cand=1 clockReady=1 residReady=1 symmetricReady=1 bridge=1/1 bridgeRms=0.1015cyc selfL=0.000000cyc/1
  b-only-bridge: state=acquiring/not-enough fixed=0 bridge=1/1 rms=0.1015cyc streak=0 bad=11
VRS [ssr-com] :52000 TX=686B nv=25 | target=base-b | mode=union reason=ok extra=2 | baseline=1541.350m state=fixed/ok fixed=1 phase=23sv/43obs streak=103 bad=0 | vis A=1 B=1 common=27 | shadow A=1 B=1 union=25 | publish A=1 B=1 | clk_A=+9.987m(23sv) clk_B=+14.836m(23sv) d_clk=-4.849m | rms((eps_A-eps_B)/2)=2.481m | L: fix=43 float=1 drop=2 refSwap=0 codeDetrend=0.747m | brdc=163 ssrSat=103 ssrMsg=276 | obs=1 sta=0 err=0
  code-bias: G/1C:n=6 ab=-0.177 sigma=2.451 valid=1; G/5Q:n=6 ab=+0.651 sigma=0.710 valid=1; C/1P:n=8 ab=+0.775 sigma=2.093 valid=1; C/7I:n=1 ab=+0.000 sigma=0.000 valid=0; C/2I:n=17 ab=+8.055 sigma=1.062 valid=1; C/5P:n=8 ab=+0.498 sigma=0.941 valid=1;
  phase-clock: G:ab=+1.7759m anchor=+1.6954m ares=+0.0805 innov=+0.0533 sigma=0.0094 sig=2 obs=12 raw=1 usable=1 streak=14 bad=0 reason=ok; C:ab=+7.9550m anchor=+8.0032m ares=-0.0483 innov=-0.0591 sigma=0.0819 sig=3 obs=30 raw=1 usable=1 streak=81 bad=0 reason=ok;
  phase-split: G/1C:n=6 frame=+16.3821cyc sigma=0.0505 resid=+7.0494 valid=1; G/5Q:n=6 frame=+14.9323cyc sigma=0.0500 resid=+7.9631 valid=1; C/1P:n=6 frame=+28.4512cyc sigma=0.0660 resid=-13.3524 valid=1; C/7I:n=1 frame=+0.0000cyc sigma=0.0000 resid=+0.0000 valid=0; C/2I:n=16 frame=+5.4235cyc sigma=0.0600 resid=-36.0000 valid=1; C/5P:n=8 frame=-1.0585cyc sigma=0.0882 resid=-32.2754 valid=1;
  b-only-phase-dryrun: cand=1 clockReady=1 residReady=1 symmetricReady=1 bridge=1/1 bridgeRms=0.1212cyc selfL=0.000000cyc/1
  b-only-bridge: state=acquiring/not-enough fixed=0 bridge=1/1 rms=0.1212cyc streak=0 bad=12
VRS [ssr-com] :52000 TX=686B nv=25 | target=base-b | mode=union reason=ok extra=2 | baseline=1541.350m state=fixed/ok fixed=1 phase=23sv/43obs streak=104 bad=0 | vis A=1 B=1 common=27 | shadow A=1 B=1 union=25 | publish A=1 B=1 | clk_A=+10.067m(23sv) clk_B=+14.901m(23sv) d_clk=-4.834m | rms((eps_A-eps_B)/2)=2.389m | L: fix=43 float=1 drop=2 refSwap=0 codeDetrend=0.767m | brdc=163 ssrSat=103 ssrMsg=276 | obs=1 sta=0 err=0
  code-bias: G/1C:n=6 ab=-0.174 sigma=2.511 valid=1; G/5Q:n=6 ab=+0.715 sigma=0.666 valid=1; C/1P:n=8 ab=+1.200 sigma=1.926 valid=1; C/7I:n=1 ab=+0.000 sigma=0.000 valid=0; C/2I:n=17 ab=+7.806 sigma=1.298 valid=1; C/5P:n=8 ab=+0.515 sigma=0.940 valid=1;
  phase-clock: G:ab=+1.7822m anchor=+1.8006m ares=-0.0184 innov=-0.0989 sigma=0.0092 sig=2 obs=12 raw=1 usable=1 streak=15 bad=0 reason=ok; C:ab=+7.8941m anchor=+7.8677m ares=+0.0265 innov=+0.0747 sigma=0.0370 sig=3 obs=30 raw=1 usable=1 streak=82 bad=0 reason=ok;
  phase-split: G/1C:n=6 frame=+16.4141cyc sigma=0.0449 resid=+7.0486 valid=1; G/5Q:n=6 frame=+14.9575cyc sigma=0.0438 resid=+7.9637 valid=1; C/1P:n=6 frame=+28.4840cyc sigma=0.0593 resid=-13.0000 valid=1; C/7I:n=1 frame=+0.0000cyc sigma=0.0000 resid=+0.0000 valid=0; C/2I:n=16 frame=+5.4407cyc sigma=0.0632 resid=-35.6662 valid=1; C/5P:n=8 frame=-1.0278cyc sigma=0.0820 resid=-32.0062 valid=1;
  b-only-phase-dryrun: cand=1 clockReady=1 residReady=1 symmetricReady=1 bridge=1/1 bridgeRms=0.1282cyc selfL=0.000000cyc/1
  b-only-bridge: state=acquiring/not-enough fixed=0 bridge=1/1 rms=0.1282cyc streak=0 bad=13

[BASE_2435540] RTCM 1005 - station / antenna (ARP in 1005/1006)
  RTCM 1005 (  22): staid=1660 pos=41.66934573 109.27542652 1682.150
  staid=1660  sta.name=1660  ITRF year=0
  ARP ECEF  X=-1575530.8118  Y=4505203.0666  Z=4219358.8401 (m)
  ARP LLH   lat=41.66934573 deg  lon=109.27542652 deg  h_ellip=1682.1505 m
VRS [ssr-com] :52000 TX=686B nv=25 | target=base-b | mode=union reason=ok extra=2 | baseline=1541.350m state=fixed/ok fixed=1 phase=23sv/43obs streak=105 bad=0 | vis A=1 B=1 common=27 | shadow A=1 B=1 union=25 | publish A=1 B=1 | clk_A=+9.922m(23sv) clk_B=+14.865m(23sv) d_clk=-4.943m | rms((eps_A-eps_B)/2)=2.569m | L: fix=43 float=1 drop=2 refSwap=0 codeDetrend=0.852m | brdc=163 ssrSat=103 ssrMsg=276 | obs=1 sta=0 err=0
  code-bias: G/1C:n=6 ab=-0.160 sigma=2.499 valid=1; G/5Q:n=6 ab=+0.718 sigma=0.648 valid=1; C/1P:n=8 ab=-0.254 sigma=2.483 valid=1; C/7I:n=1 ab=+0.000 sigma=0.000 valid=0; C/2I:n=17 ab=+7.750 sigma=1.447 valid=1; C/5P:n=8 ab=+0.520 sigma=0.845 valid=1;
  phase-clock: G:ab=+1.9881m anchor=+1.9222m ares=+0.0659 innov=+0.0842 sigma=0.0226 sig=2 obs=12 raw=1 usable=1 streak=16 bad=0 reason=ok; C:ab=+7.8783m anchor=+7.9645m ares=-0.0862 innov=-0.1127 sigma=0.0375 sig=3 obs=30 raw=1 usable=1 streak=83 bad=0 reason=ok;
  phase-split: G/1C:n=6 frame=+16.3287cyc sigma=0.0366 resid=+5.8812 valid=1; G/5Q:n=6 frame=+14.8904cyc sigma=0.0572 resid=+7.0887 valid=1; C/1P:n=6 frame=+28.4009cyc sigma=0.0665 resid=-13.0000 valid=1; C/7I:n=1 frame=+0.0000cyc sigma=0.0000 resid=+0.0000 valid=0; C/2I:n=16 frame=+5.3625cyc sigma=0.0683 resid=-35.6620 valid=1; C/5P:n=8 frame=-1.0946cyc sigma=0.0903 resid=-32.0108 valid=1;
  b-only-phase-dryrun: cand=1 clockReady=1 residReady=1 symmetricReady=1 bridge=1/1 bridgeRms=0.1254cyc selfL=0.000000cyc/1
  b-only-bridge: state=acquiring/not-enough fixed=0 bridge=1/1 rms=0.1254cyc streak=0 bad=14
VRS [ssr-com] :52000 TX=686B nv=25 | target=base-b | mode=union reason=ok extra=2 | baseline=1541.350m state=fixed/ok fixed=1 phase=23sv/43obs streak=106 bad=0 | vis A=1 B=1 common=27 | shadow A=1 B=1 union=25 | publish A=1 B=1 | clk_A=+9.909m(23sv) clk_B=+14.958m(23sv) d_clk=-5.049m | rms((eps_A-eps_B)/2)=2.567m | L: fix=43 float=1 drop=2 refSwap=0 codeDetrend=0.860m | brdc=163 ssrSat=103 ssrMsg=276 | obs=1 sta=0 err=0
  code-bias: G/1C:n=6 ab=-0.110 sigma=2.577 valid=1; G/5Q:n=6 ab=+0.649 sigma=0.598 valid=1; C/1P:n=8 ab=+0.132 sigma=2.150 valid=1; C/7I:n=1 ab=+0.000 sigma=0.000 valid=0; C/2I:n=17 ab=+7.569 sigma=1.727 valid=1; C/5P:n=8 ab=+0.454 sigma=0.664 valid=1;
  phase-clock: G:ab=+1.9250m anchor=+1.9710m ares=-0.0460 innov=-0.1119 sigma=0.0241 sig=2 obs=12 raw=1 usable=1 streak=17 bad=0 reason=ok; C:ab=+8.0714m anchor=+8.1260m ares=-0.0546 innov=+0.0316 sigma=0.0701 sig=3 obs=30 raw=1 usable=1 streak=84 bad=0 reason=ok;
  phase-split: G/1C:n=6 frame=+15.9894cyc sigma=0.0432 resid=+5.8736 valid=1; G/5Q:n=6 frame=+14.6485cyc sigma=0.0582 resid=+7.0944 valid=1; C/1P:n=6 frame=+28.0528cyc sigma=0.0590 resid=-14.3627 valid=1; C/7I:n=1 frame=+0.0000cyc sigma=0.0000 resid=+0.0000 valid=0; C/2I:n=16 frame=+5.0299cyc sigma=0.0708 resid=-37.0000 valid=1; C/5P:n=8 frame=-1.3477cyc sigma=0.0802 resid=-33.0216 valid=1;
  b-only-phase-dryrun: cand=1 clockReady=1 residReady=1 symmetricReady=1 bridge=1/1 bridgeRms=0.1303cyc selfL=0.000000cyc/1
  b-only-bridge: state=acquiring/not-enough fixed=0 bridge=1/1 rms=0.1303cyc streak=0 bad=15
VRS [ssr-com] :52000 TX=686B nv=25 | target=base-b | mode=union reason=ok extra=2 | baseline=1541.350m state=fixed/ok fixed=1 phase=23sv/43obs streak=107 bad=0 | vis A=1 B=1 common=27 | shadow A=1 B=1 union=25 | publish A=1 B=1 | clk_A=+10.148m(23sv) clk_B=+14.905m(23sv) d_clk=-4.757m | rms((eps_A-eps_B)/2)=2.328m | L: fix=43 float=1 drop=2 refSwap=0 codeDetrend=0.709m | brdc=163 ssrSat=103 ssrMsg=276 | obs=1 sta=0 err=0
  code-bias: G/1C:n=6 ab=-0.006 sigma=2.669 valid=1; G/5Q:n=6 ab=+0.678 sigma=0.591 valid=1; C/1P:n=8 ab=-0.045 sigma=1.779 valid=1; C/7I:n=1 ab=+0.000 sigma=0.000 valid=0; C/2I:n=17 ab=+7.460 sigma=1.035 valid=1; C/5P:n=8 ab=+0.491 sigma=0.524 valid=1;
  phase-clock: G:ab=+2.0141m anchor=+2.0542m ares=-0.0400 innov=+0.0060 sigma=0.0726 sig=2 obs=12 raw=1 usable=1 streak=18 bad=0 reason=ok; C:ab=+7.4896m anchor=+7.4596m ares=+0.0300 innov=+0.0846 sigma=0.0507 sig=3 obs=30 raw=1 usable=1 streak=85 bad=0 reason=ok;
  phase-split: G/1C:n=6 frame=+15.9657cyc sigma=0.0363 resid=+5.3814 valid=1; G/5Q:n=6 frame=+14.6191cyc sigma=0.0428 resid=+6.7152 valid=1; C/1P:n=6 frame=+28.0378cyc sigma=0.0670 resid=-11.3203 valid=1; C/7I:n=1 frame=+0.0000cyc sigma=0.0000 resid=+0.0000 valid=0; C/2I:n=16 frame=+5.0003cyc sigma=0.0712 resid=-34.0000 valid=1; C/5P:n=8 frame=-1.3607cyc sigma=0.0928 resid=-30.7515 valid=1;
  b-only-phase-dryrun: cand=1 clockReady=1 residReady=1 symmetricReady=1 bridge=1/1 bridgeRms=0.1309cyc selfL=0.000000cyc/1
  b-only-bridge: state=acquiring/not-enough fixed=0 bridge=1/1 rms=0.1309cyc streak=0 bad=16
VRS [ssr-com] :52000 TX=686B nv=25 | target=base-b | mode=union reason=ok extra=2 | baseline=1541.350m state=fixed/ok fixed=1 phase=23sv/43obs streak=108 bad=0 | vis A=1 B=1 common=27 | shadow A=1 B=1 union=25 | publish A=1 B=1 | clk_A=+10.039m(23sv) clk_B=+14.603m(23sv) d_clk=-4.564m | rms((eps_A-eps_B)/2)=2.172m | L: fix=43 float=1 drop=2 refSwap=0 codeDetrend=0.768m | brdc=163 ssrSat=103 ssrMsg=288 | obs=1 sta=0 err=0
  code-bias: G/1C:n=6 ab=-0.000 sigma=2.611 valid=1; G/5Q:n=6 ab=+0.636 sigma=0.621 valid=1; C/1P:n=8 ab=+0.778 sigma=1.717 valid=1; C/7I:n=1 ab=+0.000 sigma=0.000 valid=0; C/2I:n=17 ab=+7.475 sigma=1.495 valid=1; C/5P:n=8 ab=+0.484 sigma=0.396 valid=1;
  phase-clock: G:ab=+2.0154m anchor=+2.0582m ares=-0.0427 innov=-0.0027 sigma=0.0714 sig=2 obs=12 raw=1 usable=1 streak=19 bad=0 reason=ok; C:ab=+7.0492m anchor=+7.0695m ares=-0.0203 innov=-0.0503 sigma=0.0334 sig=3 obs=30 raw=1 usable=1 streak=86 bad=0 reason=ok;
  phase-split: G/1C:n=6 frame=+15.9664cyc sigma=0.0377 resid=+5.3753 valid=1; G/5Q:n=6 frame=+14.6286cyc sigma=0.0511 resid=+6.7197 valid=1; C/1P:n=6 frame=+28.0440cyc sigma=0.0619 resid=-9.0000 valid=1; C/7I:n=1 frame=+0.0000cyc sigma=0.0000 resid=+0.0000 valid=0; C/2I:n=16 frame=+5.0074cyc sigma=0.0648 resid=-31.6998 valid=1; C/5P:n=8 frame=-1.3582cyc sigma=0.0870 resid=-29.0209 valid=1;
  b-only-phase-dryrun: cand=1 clockReady=1 residReady=1 symmetricReady=1 bridge=1/1 bridgeRms=0.1637cyc selfL=0.000000cyc/1
  b-only-bridge: state=acquiring/not-enough fixed=0 bridge=1/1 rms=0.1637cyc streak=0 bad=17

[BASE_2435536] RTCM 1005 - station / antenna (ARP in 1005/1006)
  RTCM 1005 (  22): staid=1660 pos=41.65636202 109.26890585 1687.780
  staid=1660  sta.name=1660  ITRF year=0
  ARP ECEF  X=-1575335.8898  Y=4506291.4555  Z=4218284.9796 (m)
  ARP LLH   lat=41.65636202 deg  lon=109.26890585 deg  h_ellip=1687.7799 m
VRS [ssr-com] :52000 TX=711B nv=25 | target=base-b | mode=union reason=ok extra=2 | baseline=1541.350m state=fixed/ok fixed=1 phase=23sv/43obs streak=109 bad=0 | vis A=1 B=1 common=27 | shadow A=1 B=1 union=25 | publish A=1 B=1 | clk_A=+9.767m(23sv) clk_B=+14.558m(23sv) d_clk=-4.791m | rms((eps_A-eps_B)/2)=2.372m | L: fix=43 float=1 drop=2 refSwap=0 codeDetrend=0.860m | brdc=163 ssrSat=103 ssrMsg=288 | obs=1 sta=1 err=0
  code-bias: G/1C:n=6 ab=-0.040 sigma=2.780 valid=1; G/5Q:n=6 ab=+0.656 sigma=0.571 valid=1; C/1P:n=8 ab=+0.494 sigma=1.954 valid=1; C/7I:n=1 ab=+0.000 sigma=0.000 valid=0; C/2I:n=17 ab=+7.587 sigma=1.766 valid=1; C/5P:n=8 ab=+0.621 sigma=0.419 valid=1;
  phase-clock: G:ab=+1.9379m anchor=+1.9955m ares=-0.0576 innov=-0.0149 sigma=0.0227 sig=2 obs=12 raw=1 usable=1 streak=20 bad=0 reason=ok; C:ab=+7.5693m anchor=+7.5872m ares=-0.0180 innov=+0.0023 sigma=0.0519 sig=3 obs=30 raw=1 usable=1 streak=87 bad=0 reason=ok;
  phase-split: G/1C:n=6 frame=+16.0642cyc sigma=0.0435 resid=+5.8805 valid=1; G/5Q:n=6 frame=+14.6940cyc sigma=0.0496 resid=+7.0893 valid=1; C/1P:n=6 frame=+28.1161cyc sigma=0.0574 resid=-11.6606 valid=1; C/7I:n=1 frame=+0.0000cyc sigma=0.0000 resid=+0.0000 valid=0; C/2I:n=16 frame=+5.0892cyc sigma=0.0724 resid=-34.3260 valid=1; C/5P:n=8 frame=-1.2966cyc sigma=0.0866 resid=-31.0000 valid=1;
  b-only-phase-dryrun: cand=1 clockReady=1 residReady=1 symmetricReady=1 bridge=1/1 bridgeRms=0.1618cyc selfL=0.000000cyc/1
  b-only-bridge: state=acquiring/not-enough fixed=0 bridge=1/1 rms=0.1618cyc streak=0 bad=18
VRS [ssr-com] :52000 TX=686B nv=25 | target=base-b | mode=union reason=ok extra=2 | baseline=1541.350m state=fixed/ok fixed=1 phase=23sv/43obs streak=110 bad=0 | vis A=1 B=1 common=27 | shadow A=1 B=1 union=25 | publish A=1 B=1 | clk_A=+9.917m(23sv) clk_B=+14.194m(23sv) d_clk=-4.277m | rms((eps_A-eps_B)/2)=2.078m | L: fix=43 float=1 drop=2 refSwap=0 codeDetrend=0.699m | brdc=163 ssrSat=103 ssrMsg=288 | obs=1 sta=0 err=0
  code-bias: G/1C:n=6 ab=-0.132 sigma=2.785 valid=1; G/5Q:n=6 ab=+0.677 sigma=0.585 valid=1; C/1P:n=8 ab=+0.293 sigma=1.138 valid=1; C/7I:n=1 ab=+0.000 sigma=0.000 valid=0; C/2I:n=17 ab=+7.483 sigma=1.278 valid=1; C/5P:n=8 ab=+0.612 sigma=0.389 valid=1;
  phase-clock: G:ab=+1.9604m anchor=+1.8600m ares=+0.1003 innov=+0.1580 sigma=0.0230 sig=2 obs=12 raw=1 usable=0 streak=0 bad=1 reason=innov; C:ab=+6.7063m anchor=+6.6933m ares=+0.0131 innov=+0.0310 sigma=0.0832 sig=3 obs=30 raw=1 usable=1 streak=88 bad=0 reason=ok;
  phase-split: G/1C:n=6 frame=+16.1808cyc sigma=0.0364 resid=+0.0000 valid=0; G/5Q:n=6 frame=+14.7833cyc sigma=0.0479 resid=+0.0000 valid=0; C/1P:n=6 frame=+28.2421cyc sigma=0.0535 resid=-7.0000 valid=1; C/7I:n=1 frame=+0.0000cyc sigma=0.0000 resid=+0.0000 valid=0; C/2I:n=16 frame=+5.2038cyc sigma=0.0693 resid=-29.7179 valid=1; C/5P:n=8 frame=-1.2066cyc sigma=0.0830 resid=-27.5237 valid=1;
  b-only-phase-dryrun: cand=1 clockReady=0 residReady=0 symmetricReady=0 bridge=0/0 bridgeRms=0.0000cyc selfL=0.000000cyc/0
VRS [ssr-com] :52000 TX=686B nv=25 | target=base-b | mode=union reason=ok extra=2 | baseline=1541.350m state=fixed/ok fixed=1 phase=23sv/43obs streak=111 bad=0 | vis A=1 B=1 common=27 | shadow A=1 B=1 union=25 | publish A=1 B=1 | clk_A=+9.758m(23sv) clk_B=+14.667m(23sv) d_clk=-4.909m | rms((eps_A-eps_B)/2)=2.381m | L: fix=43 float=1 drop=2 refSwap=0 codeDetrend=0.702m | brdc=163 ssrSat=103 ssrMsg=288 | obs=1 sta=0 err=0
  code-bias: G/1C:n=6 ab=-0.082 sigma=2.751 valid=1; G/5Q:n=6 ab=+0.715 sigma=0.562 valid=1; C/1P:n=8 ab=+0.739 sigma=1.326 valid=1; C/7I:n=1 ab=+0.000 sigma=0.000 valid=0; C/2I:n=17 ab=+7.856 sigma=1.240 valid=1; C/5P:n=8 ab=+0.612 sigma=0.373 valid=1;
  phase-clock: G:ab=+1.7575m anchor=+1.7857m ares=-0.0282 innov=+0.0000 sigma=0.0103 sig=2 obs=12 raw=1 usable=0 streak=1 bad=0 reason=acquiring; C:ab=+8.1221m anchor=+8.0316m ares=+0.0906 innov=+0.0775 sigma=0.0369 sig=3 obs=30 raw=1 usable=1 streak=89 bad=0 reason=ok;
  phase-split: G/1C:n=6 frame=+16.2901cyc sigma=0.0429 resid=+0.0000 valid=0; G/5Q:n=6 frame=+14.8564cyc sigma=0.0477 resid=+0.0000 valid=0; C/1P:n=6 frame=+28.3467cyc sigma=0.0631 resid=-14.3354 valid=1; C/7I:n=1 frame=+0.0000cyc sigma=0.0000 resid=+0.0000 valid=0; C/2I:n=16 frame=+5.3134cyc sigma=0.0740 resid=-36.9807 valid=1; C/5P:n=8 frame=-1.1270cyc sigma=0.0835 resid=-33.0000 valid=1;
  b-only-phase-dryrun: cand=1 clockReady=0 residReady=0 symmetricReady=0 bridge=0/0 bridgeRms=0.0000cyc selfL=0.000000cyc/0
VRS [ssr-com] :52000 TX=686B nv=25 | target=base-b | mode=union reason=ok extra=2 | baseline=1541.350m state=fixed/ok fixed=1 phase=23sv/43obs streak=112 bad=0 | vis A=1 B=1 common=27 | shadow A=1 B=1 union=25 | publish A=1 B=1 | clk_A=+9.709m(23sv) clk_B=+14.115m(23sv) d_clk=-4.407m | rms((eps_A-eps_B)/2)=2.140m | L: fix=43 float=1 drop=2 refSwap=0 codeDetrend=0.785m | brdc=163 ssrSat=103 ssrMsg=288 | obs=1 sta=0 err=0
  code-bias: G/1C:n=6 ab=-0.059 sigma=2.716 valid=1; G/5Q:n=6 ab=+0.762 sigma=0.608 valid=1; C/1P:n=8 ab=+0.478 sigma=2.170 valid=1; C/7I:n=1 ab=+0.000 sigma=0.000 valid=0; C/2I:n=17 ab=+7.505 sigma=1.228 valid=1; C/5P:n=8 ab=+0.600 sigma=0.396 valid=1;
  phase-clock: G:ab=+1.7742m anchor=+1.7994m ares=-0.0251 innov=+0.0031 sigma=0.0086 sig=2 obs=12 raw=1 usable=0 streak=2 bad=0 reason=acquiring; C:ab=+6.9909m anchor=+7.0139m ares=-0.0230 innov=-0.1136 sigma=0.0802 sig=3 obs=30 raw=1 usable=1 streak=90 bad=0 reason=ok;
  phase-split: G/1C:n=6 frame=+16.3688cyc sigma=0.0451 resid=+0.0000 valid=0; G/5Q:n=6 frame=+14.9288cyc sigma=0.0691 resid=+0.0000 valid=0; C/1P:n=6 frame=+28.4491cyc sigma=0.0630 resid=-8.2881 valid=1; C/7I:n=1 frame=+0.0000cyc sigma=0.0000 resid=+0.0000 valid=0; C/2I:n=16 frame=+5.4032cyc sigma=0.0660 resid=-31.0000 valid=1; C/5P:n=8 frame=-1.0658cyc sigma=0.0950 resid=-28.4995 valid=1;
  b-only-phase-dryrun: cand=1 clockReady=0 residReady=0 symmetricReady=0 bridge=0/0 bridgeRms=0.0000cyc selfL=0.000000cyc/0
VRS [ssr-com] :52000 TX=686B nv=25 | target=base-b | mode=union reason=ok extra=2 | baseline=1541.350m state=fixed/ok fixed=1 phase=23sv/43obs streak=113 bad=0 | vis A=1 B=1 common=27 | shadow A=1 B=1 union=25 | publish A=1 B=1 | clk_A=+10.011m(23sv) clk_B=+14.357m(23sv) d_clk=-4.346m | rms((eps_A-eps_B)/2)=2.011m | L: fix=43 float=1 drop=2 refSwap=0 codeDetrend=0.821m | brdc=163 ssrSat=103 ssrMsg=300 | obs=1 sta=0 err=0
  code-bias: G/1C:n=6 ab=-0.009 sigma=2.581 valid=1; G/5Q:n=6 ab=+0.755 sigma=0.565 valid=1; C/1P:n=8 ab=+1.050 sigma=2.069 valid=1; C/7I:n=1 ab=+0.000 sigma=0.000 valid=0; C/2I:n=17 ab=+7.497 sigma=1.597 valid=1; C/5P:n=8 ab=+0.684 sigma=0.490 valid=1;
  phase-clock: G:ab=+1.7977m anchor=+1.8037m ares=-0.0060 innov=+0.0191 sigma=0.0080 sig=2 obs=12 raw=1 usable=1 streak=3 bad=0 reason=ok; C:ab=+6.8880m anchor=+6.8883m ares=-0.0003 innov=+0.0228 sigma=0.0553 sig=3 obs=30 raw=1 usable=1 streak=91 bad=0 reason=ok;
  phase-split: G/1C:n=6 frame=+16.4889cyc sigma=0.0485 resid=+7.0421 valid=1; G/5Q:n=6 frame=+15.0231cyc sigma=0.0519 resid=+7.9686 valid=1; C/1P:n=6 frame=+28.5547cyc sigma=0.0658 resid=-7.6421 valid=1; C/7I:n=1 frame=+0.0000cyc sigma=0.0000 resid=+0.0000 valid=0; C/2I:n=16 frame=+5.5170cyc sigma=0.0654 resid=-30.3508 valid=1; C/5P:n=8 frame=-0.9699cyc sigma=0.0917 resid=-28.0000 valid=1;
  b-only-phase-dryrun: cand=1 clockReady=1 residReady=1 symmetricReady=1 bridge=1/1 bridgeRms=0.1881cyc selfL=0.000000cyc/1
  b-only-bridge: state=acquiring/not-enough fixed=0 bridge=1/1 rms=0.1881cyc streak=0 bad=1
VRS [ssr-com] :52000 TX=686B nv=25 | target=base-b | mode=union reason=ok extra=2 | baseline=1541.350m state=fixed/ok fixed=1 phase=23sv/43obs streak=114 bad=0 | vis A=1 B=1 common=27 | shadow A=1 B=1 union=25 | publish A=1 B=1 | clk_A=+10.041m(23sv) clk_B=+14.605m(23sv) d_clk=-4.564m | rms((eps_A-eps_B)/2)=2.125m | L: fix=43 float=1 drop=2 refSwap=0 codeDetrend=0.728m | brdc=163 ssrSat=103 ssrMsg=300 | obs=1 sta=0 err=0
  code-bias: G/1C:n=6 ab=-0.048 sigma=2.487 valid=1; G/5Q:n=6 ab=+0.802 sigma=0.542 valid=1; C/1P:n=8 ab=+0.613 sigma=1.979 valid=1; C/7I:n=1 ab=+0.000 sigma=0.000 valid=0; C/2I:n=17 ab=+7.693 sigma=1.136 valid=1; C/5P:n=8 ab=+0.702 sigma=0.641 valid=1;
  phase-clock: G:ab=+1.7306m anchor=+1.6985m ares=+0.0321 innov=+0.0381 sigma=0.0860 sig=2 obs=12 raw=1 usable=1 streak=4 bad=0 reason=ok; C:ab=+7.4259m anchor=+7.4286m ares=-0.0027 innov=-0.0024 sigma=0.0342 sig=3 obs=30 raw=1 usable=1 streak=92 bad=0 reason=ok;
  phase-split: G/1C:n=6 frame=+16.6425cyc sigma=0.0436 resid=+7.5481 valid=1; G/5Q:n=6 frame=+15.1287cyc sigma=0.0510 resid=+8.3375 valid=1; C/1P:n=6 frame=+28.7120cyc sigma=0.0560 resid=-10.3115 valid=1; C/7I:n=1 frame=+0.0000cyc sigma=0.0000 resid=+0.0000 valid=0; C/2I:n=16 frame=+5.6688cyc sigma=0.0653 resid=-33.0000 valid=1; C/5P:n=8 frame=-0.8549cyc sigma=0.0876 resid=-29.9958 valid=1;
  b-only-phase-dryrun: cand=1 clockReady=1 residReady=1 symmetricReady=1 bridge=1/1 bridgeRms=0.1893cyc selfL=0.000000cyc/1
  b-only-bridge: state=acquiring/not-enough fixed=0 bridge=1/1 rms=0.1893cyc streak=0 bad=2

[BASE_2435540] RTCM 1005 - station / antenna (ARP in 1005/1006)
  RTCM 1005 (  22): staid=1660 pos=41.66934573 109.27542652 1682.150
  staid=1660  sta.name=1660  ITRF year=0
  ARP ECEF  X=-1575530.8118  Y=4505203.0666  Z=4219358.8401 (m)
  ARP LLH   lat=41.66934573 deg  lon=109.27542652 deg  h_ellip=1682.1505 m
VRS [ssr-com] :52000 TX=686B nv=25 | target=base-b | mode=union reason=ok extra=2 | baseline=1541.350m state=fixed/ok fixed=1 phase=23sv/43obs streak=115 bad=0 | vis A=1 B=1 common=27 | shadow A=1 B=1 union=25 | publish A=1 B=1 | clk_A=+9.904m(23sv) clk_B=+14.724m(23sv) d_clk=-4.820m | rms((eps_A-eps_B)/2)=2.183m | L: fix=43 float=1 drop=2 refSwap=0 codeDetrend=0.730m | brdc=163 ssrSat=103 ssrMsg=300 | obs=1 sta=0 err=0
  code-bias: G/1C:n=6 ab=+0.091 sigma=2.667 valid=1; G/5Q:n=6 ab=+0.849 sigma=0.580 valid=1; C/1P:n=8 ab=+1.341 sigma=1.743 valid=1; C/7I:n=1 ab=+0.000 sigma=0.000 valid=0; C/2I:n=17 ab=+7.675 sigma=1.164 valid=1; C/5P:n=8 ab=+0.720 sigma=0.695 valid=1;
  phase-clock: G:ab=+1.8526m anchor=+1.7885m ares=+0.0641 innov=+0.0320 sigma=0.0102 sig=2 obs=12 raw=1 usable=1 streak=5 bad=0 reason=ok; C:ab=+7.8360m anchor=+7.8510m ares=-0.0150 innov=-0.0124 sigma=0.0799 sig=3 obs=30 raw=1 usable=1 streak=93 bad=0 reason=ok;
  phase-split: G/1C:n=6 frame=+16.7887cyc sigma=0.0451 resid=+7.0534 valid=1; G/5Q:n=6 frame=+15.2300cyc sigma=0.0525 resid=+7.9601 valid=1; C/1P:n=6 frame=+28.8509cyc sigma=0.0603 resid=-12.3273 valid=1; C/7I:n=1 frame=+0.0000cyc sigma=0.0000 resid=+0.0000 valid=0; C/2I:n=16 frame=+5.8039cyc sigma=0.0776 resid=-35.0000 valid=1; C/5P:n=8 frame=-0.7650cyc sigma=0.0888 resid=-31.5150 valid=1;
  b-only-phase-dryrun: cand=1 clockReady=1 residReady=1 symmetricReady=1 bridge=1/1 bridgeRms=0.1942cyc selfL=0.000000cyc/1
  b-only-bridge: state=acquiring/not-enough fixed=0 bridge=1/1 rms=0.1942cyc streak=0 bad=3
VRS [ssr-com] :52000 TX=686B nv=25 | target=base-b | mode=union reason=ok extra=2 | baseline=1541.350m state=fixed/ok fixed=1 phase=23sv/43obs streak=116 bad=0 | vis A=1 B=1 common=27 | shadow A=1 B=1 union=25 | publish A=1 B=1 | clk_A=+10.009m(23sv) clk_B=+14.391m(23sv) d_clk=-4.382m | rms((eps_A-eps_B)/2)=1.957m | L: fix=43 float=1 drop=2 refSwap=0 codeDetrend=0.771m | brdc=163 ssrSat=103 ssrMsg=300 | obs=1 sta=0 err=0
  code-bias: G/1C:n=6 ab=+0.204 sigma=2.592 valid=1; G/5Q:n=6 ab=+0.870 sigma=0.533 valid=1; C/1P:n=8 ab=+1.239 sigma=2.175 valid=1; C/7I:n=1 ab=+0.000 sigma=0.000 valid=0; C/2I:n=17 ab=+7.707 sigma=1.174 valid=1; C/5P:n=8 ab=+0.738 sigma=0.677 valid=1;
  phase-clock: G:ab=+1.8763m anchor=+1.8235m ares=+0.0529 innov=-0.0112 sigma=0.0095 sig=2 obs=12 raw=1 usable=1 streak=6 bad=0 reason=ok; C:ab=+6.8983m anchor=+6.9404m ares=-0.0421 innov=-0.0271 sigma=0.0496 sig=3 obs=30 raw=1 usable=1 streak=94 bad=0 reason=ok;
  phase-split: G/1C:n=6 frame=+16.9103cyc sigma=0.0524 resid=+7.0501 valid=1; G/5Q:n=6 frame=+15.3257cyc sigma=0.0521 resid=+7.9626 valid=1; C/1P:n=6 frame=+28.9816cyc sigma=0.0605 resid=-7.2690 valid=1; C/7I:n=1 frame=+0.0000cyc sigma=0.0000 resid=+0.0000 valid=0; C/2I:n=16 frame=+5.9210cyc sigma=0.0797 resid=-30.0000 valid=1; C/5P:n=8 frame=-0.6586cyc sigma=0.0871 resid=-27.7288 valid=1;
  b-only-phase-dryrun: cand=1 clockReady=1 residReady=1 symmetricReady=1 bridge=1/1 bridgeRms=0.1998cyc selfL=0.000000cyc/1
  b-only-bridge: state=acquiring/not-enough fixed=0 bridge=1/1 rms=0.1998cyc streak=0 bad=4
VRS [ssr-com] :52000 TX=686B nv=25 | target=base-b | mode=union reason=ok extra=2 | baseline=1541.350m state=fixed/ok fixed=1 phase=23sv/43obs streak=117 bad=0 | vis A=1 B=1 common=27 | shadow A=1 B=1 union=25 | publish A=1 B=1 | clk_A=+10.062m(23sv) clk_B=+14.933m(23sv) d_clk=-4.870m | rms((eps_A-eps_B)/2)=2.203m | L: fix=43 float=1 drop=2 refSwap=0 codeDetrend=0.824m | brdc=163 ssrSat=103 ssrMsg=300 | obs=1 sta=0 err=0
  code-bias: G/1C:n=6 ab=+0.313 sigma=2.677 valid=1; G/5Q:n=6 ab=+0.863 sigma=0.502 valid=1; C/1P:n=8 ab=+0.511 sigma=2.357 valid=1; C/7I:n=1 ab=+0.000 sigma=0.000 valid=0; C/2I:n=17 ab=+7.705 sigma=1.339 valid=1; C/5P:n=8 ab=+0.730 sigma=0.593 valid=1;
  phase-clock: G:ab=+2.1237m anchor=+2.0358m ares=+0.0879 innov=+0.0350 sigma=0.0232 sig=2 obs=12 raw=1 usable=1 streak=7 bad=0 reason=ok; C:ab=+7.6910m anchor=+7.7051m ares=-0.0140 innov=+0.0281 sigma=0.0505 sig=3 obs=30 raw=1 usable=1 streak=95 bad=0 reason=ok;
  phase-split: G/1C:n=6 frame=+17.0382cyc sigma=0.0390 resid=+5.8782 valid=1; G/5Q:n=6 frame=+15.4247cyc sigma=0.0500 resid=+7.0909 valid=1; C/1P:n=6 frame=+29.1008cyc sigma=0.0648 resid=-11.3158 valid=1; C/7I:n=1 frame=+0.0000cyc sigma=0.0000 resid=+0.0000 valid=0; C/2I:n=16 frame=+6.0492cyc sigma=0.0850 resid=-34.0000 valid=1; C/5P:n=8 frame=-0.5689cyc sigma=0.0900 resid=-30.7501 valid=1;
  b-only-phase-dryrun: cand=1 clockReady=1 residReady=1 symmetricReady=1 bridge=1/1 bridgeRms=0.1913cyc selfL=0.000000cyc/1
  b-only-bridge: state=acquiring/not-enough fixed=0 bridge=1/1 rms=0.1913cyc streak=0 bad=5
VRS [ssr-com] :52000 TX=686B nv=25 | target=base-b | mode=union reason=ok extra=2 | baseline=1541.350m state=fixed/ok fixed=1 phase=23sv/43obs streak=118 bad=0 | vis A=1 B=1 common=27 | shadow A=1 B=1 union=25 | publish A=1 B=1 | clk_A=+9.969m(23sv) clk_B=+14.074m(23sv) d_clk=-4.105m | rms((eps_A-eps_B)/2)=1.824m | L: fix=43 float=1 drop=2 refSwap=0 codeDetrend=0.816m | brdc=163 ssrSat=103 ssrMsg=312 | obs=1 sta=0 err=0
  code-bias: G/1C:n=6 ab=+0.389 sigma=2.660 valid=1; G/5Q:n=6 ab=+0.892 sigma=0.540 valid=1; C/1P:n=8 ab=+0.574 sigma=2.323 valid=1; C/7I:n=1 ab=+0.000 sigma=0.000 valid=0; C/2I:n=17 ab=+7.721 sigma=1.327 valid=1; C/5P:n=8 ab=+0.766 sigma=0.564 valid=1;
  phase-clock: G:ab=+2.1480m anchor=+2.1472m ares=+0.0009 innov=-0.0870 sigma=0.0226 sig=2 obs=12 raw=1 usable=1 streak=8 bad=0 reason=ok; C:ab=+5.9955m anchor=+6.0638m ares=-0.0683 innov=-0.0543 sigma=0.0794 sig=3 obs=30 raw=1 usable=1 streak=96 bad=0 reason=ok;
  phase-split: G/1C:n=6 frame=+17.1691cyc sigma=0.0490 resid=+5.8810 valid=1; G/5Q:n=6 frame=+15.5182cyc sigma=0.0498 resid=+7.0888 valid=1; C/1P:n=6 frame=+29.2280cyc sigma=0.0572 resid=-2.2785 valid=1; C/7I:n=1 frame=+0.0000cyc sigma=0.0000 resid=+0.0000 valid=0; C/2I:n=16 frame=+6.1797cyc sigma=0.0743 resid=-25.0403 valid=1; C/5P:n=8 frame=-0.4725cyc sigma=0.0910 resid=-24.0000 valid=1;
  b-only-phase-dryrun: cand=1 clockReady=1 residReady=1 symmetricReady=1 bridge=1/1 bridgeRms=0.1717cyc selfL=0.000000cyc/1
  b-only-bridge: state=acquiring/not-enough fixed=0 bridge=1/1 rms=0.1717cyc streak=0 bad=6

[BASE_2435536] RTCM 1005 - station / antenna (ARP in 1005/1006)
  RTCM 1005 (  22): staid=1660 pos=41.65636202 109.26890585 1687.780
  staid=1660  sta.name=1660  ITRF year=0
  ARP ECEF  X=-1575335.8898  Y=4506291.4555  Z=4218284.9796 (m)
  ARP LLH   lat=41.65636202 deg  lon=109.26890585 deg  h_ellip=1687.7799 m
VRS [ssr-com] :52000 TX=711B nv=25 | target=base-b | mode=union reason=ok extra=2 | baseline=1541.350m state=fixed/ok fixed=1 phase=23sv/43obs streak=119 bad=0 | vis A=1 B=1 common=27 | shadow A=1 B=1 union=25 | publish A=1 B=1 | clk_A=+9.868m(23sv) clk_B=+14.997m(23sv) d_clk=-5.129m | rms((eps_A-eps_B)/2)=2.214m | L: fix=43 float=1 drop=2 refSwap=0 codeDetrend=0.816m | brdc=163 ssrSat=103 ssrMsg=312 | obs=1 sta=1 err=0
  code-bias: G/1C:n=6 ab=+0.439 sigma=2.556 valid=1; G/5Q:n=6 ab=+0.975 sigma=0.611 valid=1; C/1P:n=8 ab=+2.549 sigma=2.520 valid=1; C/7I:n=1 ab=+0.000 sigma=0.000 valid=0; C/2I:n=17 ab=+7.951 sigma=1.196 valid=1; C/5P:n=8 ab=+0.784 sigma=0.641 valid=1;
  phase-clock: G:ab=+2.1800m anchor=+2.1959m ares=-0.0158 innov=-0.0167 sigma=0.0217 sig=2 obs=12 raw=1 usable=1 streak=9 bad=0 reason=ok; C:ab=+8.0660m anchor=+8.0618m ares=+0.0042 innov=+0.0725 sigma=0.0376 sig=3 obs=30 raw=1 usable=1 streak=97 bad=0 reason=ok;
  phase-split: G/1C:n=6 frame=+17.3421cyc sigma=0.0420 resid=+5.8859 valid=1; G/5Q:n=6 frame=+15.6401cyc sigma=0.0649 resid=+7.0852 valid=1; C/1P:n=6 frame=+29.3873cyc sigma=0.0561 resid=-13.0000 valid=1; C/7I:n=1 frame=+0.0000cyc sigma=0.0000 resid=+0.0000 valid=0; C/2I:n=16 frame=+6.3401cyc sigma=0.0697 resid=-35.6618 valid=1; C/5P:n=8 frame=-0.3611cyc sigma=0.0946 resid=-32.0139 valid=1;
  b-only-phase-dryrun: cand=1 clockReady=1 residReady=1 symmetricReady=1 bridge=1/1 bridgeRms=0.1697cyc selfL=0.000000cyc/1
  b-only-bridge: state=acquiring/not-enough fixed=0 bridge=1/1 rms=0.1697cyc streak=0 bad=7
VRS [ssr-com] :52000 TX=686B nv=25 | target=base-b | mode=union reason=ok extra=2 | baseline=1541.350m state=fixed/ok fixed=1 phase=23sv/43obs streak=120 bad=0 | vis A=1 B=1 common=27 | shadow A=1 B=1 union=25 | publish A=1 B=1 | clk_A=+9.944m(23sv) clk_B=+15.066m(23sv) d_clk=-5.122m | rms((eps_A-eps_B)/2)=2.234m | L: fix=43 float=1 drop=2 refSwap=0 codeDetrend=0.765m | brdc=163 ssrSat=103 ssrMsg=312 | obs=1 sta=0 err=0
  code-bias: G/1C:n=6 ab=+0.519 sigma=2.631 valid=1; G/5Q:n=6 ab=+0.968 sigma=0.561 valid=1; C/1P:n=8 ab=+1.282 sigma=1.979 valid=1; C/7I:n=1 ab=+0.000 sigma=0.000 valid=0; C/2I:n=17 ab=+7.939 sigma=1.219 valid=1; C/5P:n=8 ab=+0.775 sigma=0.817 valid=1;
  phase-clock: G:ab=+2.2890m anchor=+2.3058m ares=-0.0167 innov=-0.0009 sigma=0.0724 sig=2 obs=12 raw=1 usable=1 streak=10 bad=0 reason=ok; C:ab=+7.8892m anchor=+7.9390m ares=-0.0498 innov=-0.0540 sigma=0.0534 sig=3 obs=30 raw=1 usable=1 streak=98 bad=0 reason=ok;
  phase-split: G/1C:n=6 frame=+17.4094cyc sigma=0.0380 resid=+5.3805 valid=1; G/5Q:n=6 frame=+15.6985cyc sigma=0.0551 resid=+6.7158 valid=1; C/1P:n=6 frame=+29.4580cyc sigma=0.0545 resid=-12.0000 valid=1; C/7I:n=1 frame=+0.0000cyc sigma=0.0000 resid=+0.0000 valid=0; C/2I:n=16 frame=+6.4179cyc sigma=0.0708 resid=-34.6632 valid=1; C/5P:n=8 frame=-0.3007cyc sigma=0.0942 resid=-31.2596 valid=1;
  b-only-phase-dryrun: cand=1 clockReady=1 residReady=1 symmetricReady=1 bridge=1/1 bridgeRms=0.1709cyc selfL=0.000000cyc/1
  b-only-bridge: state=acquiring/not-enough fixed=0 bridge=1/1 rms=0.1709cyc streak=0 bad=8
VRS [ssr-com] :52000 TX=686B nv=25 | target=base-b | mode=union reason=ok extra=2 | baseline=1541.350m state=fixed/ok fixed=1 phase=23sv/43obs streak=121 bad=0 | vis A=1 B=1 common=27 | shadow A=1 B=1 union=25 | publish A=1 B=1 | clk_A=+9.830m(23sv) clk_B=+14.900m(23sv) d_clk=-5.069m | rms((eps_A-eps_B)/2)=2.285m | L: fix=43 float=1 drop=2 refSwap=0 codeDetrend=0.792m | brdc=163 ssrSat=103 ssrMsg=312 | obs=1 sta=0 err=0
  code-bias: G/1C:n=6 ab=+0.386 sigma=2.597 valid=1; G/5Q:n=6 ab=+0.961 sigma=0.558 valid=1; C/1P:n=8 ab=+1.034 sigma=1.812 valid=1; C/7I:n=1 ab=+0.000 sigma=0.000 valid=0; C/2I:n=17 ab=+7.921 sigma=1.470 valid=1; C/5P:n=8 ab=+0.773 sigma=0.974 valid=1;
  phase-clock: G:ab=+2.2124m anchor=+2.2177m ares=-0.0053 innov=+0.0114 sigma=0.0228 sig=2 obs=12 raw=1 usable=1 streak=11 bad=0 reason=ok; C:ab=+7.9111m anchor=+7.9206m ares=-0.0095 innov=+0.0403 sigma=0.0521 sig=3 obs=30 raw=1 usable=1 streak=99 bad=0 reason=ok;
  phase-split: G/1C:n=6 frame=+17.5066cyc sigma=0.0476 resid=+5.8804 valid=1; G/5Q:n=6 frame=+15.7713cyc sigma=0.0439 resid=+7.0893 valid=1; C/1P:n=6 frame=+29.5731cyc sigma=0.0622 resid=-12.0000 valid=1; C/7I:n=1 frame=+0.0000cyc sigma=0.0000 resid=+0.0000 valid=0; C/2I:n=16 frame=+6.5145cyc sigma=0.0790 resid=-34.6806 valid=1; C/5P:n=8 frame=-0.2145cyc sigma=0.0866 resid=-31.2593 valid=1;
  b-only-phase-dryrun: cand=1 clockReady=1 residReady=1 symmetricReady=1 bridge=1/1 bridgeRms=0.1899cyc selfL=0.000000cyc/1
  b-only-bridge: state=acquiring/not-enough fixed=0 bridge=1/1 rms=0.1899cyc streak=0 bad=9
VRS [ssr-com] :52000 TX=494B nv=25 | target=base-b | mode=union reason=ok extra=10 | baseline=1541.350m state=fixed/ok fixed=1 phase=15sv/22obs streak=122 bad=0 | vis A=9 B=1 common=19 | shadow A=9 B=1 union=25 | publish A=9 B=1 | clk_A=+8.909m(15sv) clk_B=+13.842m(15sv) d_clk=-4.932m | rms((eps_A-eps_B)/2)=1.267m | L: fix=22 float=0 drop=0 refSwap=0 codeDetrend=0.998m | brdc=163 ssrSat=103 ssrMsg=312 | obs=1 sta=0 err=0
  code-bias: G/1C:n=6 ab=+0.431 sigma=2.921 valid=1; G/5Q:n=6 ab=+0.972 sigma=0.550 valid=1; C/7I:n=1 ab=+0.000 sigma=0.000 valid=0; C/2I:n=9 ab=+7.509 sigma=1.845 valid=1;
  phase-clock: G:ab=+2.2352m anchor=+2.2528m ares=-0.0176 innov=-0.0123 sigma=0.0220 sig=2 obs=12 raw=1 usable=1 streak=12 bad=0 reason=ok; C:ab=+7.6086m anchor=+7.6116m ares=-0.0030 innov=+0.0065 sigma=0.0000 sig=1 obs=9 raw=1 usable=1 streak=100 bad=0 reason=ok;
  phase-split: G/1C:n=6 frame=+17.6304cyc sigma=0.0384 resid=+5.8843 valid=1; G/5Q:n=6 frame=+15.8578cyc sigma=0.0516 resid=+7.0864 valid=1; C/7I:n=1 frame=+0.0000cyc sigma=0.0000 resid=+0.0000 valid=0; C/2I:n=9 frame=+6.6199cyc sigma=0.0316 resid=-33.0000 valid=1;
  b-only-phase-dryrun: cand=1 clockReady=1 residReady=1 symmetricReady=1 bridge=1/1 bridgeRms=0.1855cyc selfL=0.000000cyc/1
  b-only-bridge: state=acquiring/not-enough fixed=0 bridge=1/1 rms=0.1855cyc streak=0 bad=10
VRS [ssr-com] :52000 TX=671B nv=24 | target=base-b | mode=union reason=ok extra=1 | baseline=1541.350m state=fixed/ok fixed=1 phase=23sv/43obs streak=123 bad=0 | vis A=1 B=1 common=27 | shadow A=1 B=1 union=25 | publish A=1 B=0 | clk_A=+10.024m(23sv) clk_B=+14.994m(23sv) d_clk=-4.971m | rms((eps_A-eps_B)/2)=2.300m | L: fix=43 float=1 drop=2 refSwap=0 codeDetrend=0.820m | brdc=163 ssrSat=103 ssrMsg=324 | obs=1 sta=0 err=0
  code-bias: G/1C:n=6 ab=+0.427 sigma=3.031 valid=0; G/5Q:n=6 ab=+0.939 sigma=0.537 valid=1; C/1P:n=8 ab=-0.352 sigma=1.695 valid=1; C/7I:n=1 ab=+0.000 sigma=0.000 valid=0; C/2I:n=17 ab=+7.821 sigma=1.377 valid=1; C/5P:n=8 ab=+0.818 sigma=1.062 valid=1;
  phase-clock: G:ab=+2.2458m anchor=+2.1978m ares=+0.0481 innov=+0.0656 sigma=0.0227 sig=2 obs=12 raw=1 usable=1 streak=13 bad=0 reason=ok; C:ab=+7.7549m anchor=+7.7433m ares=+0.0117 innov=+0.0147 sigma=0.0850 sig=3 obs=30 raw=1 usable=1 streak=101 bad=0 reason=ok;
  phase-split: G/1C:n=6 frame=+17.6827cyc sigma=0.0408 resid=+5.8807 valid=1; G/5Q:n=6 frame=+15.9022cyc sigma=0.0538 resid=+7.0891 valid=1; C/1P:n=6 frame=+29.7524cyc sigma=0.0615 resid=-11.0000 valid=1; C/7I:n=1 frame=+0.0000cyc sigma=0.0000 resid=+0.0000 valid=0; C/2I:n=16 frame=+6.6981cyc sigma=0.0761 resid=-33.6838 valid=1; C/5P:n=8 frame=-0.0942cyc sigma=0.0844 resid=-30.5262 valid=1;
  b-only-phase-dryrun: cand=1 clockReady=1 residReady=1 symmetricReady=1 bridge=1/1 bridgeRms=0.1945cyc selfL=0.000000cyc/1
  b-only-bridge: state=acquiring/not-enough fixed=0 bridge=1/1 rms=0.1945cyc streak=0 bad=11
VRS [ssr-com] :52000 TX=671B nv=24 | target=base-b | mode=union reason=ok extra=1 | baseline=1541.350m state=fixed/ok fixed=1 phase=23sv/43obs streak=124 bad=0 | vis A=1 B=1 common=27 | shadow A=1 B=1 union=25 | publish A=1 B=0 | clk_A=+10.004m(23sv) clk_B=+14.767m(23sv) d_clk=-4.763m | rms((eps_A-eps_B)/2)=2.177m | L: fix=43 float=1 drop=2 refSwap=0 codeDetrend=0.816m | brdc=163 ssrSat=103 ssrMsg=324 | obs=1 sta=0 err=0
  code-bias: G/1C:n=6 ab=+0.379 sigma=3.150 valid=0; G/5Q:n=6 ab=+0.976 sigma=0.544 valid=1; C/1P:n=8 ab=-0.127 sigma=1.933 valid=1; C/7I:n=1 ab=+0.000 sigma=0.000 valid=0; C/2I:n=17 ab=+7.841 sigma=1.150 valid=1; C/5P:n=8 ab=+0.854 sigma=0.878 valid=1;
  phase-clock: G:ab=+2.0419m anchor=+2.1057m ares=-0.0637 innov=-0.1118 sigma=0.0098 sig=2 obs=12 raw=1 usable=1 streak=14 bad=0 reason=ok; C:ab=+7.3896m anchor=+7.4208m ares=-0.0311 innov=-0.0428 sigma=0.0339 sig=3 obs=30 raw=1 usable=1 streak=102 bad=0 reason=ok;
  phase-split: G/1C:n=6 frame=+17.7820cyc sigma=0.0409 resid=+7.0517 valid=1; G/5Q:n=6 frame=+15.9743cyc sigma=0.0553 resid=+7.9614 valid=1; C/1P:n=6 frame=+29.8328cyc sigma=0.0583 resid=-9.0000 valid=1; C/7I:n=1 frame=+0.0000cyc sigma=0.0000 resid=+0.0000 valid=0; C/2I:n=16 frame=+6.7838cyc sigma=0.0696 resid=-31.6960 valid=1; C/5P:n=8 frame=-0.0261cyc sigma=0.0837 resid=-29.0246 valid=1;
  b-only-phase-dryrun: cand=1 clockReady=1 residReady=1 symmetricReady=1 bridge=0/1 bridgeRms=0.2047cyc selfL=0.000000cyc/1
  b-only-bridge: state=acquiring/not-enough fixed=0 bridge=0/1 rms=0.2047cyc streak=0 bad=12

[BASE_2435540] RTCM 1005 - station / antenna (ARP in 1005/1006)
  RTCM 1005 (  22): staid=1660 pos=41.66934573 109.27542652 1682.150
  staid=1660  sta.name=1660  ITRF year=0
  ARP ECEF  X=-1575530.8118  Y=4505203.0666  Z=4219358.8401 (m)
  ARP LLH   lat=41.66934573 deg  lon=109.27542652 deg  h_ellip=1682.1505 m
VRS [ssr-com] :52000 TX=346B nv=15 | target=base-b | mode=common-only reason=residual extra=9 | baseline=1541.350m state=fixed/ok fixed=1 phase=15sv/22obs streak=125 bad=0 | vis A=1 B=9 common=19 | shadow A=1 B=9 union=25 | publish A=1 B=8 | clk_A=+8.856m(15sv) clk_B=+13.675m(15sv) d_clk=-4.819m | rms((eps_A-eps_B)/2)=1.231m | L: fix=22 float=0 drop=0 refSwap=0 codeDetrend=1.021m | brdc=163 ssrSat=103 ssrMsg=324 | obs=1 sta=0 err=0
  code-bias: G/1C:n=6 ab=+0.393 sigma=3.170 valid=0; G/5Q:n=6 ab=+0.997 sigma=0.572 valid=1; C/7I:n=1 ab=+0.000 sigma=0.000 valid=0; C/2I:n=9 ab=+7.114 sigma=1.676 valid=1;
  phase-clock: G:ab=+2.2757m anchor=+2.2269m ares=+0.0488 innov=+0.1125 sigma=0.0231 sig=2 obs=12 raw=1 usable=1 streak=15 bad=0 reason=ok; C:ab=+7.4544m anchor=+7.4115m ares=+0.0428 innov=+0.0740 sigma=0.0000 sig=1 obs=9 raw=1 usable=1 streak=103 bad=0 reason=ok;
  phase-split: G/1C:n=6 frame=+17.8371cyc sigma=0.0394 resid=+5.8784 valid=1; G/5Q:n=6 frame=+16.0211cyc sigma=0.0442 resid=+7.0908 valid=1; C/7I:n=1 frame=+0.0000cyc sigma=0.0000 resid=+0.0000 valid=0; C/2I:n=9 frame=+6.8168cyc sigma=0.0358 resid=-32.0000 valid=1;
  b-only-phase-dryrun: cand=25 clockReady=25 residReady=9 symmetricReady=9 bridge=3/9 bridgeRms=0.3191cyc selfL=0.000000cyc/9
  b-only-bridge: state=acquiring/not-all-fixed fixed=0 bridge=3/9 rms=0.3191cyc streak=0 bad=13
VRS [ssr-com] :52000 TX=686B nv=25 | target=base-b | mode=union reason=ok extra=2 | baseline=1541.350m state=fixed/ok fixed=1 phase=23sv/43obs streak=126 bad=0 | vis A=1 B=1 common=27 | shadow A=1 B=1 union=25 | publish A=1 B=1 | clk_A=+9.960m(23sv) clk_B=+14.963m(23sv) d_clk=-5.003m | rms((eps_A-eps_B)/2)=2.336m | L: fix=43 float=1 drop=2 refSwap=0 codeDetrend=0.798m | brdc=163 ssrSat=103 ssrMsg=324 | obs=1 sta=0 err=0
  code-bias: G/1C:n=6 ab=+0.380 sigma=2.955 valid=1; G/5Q:n=6 ab=+0.971 sigma=0.577 valid=1; C/1P:n=8 ab=+0.191 sigma=1.880 valid=1; C/7I:n=1 ab=+0.000 sigma=0.000 valid=0; C/2I:n=17 ab=+7.899 sigma=1.317 valid=1; C/5P:n=8 ab=+0.916 sigma=0.559 valid=1;
  phase-clock: G:ab=+2.2801m anchor=+2.2300m ares=+0.0501 innov=+0.0014 sigma=0.0224 sig=2 obs=12 raw=1 usable=1 streak=16 bad=0 reason=ok; C:ab=+7.7865m anchor=+7.7751m ares=+0.0115 innov=-0.0314 sigma=0.0836 sig=3 obs=30 raw=1 usable=1 streak=104 bad=0 reason=ok;
  phase-split: G/1C:n=6 frame=+17.8643cyc sigma=0.0427 resid=+5.8821 valid=1; G/5Q:n=6 frame=+16.0358cyc sigma=0.0618 resid=+7.0881 valid=1; C/1P:n=6 frame=+29.9185cyc sigma=0.0570 resid=-11.0000 valid=1; C/7I:n=1 frame=+0.0000cyc sigma=0.0000 resid=+0.0000 valid=0; C/2I:n=16 frame=+6.8676cyc sigma=0.0721 resid=-33.6790 valid=1; C/5P:n=8 frame=+0.0423cyc sigma=0.0879 resid=-30.5138 valid=1;
  b-only-phase-dryrun: cand=1 clockReady=1 residReady=1 symmetricReady=1 bridge=0/1 bridgeRms=0.2386cyc selfL=0.000000cyc/1
  b-only-bridge: state=acquiring/not-enough fixed=0 bridge=0/1 rms=0.2386cyc streak=0 bad=14
VRS [ssr-com] :52000 TX=671B nv=24 | target=base-b | mode=union reason=ok extra=1 | baseline=1541.350m state=fixed/ok fixed=1 phase=23sv/43obs streak=127 bad=0 | vis A=1 B=1 common=27 | shadow A=1 B=1 union=25 | publish A=1 B=0 | clk_A=+9.931m(23sv) clk_B=+15.064m(23sv) d_clk=-5.133m | rms((eps_A-eps_B)/2)=2.493m | L: fix=43 float=1 drop=2 refSwap=0 codeDetrend=0.781m | brdc=163 ssrSat=103 ssrMsg=324 | obs=1 sta=0 err=0
  code-bias: G/1C:n=6 ab=+0.376 sigma=3.357 valid=0; G/5Q:n=6 ab=+0.936 sigma=0.493 valid=1; C/1P:n=8 ab=-0.442 sigma=1.704 valid=1; C/7I:n=1 ab=+0.000 sigma=0.000 valid=0; C/2I:n=17 ab=+8.025 sigma=0.957 valid=1; C/5P:n=8 ab=+0.942 sigma=0.506 valid=1;
  phase-clock: G:ab=+2.2845m anchor=+2.2410m ares=+0.0435 innov=-0.0066 sigma=0.0217 sig=2 obs=12 raw=1 usable=1 streak=17 bad=0 reason=ok; C:ab=+7.9847m anchor=+8.0247m ares=-0.0400 innov=-0.0515 sigma=0.0527 sig=3 obs=30 raw=1 usable=1 streak=105 bad=0 reason=ok;
  phase-split: G/1C:n=6 frame=+17.8914cyc sigma=0.0399 resid=+5.8860 valid=1; G/5Q:n=6 frame=+16.0501cyc sigma=0.0568 resid=+7.0851 valid=1; C/1P:n=6 frame=+29.9600cyc sigma=0.0641 resid=-12.0000 valid=1; C/7I:n=1 frame=+0.0000cyc sigma=0.0000 resid=+0.0000 valid=0; C/2I:n=16 frame=+6.8954cyc sigma=0.0798 resid=-34.6832 valid=1; C/5P:n=8 frame=+0.0665cyc sigma=0.0848 resid=-31.2673 valid=1;
  b-only-phase-dryrun: cand=1 clockReady=1 residReady=1 symmetricReady=1 bridge=0/1 bridgeRms=0.2563cyc selfL=0.000000cyc/1
  b-only-bridge: state=acquiring/not-enough fixed=0 bridge=0/1 rms=0.2563cyc streak=0 bad=15
VRS [ssr-com] :52000 TX=671B nv=24 | target=base-b | mode=union reason=ok extra=1 | baseline=1541.350m state=fixed/ok fixed=1 phase=23sv/43obs streak=128 bad=0 | vis A=1 B=1 common=27 | shadow A=1 B=1 union=25 | publish A=1 B=0 | clk_A=+9.801m(23sv) clk_B=+15.056m(23sv) d_clk=-5.256m | rms((eps_A-eps_B)/2)=2.607m | L: fix=43 float=1 drop=2 refSwap=0 codeDetrend=0.778m | brdc=163 ssrSat=103 ssrMsg=336 | obs=1 sta=0 err=0
  code-bias: G/1C:n=6 ab=+0.372 sigma=3.315 valid=0; G/5Q:n=6 ab=+0.981 sigma=0.501 valid=1; C/1P:n=8 ab=-0.555 sigma=1.656 valid=1; C/7I:n=1 ab=+0.000 sigma=0.000 valid=0; C/2I:n=17 ab=+8.085 sigma=1.004 valid=1; C/5P:n=8 ab=+0.937 sigma=0.539 valid=1;
  phase-clock: G:ab=+2.2849m anchor=+2.2150m ares=+0.0699 innov=+0.0264 sigma=0.0230 sig=2 obs=12 raw=1 usable=1 streak=18 bad=0 reason=ok; C:ab=+8.2383m anchor=+8.2960m ares=-0.0578 innov=-0.0178 sigma=0.0816 sig=3 obs=30 raw=1 usable=1 streak=106 bad=0 reason=ok;
  phase-split: G/1C:n=6 frame=+17.8861cyc sigma=0.0461 resid=+5.8790 valid=1; G/5Q:n=6 frame=+16.0567cyc sigma=0.0418 resid=+7.0904 valid=1; C/1P:n=6 frame=+29.9460cyc sigma=0.0552 resid=-13.3463 valid=1; C/7I:n=1 frame=+0.0000cyc sigma=0.0000 resid=+0.0000 valid=0; C/2I:n=16 frame=+6.8987cyc sigma=0.0846 resid=-36.0000 valid=1; C/5P:n=8 frame=+0.0660cyc sigma=0.0873 resid=-32.2627 valid=1;
  b-only-phase-dryrun: cand=1 clockReady=1 residReady=1 symmetricReady=1 bridge=0/1 bridgeRms=0.2738cyc selfL=0.000000cyc/1
  b-only-bridge: state=acquiring/not-enough fixed=0 bridge=0/1 rms=0.2738cyc streak=0 bad=16

[BASE_2435536] RTCM 1005 - station / antenna (ARP in 1005/1006)
  RTCM 1005 (  22): staid=1660 pos=41.65636202 109.26890585 1687.780
  staid=1660  sta.name=1660  ITRF year=0
  ARP ECEF  X=-1575335.8898  Y=4506291.4555  Z=4218284.9796 (m)
  ARP LLH   lat=41.65636202 deg  lon=109.26890585 deg  h_ellip=1687.7799 m
VRS [ssr-com] :52000 TX=696B nv=24 | target=base-b | mode=union reason=ok extra=1 | baseline=1541.350m state=fixed/ok fixed=1 phase=23sv/43obs streak=129 bad=0 | vis A=1 B=1 common=27 | shadow A=1 B=1 union=25 | publish A=1 B=0 | clk_A=+9.831m(23sv) clk_B=+15.076m(23sv) d_clk=-5.245m | rms((eps_A-eps_B)/2)=2.642m | L: fix=43 float=1 drop=2 refSwap=0 codeDetrend=0.847m | brdc=163 ssrSat=103 ssrMsg=336 | obs=1 sta=1 err=0
  code-bias: G/1C:n=6 ab=+0.484 sigma=3.192 valid=0; G/5Q:n=6 ab=+0.999 sigma=0.493 valid=1; C/1P:n=8 ab=-1.064 sigma=1.992 valid=1; C/7I:n=1 ab=+0.000 sigma=0.000 valid=0; C/2I:n=17 ab=+8.221 sigma=1.381 valid=1; C/5P:n=8 ab=+0.996 sigma=0.541 valid=1;
  phase-clock: G:ab=+2.2909m anchor=+2.2799m ares=+0.0110 innov=-0.0589 sigma=0.0221 sig=2 obs=12 raw=1 usable=1 streak=19 bad=0 reason=ok; C:ab=+8.1791m anchor=+8.2107m ares=-0.0316 innov=+0.0262 sigma=0.0375 sig=3 obs=30 raw=1 usable=1 streak=107 bad=0 reason=ok;
  phase-split: G/1C:n=6 frame=+17.9227cyc sigma=0.0363 resid=+5.8841 valid=1; G/5Q:n=6 frame=+16.0764cyc sigma=0.0556 resid=+7.0865 valid=1; C/1P:n=6 frame=+29.9767cyc sigma=0.0584 resid=-13.0050 valid=1; C/7I:n=1 frame=+0.0000cyc sigma=0.0000 resid=+0.0000 valid=0; C/2I:n=16 frame=+6.9291cyc sigma=0.0772 resid=-35.6619 valid=1; C/5P:n=8 frame=+0.0967cyc sigma=0.0864 resid=-32.0000 valid=1;
  b-only-phase-dryrun: cand=1 clockReady=1 residReady=1 symmetricReady=1 bridge=0/1 bridgeRms=0.2894cyc selfL=0.000000cyc/1
  b-only-bridge: state=acquiring/not-enough fixed=0 bridge=0/1 rms=0.2894cyc streak=0 bad=17
VRS [ssr-com] :52000 TX=671B nv=24 | target=base-b | mode=union reason=ok extra=1 | baseline=1541.350m state=fixed/ok fixed=1 phase=23sv/43obs streak=130 bad=0 | vis A=1 B=1 common=27 | shadow A=1 B=1 union=25 | publish A=1 B=0 | clk_A=+9.801m(23sv) clk_B=+14.903m(23sv) d_clk=-5.102m | rms((eps_A-eps_B)/2)=2.427m | L: fix=43 float=1 drop=2 refSwap=0 codeDetrend=0.838m | brdc=163 ssrSat=103 ssrMsg=336 | obs=1 sta=0 err=0
  code-bias: G/1C:n=6 ab=+0.569 sigma=3.031 valid=0; G/5Q:n=6 ab=+0.990 sigma=0.480 valid=1; C/1P:n=8 ab=-0.247 sigma=2.291 valid=1; C/7I:n=1 ab=+0.000 sigma=0.000 valid=0; C/2I:n=17 ab=+7.765 sigma=1.223 valid=1; C/5P:n=8 ab=+0.992 sigma=0.550 valid=1;
  phase-clock: G:ab=+2.2812m anchor=+2.2175m ares=+0.0637 innov=+0.0527 sigma=0.0236 sig=2 obs=12 raw=1 usable=1 streak=20 bad=0 reason=ok; C:ab=+7.9798m anchor=+7.9874m ares=-0.0076 innov=+0.0240 sigma=0.0534 sig=3 obs=30 raw=1 usable=1 streak=108 bad=0 reason=ok;
  phase-split: G/1C:n=6 frame=+17.8636cyc sigma=0.0283 resid=+5.8759 valid=1; G/5Q:n=6 frame=+16.0445cyc sigma=0.0547 resid=+7.0927 valid=1; C/1P:n=6 frame=+29.9343cyc sigma=0.0597 resid=-12.0000 valid=1; C/7I:n=1 frame=+0.0000cyc sigma=0.0000 resid=+0.0000 valid=0; C/2I:n=16 frame=+6.8780cyc sigma=0.0737 resid=-34.6751 valid=1; C/5P:n=8 frame=+0.0466cyc sigma=0.0830 resid=-31.2680 valid=1;
  b-only-phase-dryrun: cand=1 clockReady=1 residReady=1 symmetricReady=1 bridge=0/1 bridgeRms=0.3071cyc selfL=0.000000cyc/1
  b-only-bridge: state=acquiring/not-enough fixed=0 bridge=0/1 rms=0.3071cyc streak=0 bad=18
VRS [ssr-com] :52000 TX=671B nv=24 | target=base-b | mode=union reason=ok extra=1 | baseline=1541.350m state=fixed/ok fixed=1 phase=23sv/43obs streak=131 bad=0 | vis A=1 B=1 common=27 | shadow A=1 B=1 union=25 | publish A=1 B=0 | clk_A=+9.738m(23sv) clk_B=+14.751m(23sv) d_clk=-5.013m | rms((eps_A-eps_B)/2)=2.449m | L: fix=43 float=1 drop=2 refSwap=0 codeDetrend=0.952m | brdc=163 ssrSat=103 ssrMsg=336 | obs=1 sta=0 err=0
  code-bias: G/1C:n=6 ab=+0.592 sigma=3.258 valid=0; G/5Q:n=6 ab=+0.946 sigma=0.445 valid=1; C/1P:n=8 ab=-0.449 sigma=2.725 valid=1; C/7I:n=1 ab=+0.000 sigma=0.000 valid=0; C/2I:n=17 ab=+7.924 sigma=1.469 valid=1; C/5P:n=8 ab=+0.973 sigma=0.529 valid=1;
  phase-clock: G:ab=+2.0445m anchor=+2.0747m ares=-0.0301 innov=-0.0939 sigma=0.0099 sig=2 obs=12 raw=1 usable=1 streak=21 bad=0 reason=ok; C:ab=+7.9639m anchor=+7.9512m ares=+0.0127 innov=+0.0203 sigma=0.0534 sig=3 obs=30 raw=1 usable=1 streak=109 bad=0 reason=ok;
  phase-split: G/1C:n=6 frame=+17.7964cyc sigma=0.0385 resid=+7.0522 valid=1; G/5Q:n=6 frame=+15.9843cyc sigma=0.0507 resid=+7.9610 valid=1; C/1P:n=6 frame=+29.8506cyc sigma=0.0511 resid=-12.0000 valid=1; C/7I:n=1 frame=+0.0000cyc sigma=0.0000 resid=+0.0000 valid=0; C/2I:n=16 frame=+6.8006cyc sigma=0.0750 resid=-34.6696 valid=1; C/5P:n=8 frame=-0.0120cyc sigma=0.0931 resid=-31.2641 valid=1;
  b-only-phase-dryrun: cand=1 clockReady=1 residReady=1 symmetricReady=1 bridge=0/1 bridgeRms=0.3267cyc selfL=0.000000cyc/1
  b-only-bridge: state=acquiring/not-enough fixed=0 bridge=0/1 rms=0.3267cyc streak=0 bad=19
VRS [ssr-com] :52000 TX=671B nv=24 | target=base-b | mode=union reason=ok extra=1 | baseline=1541.350m state=fixed/ok fixed=1 phase=23sv/43obs streak=132 bad=0 | vis A=1 B=1 common=27 | shadow A=1 B=1 union=25 | publish A=1 B=0 | clk_A=+9.884m(23sv) clk_B=+14.865m(23sv) d_clk=-4.981m | rms((eps_A-eps_B)/2)=2.297m | L: fix=43 float=1 drop=2 refSwap=0 codeDetrend=0.837m | brdc=163 ssrSat=103 ssrMsg=336 | obs=1 sta=0 err=0
  code-bias: G/1C:n=6 ab=+0.627 sigma=3.579 valid=0; G/5Q:n=6 ab=+0.920 sigma=0.436 valid=1; C/1P:n=8 ab=+0.155 sigma=1.626 valid=1; C/7I:n=1 ab=+0.000 sigma=0.000 valid=0; C/2I:n=17 ab=+7.829 sigma=1.209 valid=1; C/5P:n=8 ab=+1.017 sigma=0.505 valid=1;
  phase-clock: G:ab=+2.0246m anchor=+2.0213m ares=+0.0033 innov=+0.0334 sigma=0.0101 sig=2 obs=12 raw=1 usable=1 streak=22 bad=0 reason=ok; C:ab=+7.9464m anchor=+7.9406m ares=+0.0057 innov=-0.0070 sigma=0.0523 sig=3 obs=30 raw=1 usable=1 streak=110 bad=0 reason=ok;
  phase-split: G/1C:n=6 frame=+17.6925cyc sigma=0.0505 resid=+7.0532 valid=1; G/5Q:n=6 frame=+15.9052cyc sigma=0.0507 resid=+7.9603 valid=1; C/1P:n=6 frame=+29.7584cyc sigma=0.0553 resid=-12.0000 valid=1; C/7I:n=1 frame=+0.0000cyc sigma=0.0000 resid=+0.0000 valid=0; C/2I:n=16 frame=+6.7024cyc sigma=0.0806 resid=-34.6763 valid=1; C/5P:n=8 frame=-0.0755cyc sigma=0.0772 resid=-31.2587 valid=1;
  b-only-phase-dryrun: cand=1 clockReady=1 residReady=1 symmetricReady=1 bridge=0/1 bridgeRms=0.3189cyc selfL=0.000000cyc/1
  b-only-bridge: state=acquiring/not-enough fixed=0 bridge=0/1 rms=0.3189cyc streak=0 bad=20
VRS [ssr-com] :52000 TX=671B nv=24 | target=base-b | mode=union reason=ok extra=1 | baseline=1541.350m state=fixed/ok fixed=1 phase=23sv/43obs streak=133 bad=0 | vis A=1 B=1 common=27 | shadow A=1 B=1 union=25 | publish A=1 B=0 | clk_A=+10.041m(23sv) clk_B=+14.752m(23sv) d_clk=-4.711m | rms((eps_A-eps_B)/2)=2.335m | L: fix=43 float=1 drop=2 refSwap=0 codeDetrend=0.861m | brdc=163 ssrSat=103 ssrMsg=344 | obs=1 sta=0 err=0
  code-bias: G/1C:n=6 ab=+0.551 sigma=3.454 valid=0; G/5Q:n=6 ab=+0.875 sigma=0.478 valid=1; C/1P:n=8 ab=-0.271 sigma=1.203 valid=1; C/7I:n=1 ab=+0.000 sigma=0.000 valid=0; C/2I:n=17 ab=+7.745 sigma=1.671 valid=1; C/5P:n=8 ab=+0.928 sigma=0.431 valid=1;
  phase-clock: G:ab=+1.9686m anchor=+1.9500m ares=+0.0187 innov=+0.0153 sigma=0.0106 sig=2 obs=12 raw=1 usable=1 streak=23 bad=0 reason=ok; C:ab=+7.5085m anchor=+7.4720m ares=+0.0366 innov=+0.0309 sigma=0.0832 sig=3 obs=30 raw=1 usable=1 streak=111 bad=0 reason=ok;
  phase-split: G/1C:n=6 frame=+17.4007cyc sigma=0.0426 resid=+7.0555 valid=1; G/5Q:n=6 frame=+15.6838cyc sigma=0.0438 resid=+7.9585 valid=1; C/1P:n=6 frame=+29.4577cyc sigma=0.0586 resid=-10.0000 valid=1; C/7I:n=1 frame=+0.0000cyc sigma=0.0000 resid=+0.0000 valid=0; C/2I:n=16 frame=+6.4143cyc sigma=0.0763 resid=-32.6847 valid=1; C/5P:n=8 frame=-0.3037cyc sigma=0.0914 resid=-29.7689 valid=1;
  b-only-phase-dryrun: cand=1 clockReady=1 residReady=1 symmetricReady=1 bridge=0/1 bridgeRms=0.3442cyc selfL=0.000000cyc/1
  b-only-bridge: state=acquiring/not-enough fixed=0 bridge=0/1 rms=0.3442cyc streak=0 bad=21
VRS [ssr-com] :52000 TX=671B nv=24 | target=base-b | mode=union reason=ok extra=1 | baseline=1541.350m state=fixed/ok fixed=1 phase=23sv/43obs streak=134 bad=0 | vis A=1 B=1 common=27 | shadow A=1 B=1 union=25 | publish A=1 B=0 | clk_A=+9.710m(23sv) clk_B=+14.752m(23sv) d_clk=-5.042m | rms((eps_A-eps_B)/2)=2.453m | L: fix=43 float=1 drop=2 refSwap=0 codeDetrend=0.833m | brdc=163 ssrSat=103 ssrMsg=348 | obs=1 sta=0 err=0
  code-bias: G/1C:n=6 ab=+0.570 sigma=3.676 valid=0; G/5Q:n=6 ab=+0.858 sigma=0.436 valid=1; C/1P:n=8 ab=+0.058 sigma=0.982 valid=1; C/7I:n=1 ab=+0.000 sigma=0.000 valid=0; C/2I:n=17 ab=+7.843 sigma=1.412 valid=1; C/5P:n=8 ab=+1.009 sigma=0.375 valid=1;
  phase-clock: G:ab=+1.9874m anchor=+2.0307m ares=-0.0432 innov=-0.0619 sigma=0.0091 sig=2 obs=12 raw=1 usable=1 streak=24 bad=0 reason=ok; C:ab=+8.0965m anchor=+8.0538m ares=+0.0427 innov=+0.0061 sigma=0.0725 sig=3 obs=30 raw=1 usable=1 streak=112 bad=0 reason=ok;
  phase-split: G/1C:n=6 frame=+17.4917cyc sigma=0.0321 resid=+7.0476 valid=1; G/5Q:n=6 frame=+15.7636cyc sigma=0.0551 resid=+7.9644 valid=1; C/1P:n=6 frame=+29.5649cyc sigma=0.0588 resid=-12.9827 valid=1; C/7I:n=1 frame=+0.0000cyc sigma=0.0000 resid=+0.0000 valid=0; C/2I:n=16 frame=+6.5073cyc sigma=0.0781 resid=-35.6535 valid=1; C/5P:n=8 frame=-0.2274cyc sigma=0.0954 resid=-32.0000 valid=1;
  b-only-phase-dryrun: cand=1 clockReady=1 residReady=1 symmetricReady=1 bridge=0/1 bridgeRms=0.3434cyc selfL=0.000000cyc/1
  b-only-bridge: state=acquiring/not-enough fixed=0 bridge=0/1 rms=0.3434cyc streak=0 bad=22

[BASE_2435540] RTCM 1005 - station / antenna (ARP in 1005/1006)
  RTCM 1005 (  22): staid=1660 pos=41.66934573 109.27542652 1682.150
  staid=1660  sta.name=1660  ITRF year=0
  ARP ECEF  X=-1575530.8118  Y=4505203.0666  Z=4219358.8401 (m)
  ARP LLH   lat=41.66934573 deg  lon=109.27542652 deg  h_ellip=1682.1505 m
VRS [ssr-com] :52000 TX=671B nv=24 | target=base-b | mode=union reason=ok extra=1 | baseline=1541.350m state=fixed/ok fixed=1 phase=23sv/43obs streak=135 bad=0 | vis A=1 B=1 common=27 | shadow A=1 B=1 union=25 | publish A=1 B=0 | clk_A=+9.627m(23sv) clk_B=+14.763m(23sv) d_clk=-5.136m | rms((eps_A-eps_B)/2)=2.398m | L: fix=43 float=1 drop=2 refSwap=0 codeDetrend=0.817m | brdc=163 ssrSat=103 ssrMsg=348 | obs=1 sta=0 err=0
  code-bias: G/1C:n=6 ab=+0.486 sigma=3.301 valid=0; G/5Q:n=6 ab=+0.957 sigma=0.421 valid=1; C/1P:n=8 ab=+0.001 sigma=1.419 valid=1; C/7I:n=1 ab=+0.000 sigma=0.000 valid=0; C/2I:n=17 ab=+7.816 sigma=1.471 valid=1; C/5P:n=8 ab=+1.051 sigma=0.322 valid=1;
  phase-clock: G:ab=+2.0612m anchor=+2.1025m ares=-0.0412 innov=+0.0020 sigma=0.0114 sig=2 obs=12 raw=1 usable=1 streak=25 bad=0 reason=ok; C:ab=+8.1688m anchor=+8.1687m ares=+0.0001 innov=-0.0426 sigma=0.0385 sig=3 obs=30 raw=1 usable=1 streak=113 bad=0 reason=ok;
  phase-split: G/1C:n=6 frame=+17.8921cyc sigma=0.0507 resid=+7.0602 valid=1; G/5Q:n=6 frame=+16.0439cyc sigma=0.0452 resid=+7.9551 valid=1; C/1P:n=6 frame=+29.9275cyc sigma=0.0506 resid=-13.0000 valid=1; C/7I:n=1 frame=+0.0000cyc sigma=0.0000 resid=+0.0000 valid=0; C/2I:n=16 frame=+6.8844cyc sigma=0.0667 resid=-35.6529 valid=1; C/5P:n=8 frame=+0.0543cyc sigma=0.0884 resid=-32.0020 valid=1;
  b-only-phase-dryrun: cand=1 clockReady=1 residReady=1 symmetricReady=1 bridge=0/1 bridgeRms=0.3529cyc selfL=0.000000cyc/1
  b-only-bridge: state=acquiring/not-enough fixed=0 bridge=0/1 rms=0.3529cyc streak=0 bad=23
VRS [ssr-com] :52000 TX=686B nv=25 | target=base-b | mode=union reason=ok extra=2 | baseline=1541.350m state=fixed/ok fixed=1 phase=23sv/43obs streak=136 bad=0 | vis A=1 B=1 common=27 | shadow A=1 B=1 union=25 | publish A=1 B=1 | clk_A=+9.445m(23sv) clk_B=+14.542m(23sv) d_clk=-5.097m | rms((eps_A-eps_B)/2)=2.366m | L: fix=43 float=1 drop=2 refSwap=0 codeDetrend=0.845m | brdc=163 ssrSat=103 ssrMsg=348 | obs=1 sta=0 err=0
  code-bias: G/1C:n=6 ab=+0.374 sigma=2.931 valid=1; G/5Q:n=6 ab=+0.921 sigma=0.423 valid=1; C/1P:n=8 ab=+0.235 sigma=1.931 valid=1; C/7I:n=1 ab=+0.000 sigma=0.000 valid=0; C/2I:n=17 ab=+7.735 sigma=1.631 valid=1; C/5P:n=8 ab=+1.035 sigma=0.305 valid=1;
  phase-clock: G:ab=+2.0453m anchor=+2.0850m ares=-0.0397 innov=+0.0015 sigma=0.0099 sig=2 obs=12 raw=1 usable=1 streak=26 bad=0 reason=ok; C:ab=+8.1541m anchor=+8.1094m ares=+0.0447 innov=+0.0445 sigma=0.0720 sig=3 obs=30 raw=1 usable=1 streak=114 bad=0 reason=ok;
  phase-split: G/1C:n=6 frame=+17.8001cyc sigma=0.0320 resid=+7.0520 valid=1; G/5Q:n=6 frame=+15.9874cyc sigma=0.0525 resid=+7.9612 valid=1; C/1P:n=6 frame=+29.8641cyc sigma=0.0549 resid=-12.9861 valid=1; C/7I:n=1 frame=+0.0000cyc sigma=0.0000 resid=+0.0000 valid=0; C/2I:n=16 frame=+6.8110cyc sigma=0.0719 resid=-35.6496 valid=1; C/5P:n=8 frame=-0.0015cyc sigma=0.0951 resid=-32.0000 valid=1;
  b-only-phase-dryrun: cand=1 clockReady=1 residReady=1 symmetricReady=1 bridge=0/1 bridgeRms=0.3785cyc selfL=0.000000cyc/1
  b-only-bridge: state=acquiring/not-enough fixed=0 bridge=0/1 rms=0.3785cyc streak=0 bad=24
VRS [ssr-com] :52000 TX=686B nv=25 | target=base-b | mode=union reason=ok extra=2 | baseline=1541.350m state=fixed/ok fixed=1 phase=23sv/43obs streak=137 bad=0 | vis A=1 B=1 common=27 | shadow A=1 B=1 union=25 | publish A=1 B=1 | clk_A=+9.819m(23sv) clk_B=+14.700m(23sv) d_clk=-4.881m | rms((eps_A-eps_B)/2)=2.223m | L: fix=43 float=1 drop=2 refSwap=0 codeDetrend=0.743m | brdc=163 ssrSat=103 ssrMsg=348 | obs=1 sta=0 err=0
  code-bias: G/1C:n=6 ab=+0.165 sigma=2.872 valid=1; G/5Q:n=6 ab=+0.778 sigma=0.353 valid=1; C/1P:n=8 ab=+1.043 sigma=1.528 valid=1; C/7I:n=1 ab=+0.000 sigma=0.000 valid=0; C/2I:n=17 ab=+7.516 sigma=1.320 valid=1; C/5P:n=8 ab=+0.821 sigma=0.327 valid=1;
  phase-clock: G:ab=+1.9764m anchor=+2.0498m ares=-0.0734 innov=-0.0337 sigma=0.0110 sig=2 obs=12 raw=1 usable=1 streak=27 bad=0 reason=ok; C:ab=+7.7688m anchor=+7.7122m ares=+0.0565 innov=+0.0119 sigma=0.0503 sig=3 obs=30 raw=1 usable=1 streak=115 bad=0 reason=ok;
  phase-split: G/1C:n=6 frame=+17.4439cyc sigma=0.0305 resid=+7.0580 valid=1; G/5Q:n=6 frame=+15.7124cyc sigma=0.0456 resid=+7.9567 valid=1; C/1P:n=6 frame=+29.5001cyc sigma=0.0490 resid=-11.3251 valid=1; C/7I:n=1 frame=+0.0000cyc sigma=0.0000 resid=+0.0000 valid=0; C/2I:n=16 frame=+6.4541cyc sigma=0.0797 resid=-34.0000 valid=1; C/5P:n=8 frame=-0.2729cyc sigma=0.0937 resid=-30.7592 valid=1;
  b-only-phase-dryrun: cand=1 clockReady=1 residReady=1 symmetricReady=1 bridge=0/1 bridgeRms=0.3790cyc selfL=0.000000cyc/1
  b-only-bridge: state=acquiring/not-enough fixed=0 bridge=0/1 rms=0.3790cyc streak=0 bad=25
VRS [ssr-com] :52000 TX=686B nv=25 | target=base-b | mode=union reason=ok extra=2 | baseline=1541.350m state=fixed/ok fixed=1 phase=23sv/44obs streak=138 bad=0 | vis A=1 B=1 common=27 | shadow A=1 B=1 union=25 | publish A=1 B=1 | clk_A=+9.997m(23sv) clk_B=+14.618m(23sv) d_clk=-4.621m | rms((eps_A-eps_B)/2)=2.165m | L: fix=44 float=1 drop=1 refSwap=0 codeDetrend=0.803m | brdc=163 ssrSat=103 ssrMsg=352 | obs=1 sta=0 err=0
  code-bias: G/1C:n=6 ab=-0.018 sigma=2.873 valid=1; G/5Q:n=6 ab=+0.753 sigma=0.347 valid=1; C/1P:n=8 ab=+1.208 sigma=1.827 valid=1; C/7I:n=1 ab=+0.000 sigma=0.000 valid=0; C/2I:n=17 ab=+7.968 sigma=1.489 valid=1; C/5P:n=8 ab=+0.804 sigma=0.422 valid=1;
  phase-clock: G:ab=+1.8590m anchor=+1.8191m ares=+0.0399 innov=+0.1133 sigma=0.0864 sig=2 obs=12 raw=1 usable=1 streak=28 bad=0 reason=ok; C:ab=+7.3633m anchor=+7.4238m ares=-0.0605 innov=-0.1171 sigma=0.0842 sig=3 obs=31 raw=1 usable=1 streak=116 bad=0 reason=ok;
  phase-split: G/1C:n=6 frame=+17.3149cyc sigma=0.0318 resid=+7.5458 valid=1; G/5Q:n=6 frame=+15.6343cyc sigma=0.0440 resid=+8.3392 valid=1; C/1P:n=6 frame=+29.3839cyc sigma=0.0465 resid=-9.3105 valid=1; C/7I:n=1 frame=+0.0000cyc sigma=0.0000 resid=+0.0000 valid=0; C/2I:n=17 frame=+6.3426cyc sigma=0.0886 resid=-32.0000 valid=1; C/5P:n=8 frame=-0.3547cyc sigma=0.0979 resid=-29.2498 valid=1;
  b-only-phase-dryrun: cand=1 clockReady=1 residReady=1 symmetricReady=1 bridge=0/1 bridgeRms=0.3729cyc selfL=0.000000cyc/1
  b-only-bridge: state=acquiring/not-enough fixed=0 bridge=0/1 rms=0.3729cyc streak=0 bad=26

[BASE_2435536] RTCM 1005 - station / antenna (ARP in 1005/1006)
  RTCM 1005 (  22): staid=1660 pos=41.65636202 109.26890585 1687.780
  staid=1660  sta.name=1660  ITRF year=0
  ARP ECEF  X=-1575335.8898  Y=4506291.4555  Z=4218284.9796 (m)
  ARP LLH   lat=41.65636202 deg  lon=109.26890585 deg  h_ellip=1687.7799 m
VRS [ssr-com] :52000 TX=711B nv=25 | target=base-b | mode=union reason=ok extra=2 | baseline=1541.350m state=fixed/ok fixed=1 phase=23sv/44obs streak=139 bad=0 | vis A=1 B=1 common=27 | shadow A=1 B=1 union=25 | publish A=1 B=1 | clk_A=+10.047m(23sv) clk_B=+14.632m(23sv) d_clk=-4.585m | rms((eps_A-eps_B)/2)=2.248m | L: fix=44 float=1 drop=1 refSwap=0 codeDetrend=0.854m | brdc=163 ssrSat=103 ssrMsg=360 | obs=1 sta=1 err=0
  code-bias: G/1C:n=6 ab=-0.103 sigma=2.568 valid=1; G/5Q:n=6 ab=+0.737 sigma=0.302 valid=1; C/1P:n=8 ab=+0.448 sigma=2.583 valid=1; C/7I:n=1 ab=+0.000 sigma=0.000 valid=0; C/2I:n=17 ab=+7.919 sigma=1.438 valid=1; C/5P:n=8 ab=+0.752 sigma=0.561 valid=1;
  phase-clock: G:ab=+1.7453m anchor=+1.7125m ares=+0.0328 innov=-0.0071 sigma=0.0438 sig=2 obs=12 raw=1 usable=1 streak=29 bad=0 reason=ok; C:ab=+7.5087m anchor=+7.4575m ares=+0.0512 innov=+0.1117 sigma=0.0835 sig=3 obs=31 raw=1 usable=1 streak=117 bad=0 reason=ok;
  phase-split: G/1C:n=6 frame=+17.4013cyc sigma=0.0383 resid=+8.2299 valid=1; G/5Q:n=6 frame=+15.6771cyc sigma=0.0442 resid=+8.8283 valid=1; C/1P:n=6 frame=+29.4585cyc sigma=0.0519 resid=-10.0000 valid=1; C/7I:n=1 frame=+0.0000cyc sigma=0.0000 resid=+0.0000 valid=0; C/2I:n=17 frame=+6.4166cyc sigma=0.0804 resid=-32.6832 valid=1; C/5P:n=8 frame=-0.2951cyc sigma=0.0928 resid=-29.7609 valid=1;
  b-only-phase-dryrun: cand=1 clockReady=1 residReady=1 symmetricReady=1 bridge=0/1 bridgeRms=0.3636cyc selfL=0.000000cyc/1
  b-only-bridge: state=acquiring/not-enough fixed=0 bridge=0/1 rms=0.3636cyc streak=0 bad=27
VRS [ssr-com] :52000 TX=686B nv=25 | target=base-b | mode=union reason=ok extra=2 | baseline=1541.350m state=fixed/ok fixed=1 phase=23sv/44obs streak=140 bad=0 | vis A=1 B=1 common=27 | shadow A=1 B=1 union=25 | publish A=1 B=1 | clk_A=+9.862m(23sv) clk_B=+14.651m(23sv) d_clk=-4.789m | rms((eps_A-eps_B)/2)=2.292m | L: fix=44 float=1 drop=1 refSwap=0 codeDetrend=0.874m | brdc=163 ssrSat=103 ssrMsg=360 | obs=1 sta=0 err=0
  code-bias: G/1C:n=6 ab=-0.206 sigma=2.759 valid=1; G/5Q:n=6 ab=+0.703 sigma=0.251 valid=1; C/1P:n=8 ab=+1.342 sigma=2.586 valid=1; C/7I:n=1 ab=+0.000 sigma=0.000 valid=0; C/2I:n=17 ab=+7.817 sigma=1.440 valid=1; C/5P:n=8 ab=+0.700 sigma=0.588 valid=1;
  phase-clock: G:ab=+1.7553m anchor=+1.7666m ares=-0.0114 innov=-0.0442 sigma=0.0443 sig=2 obs=12 raw=1 usable=1 streak=30 bad=0 reason=ok; C:ab=+7.8329m anchor=+7.8104m ares=+0.0225 innov=-0.0287 sigma=0.0520 sig=3 obs=31 raw=1 usable=1 streak=118 bad=0 reason=ok;
  phase-split: G/1C:n=6 frame=+17.4566cyc sigma=0.0401 resid=+8.2326 valid=1; G/5Q:n=6 frame=+15.7144cyc sigma=0.0569 resid=+8.8263 valid=1; C/1P:n=6 frame=+29.4978cyc sigma=0.0486 resid=-11.6644 valid=1; C/7I:n=1 frame=+0.0000cyc sigma=0.0000 resid=+0.0000 valid=0; C/2I:n=17 frame=+6.4577cyc sigma=0.0780 resid=-34.3303 valid=1; C/5P:n=8 frame=-0.2620cyc sigma=0.0859 resid=-31.0000 valid=1;
  b-only-phase-dryrun: cand=1 clockReady=1 residReady=1 symmetricReady=1 bridge=0/1 bridgeRms=0.3584cyc selfL=0.000000cyc/1
  b-only-bridge: state=acquiring/not-enough fixed=0 bridge=0/1 rms=0.3584cyc streak=0 bad=28
VRS [ssr-com] :52000 TX=686B nv=25 | target=base-b | mode=union reason=ok extra=2 | baseline=1541.350m state=fixed/ok fixed=1 phase=23sv/44obs streak=141 bad=0 | vis A=1 B=1 common=27 | shadow A=1 B=1 union=25 | publish A=1 B=1 | clk_A=+10.025m(23sv) clk_B=+14.719m(23sv) d_clk=-4.694m | rms((eps_A-eps_B)/2)=2.192m | L: fix=44 float=1 drop=1 refSwap=0 codeDetrend=0.848m | brdc=163 ssrSat=103 ssrMsg=360 | obs=1 sta=0 err=0
  code-bias: G/1C:n=6 ab=-0.192 sigma=2.959 valid=1; G/5Q:n=6 ab=+0.687 sigma=0.218 valid=1; C/1P:n=8 ab=+1.612 sigma=2.353 valid=1; C/7I:n=1 ab=+0.000 sigma=0.000 valid=0; C/2I:n=17 ab=+7.768 sigma=1.308 valid=1; C/5P:n=8 ab=+0.697 sigma=0.629 valid=1;
  phase-clock: G:ab=+1.7669m anchor=+1.7636m ares=+0.0033 innov=+0.0147 sigma=0.0428 sig=2 obs=12 raw=1 usable=1 streak=31 bad=0 reason=ok; C:ab=+7.5892m anchor=+7.6249m ares=-0.0357 innov=-0.0581 sigma=0.0340 sig=3 obs=31 raw=1 usable=1 streak=119 bad=0 reason=ok;
  phase-split: G/1C:n=6 frame=+17.5104cyc sigma=0.0385 resid=+8.2251 valid=1; G/5Q:n=6 frame=+15.7658cyc sigma=0.0537 resid=+8.8319 valid=1; C/1P:n=6 frame=+29.5722cyc sigma=0.0579 resid=-10.3093 valid=1; C/7I:n=1 frame=+0.0000cyc sigma=0.0000 resid=+0.0000 valid=0; C/2I:n=17 frame=+6.5266cyc sigma=0.0754 resid=-32.9923 valid=1; C/5P:n=8 frame=-0.2184cyc sigma=0.0988 resid=-30.0000 valid=1;
  b-only-phase-dryrun: cand=1 clockReady=1 residReady=1 symmetricReady=1 bridge=0/1 bridgeRms=0.3569cyc selfL=0.000000cyc/1
  b-only-bridge: state=acquiring/not-enough fixed=0 bridge=0/1 rms=0.3569cyc streak=0 bad=29
VRS [ssr-com] :52000 TX=686B nv=25 | target=base-b | mode=union reason=ok extra=2 | baseline=1541.350m state=fixed/ok fixed=1 phase=23sv/44obs streak=142 bad=0 | vis A=1 B=1 common=27 | shadow A=1 B=1 union=25 | publish A=1 B=1 | clk_A=+9.815m(23sv) clk_B=+14.565m(23sv) d_clk=-4.750m | rms((eps_A-eps_B)/2)=2.137m | L: fix=44 float=1 drop=1 refSwap=0 codeDetrend=0.759m | brdc=163 ssrSat=103 ssrMsg=360 | obs=1 sta=0 err=0
  code-bias: G/1C:n=6 ab=-0.027 sigma=2.681 valid=1; G/5Q:n=6 ab=+0.671 sigma=0.197 valid=1; C/1P:n=8 ab=+1.851 sigma=2.125 valid=1; C/7I:n=1 ab=+0.000 sigma=0.000 valid=0; C/2I:n=17 ab=+7.642 sigma=1.102 valid=1; C/5P:n=8 ab=+0.774 sigma=0.670 valid=1;
  phase-clock: G:ab=+1.7866m anchor=+1.8577m ares=-0.0710 innov=-0.0743 sigma=0.0456 sig=2 obs=12 raw=1 usable=1 streak=32 bad=0 reason=ok; C:ab=+7.5793m anchor=+7.6418m ares=-0.0625 innov=-0.0268 sigma=0.0293 sig=2 obs=23 raw=1 usable=1 streak=120 bad=0 reason=ok;
  phase-split: G/1C:n=6 frame=+17.6286cyc sigma=0.0313 resid=+8.2397 valid=1; G/5Q:n=6 frame=+15.8322cyc sigma=0.0466 resid=+8.8210 valid=1; C/1P:n=6 frame=+29.6758cyc sigma=0.0535 resid=-10.1537 valid=1; C/7I:n=1 frame=+0.0000cyc sigma=0.0000 resid=+0.0000 valid=0; C/2I:n=17 frame=+6.6197cyc sigma=0.0806 resid=-32.8477 valid=1; C/5P:n=8 frame=-0.1471cyc sigma=0.1012 resid=+0.0000 valid=0;
  b-only-phase-dryrun: cand=1 clockReady=1 residReady=1 symmetricReady=1 bridge=0/1 bridgeRms=0.3533cyc selfL=0.000000cyc/1
  b-only-bridge: state=acquiring/not-enough fixed=0 bridge=0/1 rms=0.3533cyc streak=0 bad=30
VRS [ssr-com] :52000 TX=686B nv=25 | target=base-b | mode=union reason=ok extra=2 | baseline=1541.350m state=fixed/ok fixed=1 phase=23sv/44obs streak=143 bad=0 | vis A=1 B=1 common=27 | shadow A=1 B=1 union=25 | publish A=1 B=1 | clk_A=+10.059m(23sv) clk_B=+14.887m(23sv) d_clk=-4.828m | rms((eps_A-eps_B)/2)=2.279m | L: fix=44 float=1 drop=1 refSwap=0 codeDetrend=0.776m | brdc=163 ssrSat=103 ssrMsg=368 | obs=1 sta=0 err=0
  code-bias: G/1C:n=6 ab=+0.076 sigma=2.556 valid=1; G/5Q:n=6 ab=+0.637 sigma=0.211 valid=1; C/1P:n=8 ab=+0.528 sigma=1.851 valid=1; C/7I:n=1 ab=+0.000 sigma=0.000 valid=0; C/2I:n=17 ab=+7.709 sigma=1.474 valid=1; C/5P:n=8 ab=+0.797 sigma=0.764 valid=1;
  phase-clock: G:ab=+2.0034m anchor=+1.9474m ares=+0.0560 innov=+0.1270 sigma=0.0124 sig=2 obs=12 raw=1 usable=1 streak=33 bad=0 reason=ok; C:ab=+7.7350m anchor=+7.7093m ares=+0.0256 innov=+0.0881 sigma=0.0841 sig=3 obs=31 raw=1 usable=1 streak=121 bad=0 reason=ok;
  phase-split: G/1C:n=6 frame=+17.5927cyc sigma=0.0368 resid=+7.0650 valid=1; G/5Q:n=6 frame=+15.8131cyc sigma=0.0576 resid=+7.9515 valid=1; C/1P:n=6 frame=+29.6475cyc sigma=0.0517 resid=-11.0000 valid=1; C/7I:n=1 frame=+0.0000cyc sigma=0.0000 resid=+0.0000 valid=0; C/2I:n=17 frame=+6.6060cyc sigma=0.0804 resid=-33.6719 valid=1; C/5P:n=8 frame=-0.1619cyc sigma=0.0991 resid=-30.5155 valid=1;
  b-only-phase-dryrun: cand=1 clockReady=1 residReady=1 symmetricReady=1 bridge=0/1 bridgeRms=0.3349cyc selfL=0.000000cyc/1
  b-only-bridge: state=acquiring/not-enough fixed=0 bridge=0/1 rms=0.3349cyc streak=0 bad=31
VRS [ssr-com] :52000 TX=686B nv=25 | target=base-b | mode=union reason=ok extra=2 | baseline=1541.350m state=fixed/ok fixed=1 phase=23sv/44obs streak=144 bad=0 | vis A=1 B=1 common=27 | shadow A=1 B=1 union=25 | publish A=1 B=1 | clk_A=+10.015m(23sv) clk_B=+14.612m(23sv) d_clk=-4.597m | rms((eps_A-eps_B)/2)=2.150m | L: fix=44 float=1 drop=1 refSwap=0 codeDetrend=0.757m | brdc=163 ssrSat=103 ssrMsg=372 | obs=1 sta=0 err=0
  code-bias: G/1C:n=6 ab=+0.080 sigma=2.624 valid=1; G/5Q:n=6 ab=+0.636 sigma=0.209 valid=1; C/1P:n=8 ab=+0.483 sigma=1.554 valid=1; C/7I:n=1 ab=+0.000 sigma=0.000 valid=0; C/2I:n=17 ab=+7.622 sigma=1.444 valid=1; C/5P:n=8 ab=+0.802 sigma=0.931 valid=1;
  phase-clock: G:ab=+2.0091m anchor=+2.0452m ares=-0.0361 innov=-0.0921 sigma=0.0129 sig=2 obs=12 raw=1 usable=1 streak=34 bad=0 reason=ok; C:ab=+7.1979m anchor=+7.1492m ares=+0.0488 innov=+0.0231 sigma=0.0281 sig=2 obs=23 raw=1 usable=1 streak=122 bad=0 reason=ok;
  phase-split: G/1C:n=6 frame=+17.6255cyc sigma=0.0336 resid=+7.0678 valid=1; G/5Q:n=6 frame=+15.8334cyc sigma=0.0549 resid=+7.9494 valid=1; C/1P:n=6 frame=+29.6777cyc sigma=0.0584 resid=-8.1478 valid=1; C/7I:n=1 frame=+0.0000cyc sigma=0.0000 resid=+0.0000 valid=0; C/2I:n=17 frame=+6.6280cyc sigma=0.0869 resid=-30.8536 valid=1; C/5P:n=8 frame=-0.1476cyc sigma=0.1086 resid=+0.0000 valid=0;
  b-only-phase-dryrun: cand=1 clockReady=1 residReady=1 symmetricReady=1 bridge=0/1 bridgeRms=0.3301cyc selfL=0.000000cyc/1
  b-only-bridge: state=acquiring/not-enough fixed=0 bridge=0/1 rms=0.3301cyc streak=0 bad=32

[BASE_2435540] RTCM 1005 - station / antenna (ARP in 1005/1006)
  RTCM 1005 (  22): staid=1660 pos=41.66934573 109.27542652 1682.150
  staid=1660  sta.name=1660  ITRF year=0
  ARP ECEF  X=-1575530.8118  Y=4505203.0666  Z=4219358.8401 (m)
  ARP LLH   lat=41.66934573 deg  lon=109.27542652 deg  h_ellip=1682.1505 m
VRS [ssr-com] :52000 TX=686B nv=25 | target=base-b | mode=union reason=ok extra=2 | baseline=1541.350m state=fixed/ok fixed=1 phase=23sv/44obs streak=145 bad=0 | vis A=1 B=1 common=27 | shadow A=1 B=1 union=25 | publish A=1 B=1 | clk_A=+9.898m(23sv) clk_B=+15.040m(23sv) d_clk=-5.141m | rms((eps_A-eps_B)/2)=2.484m | L: fix=44 float=1 drop=1 refSwap=0 codeDetrend=0.739m | brdc=163 ssrSat=103 ssrMsg=372 | obs=1 sta=0 err=0
  code-bias: G/1C:n=6 ab=+0.174 sigma=2.718 valid=1; G/5Q:n=6 ab=+0.689 sigma=0.202 valid=1; C/1P:n=8 ab=+0.228 sigma=1.360 valid=1; C/7I:n=1 ab=+0.000 sigma=0.000 valid=0; C/2I:n=17 ab=+7.895 sigma=1.333 valid=1; C/5P:n=8 ab=+0.790 sigma=1.043 valid=1;
  phase-clock: G:ab=+2.0027m anchor=+2.1014m ares=-0.0987 innov=-0.0625 sigma=0.0119 sig=2 obs=12 raw=1 usable=1 streak=35 bad=0 reason=ok; C:ab=+8.1485m anchor=+8.1814m ares=-0.0330 innov=-0.0817 sigma=0.0323 sig=2 obs=23 raw=1 usable=1 streak=123 bad=0 reason=ok;
  phase-split: G/1C:n=6 frame=+17.5867cyc sigma=0.0283 resid=+7.0624 valid=1; G/5Q:n=6 frame=+15.8125cyc sigma=0.0595 resid=+7.9534 valid=1; C/1P:n=6 frame=+29.6506cyc sigma=0.0518 resid=-13.1699 valid=1; C/7I:n=1 frame=+0.0000cyc sigma=0.0000 resid=+0.0000 valid=0; C/2I:n=17 frame=+6.5996cyc sigma=0.0841 resid=-35.8316 valid=1; C/5P:n=8 frame=-0.1652cyc sigma=0.1050 resid=+0.0000 valid=0;
  b-only-phase-dryrun: cand=1 clockReady=1 residReady=1 symmetricReady=1 bridge=0/1 bridgeRms=0.3316cyc selfL=0.000000cyc/1
  b-only-bridge: state=acquiring/not-enough fixed=0 bridge=0/1 rms=0.3316cyc streak=0 bad=33
VRS [ssr-com] :52000 TX=686B nv=25 | target=base-b | mode=union reason=ok extra=2 | baseline=1541.350m state=fixed/ok fixed=1 phase=23sv/44obs streak=146 bad=0 | vis A=1 B=1 common=27 | shadow A=1 B=1 union=25 | publish A=1 B=1 | clk_A=+10.007m(23sv) clk_B=+15.055m(23sv) d_clk=-5.048m | rms((eps_A-eps_B)/2)=2.379m | L: fix=44 float=1 drop=1 refSwap=0 codeDetrend=0.671m | brdc=163 ssrSat=103 ssrMsg=372 | obs=1 sta=0 err=0
  code-bias: G/1C:n=6 ab=+0.214 sigma=2.605 valid=1; G/5Q:n=6 ab=+0.732 sigma=0.212 valid=1; C/1P:n=8 ab=+0.449 sigma=1.246 valid=1; C/7I:n=1 ab=+0.000 sigma=0.000 valid=0; C/2I:n=17 ab=+7.524 sigma=1.056 valid=1; C/5P:n=8 ab=+0.769 sigma=1.037 valid=1;
  phase-clock: G:ab=+2.2226m anchor=+2.1632m ares=+0.0594 innov=+0.1581 sigma=0.0213 sig=2 obs=12 raw=1 usable=0 streak=0 bad=1 reason=innov; C:ab=+7.9546m anchor=+7.9331m ares=+0.0215 innov=+0.0545 sigma=0.0333 sig=2 obs=23 raw=1 usable=1 streak=124 bad=0 reason=ok;
  phase-split: G/1C:n=6 frame=+17.5681cyc sigma=0.0323 resid=+0.0000 valid=0; G/5Q:n=6 frame=+15.8057cyc sigma=0.0533 resid=+0.0000 valid=0; C/1P:n=6 frame=+29.6264cyc sigma=0.0593 resid=-12.1752 valid=1; C/7I:n=1 frame=+0.0000cyc sigma=0.0000 resid=+0.0000 valid=0; C/2I:n=17 frame=+6.5952cyc sigma=0.0781 resid=-34.8264 valid=1; C/5P:n=8 frame=-0.1801cyc sigma=0.1046 resid=+0.0000 valid=0;
  b-only-phase-dryrun: cand=1 clockReady=0 residReady=0 symmetricReady=0 bridge=0/0 bridgeRms=0.0000cyc selfL=0.000000cyc/0
VRS [ssr-com] :52000 TX=686B nv=25 | target=base-b | mode=union reason=ok extra=2 | baseline=1541.350m state=fixed/ok fixed=1 phase=23sv/44obs streak=147 bad=0 | vis A=1 B=1 common=27 | shadow A=1 B=1 union=25 | publish A=1 B=1 | clk_A=+9.907m(23sv) clk_B=+14.807m(23sv) d_clk=-4.900m | rms((eps_A-eps_B)/2)=2.230m | L: fix=44 float=1 drop=1 refSwap=0 codeDetrend=0.686m | brdc=163 ssrSat=103 ssrMsg=372 | obs=1 sta=0 err=0
  code-bias: G/1C:n=6 ab=+0.317 sigma=2.572 valid=1; G/5Q:n=6 ab=+0.722 sigma=0.202 valid=1; C/1P:n=8 ab=+0.929 sigma=1.388 valid=1; C/7I:n=1 ab=+0.000 sigma=0.000 valid=0; C/2I:n=17 ab=+7.586 sigma=1.131 valid=1; C/5P:n=8 ab=+0.774 sigma=0.969 valid=1;
  phase-clock: G:ab=+2.2106m anchor=+2.2146m ares=-0.0039 innov=+0.0000 sigma=0.0232 sig=2 obs=12 raw=1 usable=0 streak=1 bad=0 reason=acquiring; C:ab=+7.5605m anchor=+7.5856m ares=-0.0251 innov=-0.0466 sigma=0.0292 sig=2 obs=23 raw=1 usable=1 streak=125 bad=0 reason=ok;
  phase-split: G/1C:n=6 frame=+17.4952cyc sigma=0.0356 resid=+0.0000 valid=0; G/5Q:n=6 frame=+15.7660cyc sigma=0.0611 resid=+0.0000 valid=0; C/1P:n=6 frame=+29.5772cyc sigma=0.0505 resid=-10.1535 valid=1; C/7I:n=1 frame=+0.0000cyc sigma=0.0000 resid=+0.0000 valid=0; C/2I:n=17 frame=+6.5217cyc sigma=0.0851 resid=-32.8479 valid=1; C/5P:n=8 frame=-0.2307cyc sigma=0.1023 resid=+0.0000 valid=0;
  b-only-phase-dryrun: cand=1 clockReady=0 residReady=0 symmetricReady=0 bridge=0/0 bridgeRms=0.0000cyc selfL=0.000000cyc/0
VRS [ssr-com] :52000 TX=686B nv=25 | target=base-b | mode=union reason=ok extra=2 | baseline=1541.350m state=fixed/ok fixed=1 phase=23sv/44obs streak=148 bad=0 | vis A=1 B=1 common=27 | shadow A=1 B=1 union=25 | publish A=1 B=1 | clk_A=+9.961m(23sv) clk_B=+15.010m(23sv) d_clk=-5.049m | rms((eps_A-eps_B)/2)=2.342m | L: fix=44 float=1 drop=1 refSwap=0 codeDetrend=0.701m | brdc=163 ssrSat=103 ssrMsg=379 | obs=1 sta=0 err=0
  code-bias: G/1C:n=6 ab=+0.303 sigma=2.557 valid=1; G/5Q:n=6 ab=+0.775 sigma=0.214 valid=1; C/1P:n=8 ab=+0.412 sigma=1.307 valid=1; C/7I:n=1 ab=+0.000 sigma=0.000 valid=0; C/2I:n=17 ab=+7.533 sigma=1.330 valid=1; C/5P:n=8 ab=+0.744 sigma=0.797 valid=1;
  phase-clock: G:ab=+2.2125m anchor=+2.2597m ares=-0.0473 innov=-0.0434 sigma=0.0208 sig=2 obs=12 raw=1 usable=0 streak=2 bad=0 reason=acquiring; C:ab=+7.8471m anchor=+7.8379m ares=+0.0091 innov=+0.0342 sigma=0.0652 sig=2 obs=23 raw=1 usable=1 streak=126 bad=0 reason=ok;
  phase-split: G/1C:n=6 frame=+17.5175cyc sigma=0.0284 resid=+0.0000 valid=0; G/5Q:n=6 frame=+15.7636cyc sigma=0.0531 resid=+0.0000 valid=0; C/1P:n=6 frame=+29.5792cyc sigma=0.0525 resid=-11.6575 valid=1; C/7I:n=1 frame=+0.0000cyc sigma=0.0000 resid=+0.0000 valid=0; C/2I:n=17 frame=+6.5224cyc sigma=0.0765 resid=-34.3394 valid=1; C/5P:n=8 frame=-0.2186cyc sigma=0.1145 resid=+0.0000 valid=0;
  b-only-phase-dryrun: cand=1 clockReady=0 residReady=0 symmetricReady=0 bridge=0/0 bridgeRms=0.0000cyc selfL=0.000000cyc/0

[BASE_2435536] RTCM 1005 - station / antenna (ARP in 1005/1006)
  RTCM 1005 (  22): staid=1660 pos=41.65636202 109.26890585 1687.780
  staid=1660  sta.name=1660  ITRF year=0
  ARP ECEF  X=-1575335.8898  Y=4506291.4555  Z=4218284.9796 (m)
  ARP LLH   lat=41.65636202 deg  lon=109.26890585 deg  h_ellip=1687.7799 m
VRS [ssr-com] :52000 TX=711B nv=25 | target=base-b | mode=union reason=ok extra=2 | baseline=1541.350m state=fixed/ok fixed=1 phase=23sv/44obs streak=149 bad=0 | vis A=1 B=1 common=27 | shadow A=1 B=1 union=25 | publish A=1 B=1 | clk_A=+9.777m(23sv) clk_B=+15.018m(23sv) d_clk=-5.241m | rms((eps_A-eps_B)/2)=2.454m | L: fix=44 float=1 drop=1 refSwap=0 codeDetrend=0.623m | brdc=163 ssrSat=103 ssrMsg=384 | obs=1 sta=1 err=0
  code-bias: G/1C:n=6 ab=+0.200 sigma=2.519 valid=1; G/5Q:n=6 ab=+0.836 sigma=0.238 valid=1; C/1P:n=8 ab=+0.088 sigma=1.038 valid=1; C/7I:n=1 ab=+0.000 sigma=0.000 valid=0; C/2I:n=17 ab=+7.610 sigma=1.043 valid=1; C/5P:n=8 ab=+0.731 sigma=0.744 valid=1;
  phase-clock: G:ab=+2.3121m anchor=+2.3427m ares=-0.0306 innov=+0.0167 sigma=0.0734 sig=2 obs=12 raw=1 usable=1 streak=3 bad=0 reason=ok; C:ab=+8.1401m anchor=+8.1385m ares=+0.0016 innov=-0.0075 sigma=0.0322 sig=2 obs=23 raw=1 usable=1 streak=127 bad=0 reason=ok;
  phase-split: G/1C:n=6 frame=+17.5361cyc sigma=0.0307 resid=+5.3857 valid=1; G/5Q:n=6 frame=+15.7853cyc sigma=0.0598 resid=+6.7119 valid=1; C/1P:n=6 frame=+29.6076cyc sigma=0.0527 resid=-13.1690 valid=1; C/7I:n=1 frame=+0.0000cyc sigma=0.0000 resid=+0.0000 valid=0; C/2I:n=17 frame=+6.5552cyc sigma=0.0838 resid=-35.8326 valid=1; C/5P:n=8 frame=-0.1947cyc sigma=0.1013 resid=+0.0000 valid=0;
  b-only-phase-dryrun: cand=1 clockReady=1 residReady=1 symmetricReady=1 bridge=0/1 bridgeRms=0.3117cyc selfL=0.000000cyc/1
  b-only-bridge: state=acquiring/not-enough fixed=0 bridge=0/1 rms=0.3117cyc streak=0 bad=1
VRS [ssr-com] :52000 TX=686B nv=25 | target=base-b | mode=union reason=ok extra=2 | baseline=1541.350m state=fixed/ok fixed=1 phase=23sv/44obs streak=150 bad=0 | vis A=1 B=1 common=27 | shadow A=1 B=1 union=25 | publish A=1 B=1 | clk_A=+9.953m(23sv) clk_B=+15.041m(23sv) d_clk=-5.088m | rms((eps_A-eps_B)/2)=2.386m | L: fix=44 float=1 drop=1 refSwap=0 codeDetrend=0.730m | brdc=163 ssrSat=103 ssrMsg=384 | obs=1 sta=0 err=0
  code-bias: G/1C:n=6 ab=+0.160 sigma=2.733 valid=1; G/5Q:n=6 ab=+0.840 sigma=0.252 valid=1; C/1P:n=8 ab=-0.416 sigma=1.358 valid=1; C/7I:n=1 ab=+0.000 sigma=0.000 valid=0; C/2I:n=17 ab=+7.595 sigma=1.365 valid=1; C/5P:n=8 ab=+0.737 sigma=0.742 valid=1;
  phase-clock: G:ab=+2.4530m anchor=+2.4417m ares=+0.0112 innov=+0.0418 sigma=0.0527 sig=2 obs=12 raw=1 usable=1 streak=4 bad=0 reason=ok; C:ab=+7.7732m anchor=+7.7335m ares=+0.0397 innov=+0.0381 sigma=0.0320 sig=2 obs=23 raw=1 usable=1 streak=128 bad=0 reason=ok;
  phase-split: G/1C:n=6 frame=+17.6133cyc sigma=0.0274 resid=+4.7229 valid=1; G/5Q:n=6 frame=+15.8329cyc sigma=0.0627 resid=+6.2069 valid=1; C/1P:n=6 frame=+29.6800cyc sigma=0.0467 resid=-11.1683 valid=1; C/7I:n=1 frame=+0.0000cyc sigma=0.0000 resid=+0.0000 valid=0; C/2I:n=17 frame=+6.6437cyc sigma=0.0817 resid=-33.8332 valid=1; C/5P:n=8 frame=-0.1425cyc sigma=0.1137 resid=+0.0000 valid=0;
  b-only-phase-dryrun: cand=1 clockReady=1 residReady=1 symmetricReady=1 bridge=0/1 bridgeRms=0.3107cyc selfL=0.000000cyc/1
  b-only-bridge: state=acquiring/not-enough fixed=0 bridge=0/1 rms=0.3107cyc streak=0 bad=2
VRS [ssr-com] :52000 TX=686B nv=25 | target=base-b | mode=union reason=ok extra=2 | baseline=1541.350m state=fixed/ok fixed=1 phase=23sv/44obs streak=151 bad=0 | vis A=1 B=1 common=27 | shadow A=1 B=1 union=25 | publish A=1 B=1 | clk_A=+9.979m(23sv) clk_B=+15.151m(23sv) d_clk=-5.173m | rms((eps_A-eps_B)/2)=2.479m | L: fix=44 float=1 drop=1 refSwap=0 codeDetrend=0.808m | brdc=163 ssrSat=103 ssrMsg=384 | obs=1 sta=0 err=0
  code-bias: G/1C:n=6 ab=+0.084 sigma=2.996 valid=1; G/5Q:n=6 ab=+0.877 sigma=0.285 valid=1; C/1P:n=8 ab=-0.539 sigma=1.997 valid=1; C/7I:n=1 ab=+0.000 sigma=0.000 valid=0; C/2I:n=17 ab=+7.597 sigma=1.240 valid=1; C/5P:n=8 ab=+0.706 sigma=0.798 valid=1;
  phase-clock: G:ab=+2.3177m anchor=+2.3372m ares=-0.0195 innov=-0.0308 sigma=0.0728 sig=2 obs=12 raw=1 usable=1 streak=5 bad=0 reason=ok; C:ab=+7.9550m anchor=+8.0078m ares=-0.0528 innov=-0.0926 sigma=0.0293 sig=2 obs=23 raw=1 usable=1 streak=129 bad=0 reason=ok;
  phase-split: G/1C:n=6 frame=+17.5620cyc sigma=0.0359 resid=+5.3826 valid=1; G/5Q:n=6 frame=+15.8094cyc sigma=0.0683 resid=+6.7143 valid=1; C/1P:n=6 frame=+29.6496cyc sigma=0.0620 resid=-12.1542 valid=1; C/7I:n=1 frame=+0.0000cyc sigma=0.0000 resid=+0.0000 valid=0; C/2I:n=17 frame=+6.5765cyc sigma=0.0820 resid=-34.8472 valid=1; C/5P:n=8 frame=-0.1793cyc sigma=0.1189 resid=+0.0000 valid=0;
  b-only-phase-dryrun: cand=1 clockReady=1 residReady=1 symmetricReady=1 bridge=0/1 bridgeRms=0.3183cyc selfL=0.000000cyc/1
  b-only-bridge: state=acquiring/not-enough fixed=0 bridge=0/1 rms=0.3183cyc streak=0 bad=3
VRS [ssr-com] :52000 TX=480B nv=17 | target=base-b | mode=common-only reason=no-extra extra=0 | baseline=1541.350m state=fixed/ok fixed=1 phase=17sv/32obs streak=152 bad=0 | vis A=8 B=0 common=20 | shadow A=7 B=0 union=24 | publish A=0 B=0 | clk_A=+18.726m(17sv) clk_B=+26.148m(17sv) d_clk=-7.422m | rms((eps_A-eps_B)/2)=2.596m | L: fix=32 float=1 drop=1 refSwap=0 codeDetrend=0.732m | brdc=163 ssrSat=103 ssrMsg=384 | obs=1 sta=0 err=0
  code-bias: C/1P:n=8 ab=-0.782 sigma=2.281 valid=1; C/7I:n=1 ab=+0.000 sigma=0.000 valid=0; C/2I:n=17 ab=+7.463 sigma=1.189 valid=1; C/5P:n=8 ab=+0.694 sigma=0.790 valid=1;
  phase-clock: C:ab=+7.3820m anchor=+7.4222m ares=-0.0402 innov=+0.0127 sigma=0.0286 sig=2 obs=23 raw=1 usable=1 streak=130 bad=0 reason=ok;
  phase-split: C/1P:n=6 frame=+29.6426cyc sigma=0.0511 resid=-9.1502 valid=1; C/7I:n=1 frame=+0.0000cyc sigma=0.0000 resid=+0.0000 valid=0; C/2I:n=17 frame=+6.5890cyc sigma=0.0864 resid=-31.8512 valid=1; C/5P:n=8 frame=-0.1705cyc sigma=0.1112 resid=+0.0000 valid=0;
VRS [ssr-com] :52000 TX=656B nv=23 | target=base-b | mode=common-only reason=no-extra extra=0 | baseline=1541.350m state=fixed/ok fixed=1 phase=23sv/44obs streak=153 bad=0 | vis A=1 B=1 common=27 | shadow A=1 B=1 union=25 | publish A=0 B=0 | clk_A=+9.825m(23sv) clk_B=+14.573m(23sv) d_clk=-4.748m | rms((eps_A-eps_B)/2)=2.216m | L: fix=44 float=1 drop=1 refSwap=0 codeDetrend=0.917m | brdc=163 ssrSat=103 ssrMsg=388 | obs=1 sta=0 err=0
  code-bias: G/1C:n=6 ab=-0.024 sigma=3.480 valid=0; G/5Q:n=6 ab=+0.871 sigma=0.305 valid=1; C/1P:n=8 ab=-0.100 sigma=2.620 valid=1; C/7I:n=1 ab=+0.000 sigma=0.000 valid=0; C/2I:n=17 ab=+7.332 sigma=1.051 valid=1; C/5P:n=8 ab=+0.692 sigma=0.738 valid=1;
  phase-clock: G:ab=+2.2240m anchor=+2.1637m ares=+0.0602 innov=+0.0798 sigma=0.0218 sig=2 obs=12 raw=1 usable=0 streak=1 bad=0 reason=acquiring; C:ab=+7.3813m anchor=+7.3323m ares=+0.0490 innov=+0.0892 sigma=0.0279 sig=2 obs=23 raw=1 usable=1 streak=131 bad=0 reason=ok;
  phase-split: G/1C:n=6 frame=+17.5722cyc sigma=0.0303 resid=+0.0000 valid=0; G/5Q:n=6 frame=+15.8131cyc sigma=0.0724 resid=+0.0000 valid=0; C/1P:n=6 frame=+29.6429cyc sigma=0.0490 resid=-9.1464 valid=1; C/7I:n=1 frame=+0.0000cyc sigma=0.0000 resid=+0.0000 valid=0; C/2I:n=17 frame=+6.5816cyc sigma=0.0943 resid=-31.8550 valid=1; C/5P:n=8 frame=-0.1748cyc sigma=0.1102 resid=+0.0000 valid=0;
  b-only-phase-dryrun: cand=1 clockReady=0 residReady=0 symmetricReady=0 bridge=0/0 bridgeRms=0.0000cyc selfL=0.000000cyc/0
VRS [ssr-com] :52000 TX=656B nv=23 | target=base-b | mode=common-only reason=no-extra extra=0 | baseline=1541.350m state=fixed/ok fixed=1 phase=23sv/43obs streak=154 bad=0 | vis A=1 B=1 common=27 | shadow A=1 B=1 union=25 | publish A=0 B=0 | clk_A=+9.744m(23sv) clk_B=+15.137m(23sv) d_clk=-5.393m | rms((eps_A-eps_B)/2)=2.646m | L: fix=43 float=2 drop=1 refSwap=0 codeDetrend=0.899m | brdc=163 ssrSat=103 ssrMsg=396 | obs=1 sta=0 err=0
  code-bias: G/1C:n=6 ab=-0.065 sigma=3.696 valid=0; G/5Q:n=6 ab=+0.849 sigma=0.323 valid=1; C/1P:n=8 ab=+0.060 sigma=2.264 valid=1; C/7I:n=1 ab=+0.000 sigma=0.000 valid=0; C/2I:n=17 ab=+7.382 sigma=1.059 valid=1; C/5P:n=8 ab=+0.657 sigma=0.607 valid=1;
  phase-clock: G:ab=+1.9971m anchor=+2.0247m ares=-0.0276 innov=-0.0878 sigma=0.0105 sig=2 obs=12 raw=1 usable=0 streak=2 bad=0 reason=acquiring; C:ab=+8.7143m anchor=+8.7613m ares=-0.0471 innov=-0.0961 sigma=0.0332 sig=2 obs=22 raw=1 usable=1 streak=132 bad=0 reason=ok;
  phase-split: G/1C:n=6 frame=+17.5500cyc sigma=0.0347 resid=+0.0000 valid=0; G/5Q:n=6 frame=+15.7958cyc sigma=0.0681 resid=+0.0000 valid=0; C/1P:n=6 frame=+29.6196cyc sigma=0.0574 resid=-16.1743 valid=1; C/7I:n=1 frame=+0.0000cyc sigma=0.0000 resid=+0.0000 valid=0; C/2I:n=16 frame=+6.5503cyc sigma=0.0433 resid=-38.8273 valid=1; C/5P:n=8 frame=-0.1974cyc sigma=0.1257 resid=+0.0000 valid=0;
  b-only-phase-dryrun: cand=1 clockReady=0 residReady=0 symmetricReady=0 bridge=0/0 bridgeRms=0.0000cyc selfL=0.000000cyc/0

[BASE_2435540] RTCM 1005 - station / antenna (ARP in 1005/1006)
  RTCM 1005 (  22): staid=1660 pos=41.66934573 109.27542652 1682.150
  staid=1660  sta.name=1660  ITRF year=0
  ARP ECEF  X=-1575530.8118  Y=4505203.0666  Z=4219358.8401 (m)
  ARP LLH   lat=41.66934573 deg  lon=109.27542652 deg  h_ellip=1682.1505 m
VRS [ssr-com] :52000 TX=671B nv=24 | target=base-b | mode=union reason=ok extra=1 | baseline=1541.350m state=fixed/ok fixed=1 phase=23sv/43obs streak=155 bad=0 | vis A=1 B=1 common=27 | shadow A=1 B=1 union=25 | publish A=1 B=0 | clk_A=+10.087m(23sv) clk_B=+15.046m(23sv) d_clk=-4.958m | rms((eps_A-eps_B)/2)=2.321m | L: fix=43 float=2 drop=1 refSwap=0 codeDetrend=0.891m | brdc=163 ssrSat=103 ssrMsg=396 | obs=1 sta=0 err=0
  code-bias: G/1C:n=6 ab=-0.007 sigma=3.597 valid=0; G/5Q:n=6 ab=+0.794 sigma=0.286 valid=1; C/1P:n=8 ab=+0.158 sigma=2.082 valid=1; C/7I:n=1 ab=+0.000 sigma=0.000 valid=0; C/2I:n=17 ab=+7.399 sigma=1.284 valid=1; C/5P:n=8 ab=+0.596 sigma=0.496 valid=1;
  phase-clock: G:ab=+1.9790m anchor=+2.0716m ares=-0.0926 innov=-0.0650 sigma=0.0104 sig=2 obs=12 raw=1 usable=1 streak=3 bad=0 reason=ok; C:ab=+7.8361m anchor=+7.8451m ares=-0.0089 innov=+0.0381 sigma=0.0651 sig=2 obs=22 raw=1 usable=1 streak=133 bad=0 reason=ok;
  phase-split: G/1C:n=6 frame=+17.4544cyc sigma=0.0439 resid=+7.0547 valid=1; G/5Q:n=6 frame=+15.7252cyc sigma=0.0562 resid=+7.9592 valid=1; C/1P:n=6 frame=+29.5214cyc sigma=0.0585 resid=-11.6578 valid=1; C/7I:n=1 frame=+0.0000cyc sigma=0.0000 resid=+0.0000 valid=0; C/2I:n=16 frame=+6.4657cyc sigma=0.0421 resid=-34.3391 valid=1; C/5P:n=8 frame=-0.2662cyc sigma=0.1193 resid=+0.0000 valid=0;
  b-only-phase-dryrun: cand=1 clockReady=1 residReady=1 symmetricReady=1 bridge=0/1 bridgeRms=0.3186cyc selfL=0.000000cyc/1
  b-only-bridge: state=acquiring/not-enough fixed=0 bridge=0/1 rms=0.3186cyc streak=0 bad=1
VRS [ssr-com] :52000 TX=671B nv=24 | target=base-b | mode=union reason=ok extra=1 | baseline=1541.350m state=fixed/ok fixed=1 phase=23sv/43obs streak=156 bad=0 | vis A=1 B=1 common=27 | shadow A=1 B=1 union=25 | publish A=1 B=0 | clk_A=+9.769m(23sv) clk_B=+15.096m(23sv) d_clk=-5.327m | rms((eps_A-eps_B)/2)=2.511m | L: fix=43 float=2 drop=1 refSwap=0 codeDetrend=0.863m | brdc=163 ssrSat=103 ssrMsg=396 | obs=1 sta=0 err=0
  code-bias: G/1C:n=6 ab=+0.095 sigma=3.355 valid=0; G/5Q:n=6 ab=+0.774 sigma=0.293 valid=1; C/1P:n=8 ab=+0.685 sigma=2.214 valid=1; C/7I:n=1 ab=+0.000 sigma=0.000 valid=0; C/2I:n=17 ab=+7.344 sigma=1.213 valid=1; C/5P:n=8 ab=+0.589 sigma=0.454 valid=1;
  phase-clock: G:ab=+1.9618m anchor=+2.0019m ares=-0.0401 innov=+0.0525 sigma=0.0105 sig=2 obs=12 raw=1 usable=1 streak=4 bad=0 reason=ok; C:ab=+8.6806m anchor=+8.6531m ares=+0.0275 innov=+0.0365 sigma=0.0349 sig=2 obs=22 raw=1 usable=1 streak=134 bad=0 reason=ok;
  phase-split: G/1C:n=6 frame=+17.3646cyc sigma=0.0347 resid=+7.0554 valid=1; G/5Q:n=6 frame=+15.6570cyc sigma=0.0633 resid=+7.9586 valid=1; C/1P:n=6 frame=+29.4335cyc sigma=0.0585 resid=-16.1834 valid=1; C/7I:n=1 frame=+0.0000cyc sigma=0.0000 resid=+0.0000 valid=0; C/2I:n=16 frame=+6.3839cyc sigma=0.0426 resid=-38.8183 valid=1; C/5P:n=8 frame=-0.3351cyc sigma=0.1188 resid=+0.0000 valid=0;
  b-only-phase-dryrun: cand=1 clockReady=1 residReady=1 symmetricReady=1 bridge=0/1 bridgeRms=0.3294cyc selfL=0.000000cyc/1
  b-only-bridge: state=acquiring/not-enough fixed=0 bridge=0/1 rms=0.3294cyc streak=0 bad=2
VRS [ssr-com] :52000 TX=671B nv=24 | target=base-b | mode=union reason=ok extra=1 | baseline=1541.350m state=fixed/ok fixed=1 phase=23sv/42obs streak=157 bad=0 | vis A=1 B=1 common=27 | shadow A=1 B=1 union=25 | publish A=1 B=0 | clk_A=+10.049m(23sv) clk_B=+15.092m(23sv) d_clk=-5.043m | rms((eps_A-eps_B)/2)=2.309m | L: fix=42 float=2 drop=2 refSwap=0 codeDetrend=0.805m | brdc=163 ssrSat=103 ssrMsg=396 | obs=1 sta=0 err=0
  code-bias: G/1C:n=6 ab=+0.166 sigma=3.343 valid=0; G/5Q:n=6 ab=+0.769 sigma=0.287 valid=1; C/1P:n=8 ab=+0.767 sigma=1.773 valid=1; C/7I:n=1 ab=+0.000 sigma=0.000 valid=0; C/2I:n=17 ab=+7.361 sigma=1.148 valid=1; C/5P:n=8 ab=+0.545 sigma=0.423 valid=1;
  phase-clock: G:ab=+1.9612m anchor=+2.0239m ares=-0.0627 innov=-0.0226 sigma=0.0114 sig=2 obs=11 raw=1 usable=1 streak=5 bad=0 reason=ok; C:ab=+8.1026m anchor=+8.0629m ares=+0.0397 innov=+0.0122 sigma=0.0309 sig=2 obs=22 raw=1 usable=1 streak=135 bad=0 reason=ok;
  phase-split: G/1C:n=5 frame=+17.3662cyc sigma=0.0306 resid=+7.0598 valid=1; G/5Q:n=6 frame=+15.6517cyc sigma=0.0646 resid=+7.9554 valid=1; C/1P:n=6 frame=+29.4173cyc sigma=0.0556 resid=-13.1622 valid=1; C/7I:n=1 frame=+0.0000cyc sigma=0.0000 resid=+0.0000 valid=0; C/2I:n=16 frame=+6.3532cyc sigma=0.0469 resid=-35.8392 valid=1; C/5P:n=8 frame=-0.3511cyc sigma=0.1312 resid=+0.0000 valid=0;
  b-only-phase-dryrun: cand=1 clockReady=1 residReady=1 symmetricReady=1 bridge=0/1 bridgeRms=0.3482cyc selfL=0.000000cyc/1
  b-only-bridge: state=acquiring/not-enough fixed=0 bridge=0/1 rms=0.3482cyc streak=0 bad=3
VRS [ssr-com] :52000 TX=671B nv=24 | target=base-b | mode=union reason=ok extra=1 | baseline=1541.350m state=fixed/ok fixed=1 phase=23sv/42obs streak=158 bad=0 | vis A=1 B=1 common=27 | shadow A=1 B=1 union=25 | publish A=1 B=0 | clk_A=+10.211m(23sv) clk_B=+15.110m(23sv) d_clk=-4.899m | rms((eps_A-eps_B)/2)=2.285m | L: fix=42 float=2 drop=2 refSwap=0 codeDetrend=0.787m | brdc=163 ssrSat=103 ssrMsg=397 | obs=1 sta=0 err=0
  code-bias: G/1C:n=6 ab=+0.327 sigma=3.398 valid=0; G/5Q:n=6 ab=+0.738 sigma=0.314 valid=1; C/1P:n=8 ab=+0.665 sigma=1.861 valid=1; C/7I:n=1 ab=+0.000 sigma=0.000 valid=0; C/2I:n=17 ab=+7.404 sigma=0.859 valid=1; C/5P:n=8 ab=+0.529 sigma=0.390 valid=1;
  phase-clock: G:ab=+1.9312m anchor=+1.8957m ares=+0.0355 innov=+0.0982 sigma=0.0128 sig=2 obs=11 raw=1 usable=1 streak=6 bad=0 reason=ok; C:ab=+7.8825m anchor=+7.9028m ares=-0.0203 innov=-0.0600 sigma=0.0317 sig=2 obs=22 raw=1 usable=1 streak=136 bad=0 reason=ok;
  phase-split: G/1C:n=5 frame=+17.2159cyc sigma=0.0234 resid=+7.0675 valid=1; G/5Q:n=6 frame=+15.5279cyc sigma=0.0559 resid=+7.9496 valid=1; C/1P:n=6 frame=+29.2559cyc sigma=0.0569 resid=-12.1667 valid=1; C/7I:n=1 frame=+0.0000cyc sigma=0.0000 resid=+0.0000 valid=0; C/2I:n=16 frame=+6.2112cyc sigma=0.0446 resid=-34.8348 valid=1; C/5P:n=8 frame=-0.4618cyc sigma=0.1320 resid=+0.0000 valid=0;
  b-only-phase-dryrun: cand=1 clockReady=1 residReady=1 symmetricReady=1 bridge=0/1 bridgeRms=0.3568cyc selfL=0.000000cyc/1
  b-only-bridge: state=acquiring/not-enough fixed=0 bridge=0/1 rms=0.3568cyc streak=0 bad=4

[BASE_2435536] RTCM 1005 - station / antenna (ARP in 1005/1006)
  RTCM 1005 (  22): staid=1660 pos=41.65636202 109.26890585 1687.780
  staid=1660  sta.name=1660  ITRF year=0
  ARP ECEF  X=-1575335.8898  Y=4506291.4555  Z=4218284.9796 (m)
  ARP LLH   lat=41.65636202 deg  lon=109.26890585 deg  h_ellip=1687.7799 m
VRS [ssr-com] :52000 TX=696B nv=24 | target=base-b | mode=union reason=ok extra=1 | baseline=1541.350m state=fixed/ok fixed=1 phase=23sv/42obs streak=159 bad=0 | vis A=1 B=1 common=27 | shadow A=1 B=1 union=25 | publish A=1 B=0 | clk_A=+10.100m(23sv) clk_B=+14.722m(23sv) d_clk=-4.622m | rms((eps_A-eps_B)/2)=2.130m | L: fix=42 float=2 drop=2 refSwap=0 codeDetrend=0.871m | brdc=163 ssrSat=103 ssrMsg=408 | obs=1 sta=1 err=0
  code-bias: G/1C:n=6 ab=+0.479 sigma=3.266 valid=0; G/5Q:n=6 ab=+0.715 sigma=0.334 valid=1; C/1P:n=8 ab=+0.607 sigma=2.211 valid=1; C/7I:n=1 ab=+0.000 sigma=0.000 valid=0; C/2I:n=17 ab=+7.347 sigma=1.363 valid=1; C/5P:n=8 ab=+0.464 sigma=0.390 valid=1;
  phase-clock: G:ab=+1.9229m anchor=+1.8960m ares=+0.0269 innov=-0.0086 sigma=0.0109 sig=2 obs=11 raw=1 usable=1 streak=7 bad=0 reason=ok; C:ab=+7.3006m anchor=+7.3471m ares=-0.0465 innov=-0.0262 sigma=0.0275 sig=2 obs=22 raw=1 usable=1 streak=137 bad=0 reason=ok;
  phase-split: G/1C:n=5 frame=+17.1624cyc sigma=0.0270 resid=+7.0575 valid=1; G/5Q:n=6 frame=+15.5029cyc sigma=0.0624 resid=+7.9571 valid=1; C/1P:n=6 frame=+29.2205cyc sigma=0.0590 resid=-9.1443 valid=1; C/7I:n=1 frame=+0.0000cyc sigma=0.0000 resid=+0.0000 valid=0; C/2I:n=16 frame=+6.1590cyc sigma=0.0480 resid=-31.8570 valid=1; C/5P:n=8 frame=-0.4955cyc sigma=0.1265 resid=+0.0000 valid=0;
  b-only-phase-dryrun: cand=1 clockReady=1 residReady=1 symmetricReady=1 bridge=0/1 bridgeRms=0.3559cyc selfL=0.000000cyc/1
  b-only-bridge: state=acquiring/not-enough fixed=0 bridge=0/1 rms=0.3559cyc streak=0 bad=5
VRS [ssr-com] :52000 TX=671B nv=24 | target=base-b | mode=union reason=ok extra=1 | baseline=1541.350m state=fixed/ok fixed=1 phase=23sv/42obs streak=160 bad=0 | vis A=1 B=1 common=27 | shadow A=1 B=1 union=25 | publish A=1 B=0 | clk_A=+9.970m(23sv) clk_B=+14.400m(23sv) d_clk=-4.431m | rms((eps_A-eps_B)/2)=2.033m | L: fix=42 float=2 drop=2 refSwap=0 codeDetrend=0.815m | brdc=163 ssrSat=103 ssrMsg=408 | obs=1 sta=0 err=0
  code-bias: G/1C:n=6 ab=+0.550 sigma=3.031 valid=0; G/5Q:n=6 ab=+0.692 sigma=0.359 valid=1; C/1P:n=8 ab=+0.476 sigma=2.450 valid=1; C/7I:n=1 ab=+0.000 sigma=0.000 valid=0; C/2I:n=17 ab=+7.259 sigma=0.924 valid=1; C/5P:n=8 ab=+0.657 sigma=0.350 valid=1;
  phase-clock: G:ab=+1.9008m anchor=+1.8721m ares=+0.0287 innov=+0.0018 sigma=0.0128 sig=2 obs=11 raw=1 usable=1 streak=8 bad=0 reason=ok; C:ab=+6.9917m anchor=+6.9892m ares=+0.0025 innov=+0.0490 sigma=0.0691 sig=2 obs=22 raw=1 usable=1 streak=138 bad=0 reason=ok;
  phase-split: G/1C:n=5 frame=+17.0561cyc sigma=0.0309 resid=+7.0674 valid=1; G/5Q:n=6 frame=+15.4088cyc sigma=0.0639 resid=+7.9497 valid=1; C/1P:n=6 frame=+29.1044cyc sigma=0.0600 resid=-7.6371 valid=1; C/7I:n=1 frame=+0.0000cyc sigma=0.0000 resid=+0.0000 valid=0; C/2I:n=16 frame=+6.0479cyc sigma=0.0443 resid=-30.3596 valid=1; C/5P:n=8 frame=-0.5766cyc sigma=0.1268 resid=+0.0000 valid=0;
  b-only-phase-dryrun: cand=1 clockReady=1 residReady=1 symmetricReady=1 bridge=0/1 bridgeRms=0.3625cyc selfL=0.000000cyc/1
  b-only-bridge: state=acquiring/not-enough fixed=0 bridge=0/1 rms=0.3625cyc streak=0 bad=6
VRS [ssr-com] :52000 TX=686B nv=25 | target=base-b | mode=union reason=ok extra=2 | baseline=1541.350m state=fixed/ok fixed=1 phase=23sv/43obs streak=161 bad=0 | vis A=1 B=1 common=27 | shadow A=1 B=1 union=25 | publish A=1 B=1 | clk_A=+10.114m(23sv) clk_B=+15.211m(23sv) d_clk=-5.097m | rms((eps_A-eps_B)/2)=2.504m | L: fix=43 float=2 drop=1 refSwap=0 codeDetrend=0.779m | brdc=163 ssrSat=103 ssrMsg=408 | obs=1 sta=0 err=0
  code-bias: G/1C:n=6 ab=+0.640 sigma=2.894 valid=1; G/5Q:n=6 ab=+0.687 sigma=0.322 valid=1; C/1P:n=8 ab=+0.332 sigma=2.102 valid=1; C/7I:n=1 ab=+0.000 sigma=0.000 valid=0; C/2I:n=17 ab=+7.482 sigma=1.116 valid=1; C/5P:n=8 ab=+0.609 sigma=0.478 valid=1;
  phase-clock: G:ab=+1.7947m anchor=+1.7792m ares=+0.0155 innov=-0.0132 sigma=0.0850 sig=2 obs=12 raw=1 usable=1 streak=9 bad=0 reason=ok; C:ab=+8.4154m anchor=+8.4141m ares=+0.0013 innov=-0.0011 sigma=0.0333 sig=2 obs=22 raw=1 usable=1 streak=139 bad=0 reason=ok;
  phase-split: G/1C:n=6 frame=+16.9845cyc sigma=0.0343 resid=+7.5534 valid=1; G/5Q:n=6 frame=+15.3762cyc sigma=0.0628 resid=+8.3335 valid=1; C/1P:n=6 frame=+29.0484cyc sigma=0.0509 resid=-15.1748 valid=1; C/7I:n=1 frame=+0.0000cyc sigma=0.0000 resid=+0.0000 valid=0; C/2I:n=16 frame=+5.9944cyc sigma=0.0470 resid=-37.8268 valid=1; C/5P:n=8 frame=-0.6161cyc sigma=0.1219 resid=+0.0000 valid=0;
  b-only-phase-dryrun: cand=1 clockReady=1 residReady=1 symmetricReady=1 bridge=0/1 bridgeRms=0.3883cyc selfL=0.000000cyc/1
  b-only-bridge: state=acquiring/not-enough fixed=0 bridge=0/1 rms=0.3883cyc streak=0 bad=7
VRS [ssr-com] :52000 TX=686B nv=25 | target=base-b | mode=union reason=ok extra=2 | baseline=1541.350m state=fixed/ok fixed=1 phase=23sv/43obs streak=162 bad=0 | vis A=1 B=1 common=27 | shadow A=1 B=1 union=25 | publish A=1 B=1 | clk_A=+10.065m(23sv) clk_B=+14.547m(23sv) d_clk=-4.481m | rms((eps_A-eps_B)/2)=2.135m | L: fix=43 float=2 drop=1 refSwap=0 codeDetrend=0.706m | brdc=163 ssrSat=103 ssrMsg=408 | obs=1 sta=0 err=0
  code-bias: G/1C:n=6 ab=+0.711 sigma=2.723 valid=1; G/5Q:n=6 ab=+0.709 sigma=0.352 valid=1; C/1P:n=8 ab=+0.346 sigma=1.717 valid=1; C/7I:n=1 ab=+0.000 sigma=0.000 valid=0; C/2I:n=17 ab=+7.224 sigma=1.025 valid=1; C/5P:n=8 ab=+0.581 sigma=0.609 valid=1;
  phase-clock: G:ab=+1.6455m anchor=+1.7245m ares=-0.0790 innov=-0.0945 sigma=0.0420 sig=2 obs=12 raw=1 usable=1 streak=10 bad=0 reason=ok; C:ab=+7.2478m anchor=+7.2384m ares=+0.0094 innov=+0.0081 sigma=0.0267 sig=2 obs=22 raw=1 usable=1 streak=140 bad=0 reason=ok;
  phase-split: G/1C:n=6 frame=+16.8677cyc sigma=0.0317 resid=+8.2205 valid=1; G/5Q:n=6 frame=+15.2927cyc sigma=0.0516 resid=+8.8353 valid=1; C/1P:n=6 frame=+28.9468cyc sigma=0.0626 resid=-9.1405 valid=1; C/7I:n=1 frame=+0.0000cyc sigma=0.0000 resid=+0.0000 valid=0; C/2I:n=16 frame=+5.8803cyc sigma=0.0478 resid=-31.8608 valid=1; C/5P:n=8 frame=-0.7039cyc sigma=0.1258 resid=+0.0000 valid=0;
  b-only-phase-dryrun: cand=1 clockReady=1 residReady=1 symmetricReady=1 bridge=0/1 bridgeRms=0.4039cyc selfL=0.000000cyc/1
  b-only-bridge: state=acquiring/not-enough fixed=0 bridge=0/1 rms=0.4039cyc streak=0 bad=8
VRS [ssr-com] :52000 TX=686B nv=25 | target=base-b | mode=union reason=ok extra=2 | baseline=1541.350m state=fixed/ok fixed=1 phase=23sv/43obs streak=163 bad=0 | vis A=1 B=1 common=27 | shadow A=1 B=1 union=25 | publish A=1 B=1 | clk_A=+10.073m(23sv) clk_B=+14.318m(23sv) d_clk=-4.245m | rms((eps_A-eps_B)/2)=2.119m | L: fix=43 float=2 drop=1 refSwap=0 codeDetrend=0.609m | brdc=163 ssrSat=103 ssrMsg=408 | obs=1 sta=0 err=0
  code-bias: G/1C:n=6 ab=+0.765 sigma=2.372 valid=1; G/5Q:n=6 ab=+0.704 sigma=0.389 valid=1; C/1P:n=8 ab=-0.146 sigma=1.257 valid=1; C/7I:n=1 ab=+0.000 sigma=0.000 valid=0; C/2I:n=17 ab=+7.069 sigma=0.969 valid=1; C/5P:n=8 ab=+0.545 sigma=0.651 valid=1;
  phase-clock: G:ab=+1.6338m anchor=+1.6455m ares=-0.0117 innov=+0.0673 sigma=0.0426 sig=2 obs=12 raw=1 usable=1 streak=11 bad=0 reason=ok; C:ab=+6.8548m anchor=+6.8447m ares=+0.0100 innov=+0.0006 sigma=0.0263 sig=2 obs=22 raw=1 usable=1 streak=141 bad=0 reason=ok;
  phase-split: G/1C:n=6 frame=+16.8095cyc sigma=0.0391 resid=+8.2237 valid=1; G/5Q:n=6 frame=+15.2444cyc sigma=0.0593 resid=+8.8329 valid=1; C/1P:n=6 frame=+28.8836cyc sigma=0.0525 resid=-7.1383 valid=1; C/7I:n=1 frame=+0.0000cyc sigma=0.0000 resid=+0.0000 valid=0; C/2I:n=16 frame=+5.8316cyc sigma=0.0456 resid=-29.8629 valid=1; C/5P:n=8 frame=-0.7557cyc sigma=0.1259 resid=+0.0000 valid=0;
  b-only-phase-dryrun: cand=1 clockReady=1 residReady=1 symmetricReady=1 bridge=0/1 bridgeRms=0.4034cyc selfL=0.000000cyc/1
  b-only-bridge: state=acquiring/not-enough fixed=0 bridge=0/1 rms=0.4034cyc streak=0 bad=9
VRS [ssr-com] :52000 TX=686B nv=25 | target=base-b | mode=union reason=ok extra=2 | baseline=1541.350m state=fixed/ok fixed=1 phase=23sv/43obs streak=164 bad=0 | vis A=1 B=1 common=27 | shadow A=1 B=1 union=25 | publish A=1 B=1 | clk_A=+10.182m(23sv) clk_B=+14.737m(23sv) d_clk=-4.555m | rms((eps_A-eps_B)/2)=2.258m | L: fix=43 float=2 drop=1 refSwap=0 codeDetrend=0.616m | brdc=163 ssrSat=103 ssrMsg=420 | obs=1 sta=0 err=0
  code-bias: G/1C:n=6 ab=+0.720 sigma=2.408 valid=1; G/5Q:n=6 ab=+0.734 sigma=0.380 valid=1; C/1P:n=8 ab=-0.299 sigma=1.318 valid=1; C/7I:n=1 ab=+0.000 sigma=0.000 valid=0; C/2I:n=17 ab=+7.156 sigma=0.974 valid=1; C/5P:n=8 ab=+0.526 sigma=0.577 valid=1;
  phase-clock: G:ab=+1.6206m anchor=+1.6049m ares=+0.0158 innov=+0.0275 sigma=0.0422 sig=2 obs=12 raw=1 usable=1 streak=12 bad=0 reason=ok; C:ab=+7.5090m anchor=+7.5054m ares=+0.0036 innov=-0.0064 sigma=0.0675 sig=2 obs=22 raw=1 usable=1 streak=142 bad=0 reason=ok;
  phase-split: G/1C:n=6 frame=+16.7381cyc sigma=0.0310 resid=+8.2215 valid=1; G/5Q:n=6 frame=+15.1943cyc sigma=0.0654 resid=+8.8346 valid=1; C/1P:n=6 frame=+28.8144cyc sigma=0.0589 resid=-10.6454 valid=1; C/7I:n=1 frame=+0.0000cyc sigma=0.0000 resid=+0.0000 valid=0; C/2I:n=16 frame=+5.7497cyc sigma=0.0444 resid=-33.3514 valid=1; C/5P:n=8 frame=-0.8054cyc sigma=0.1299 resid=+0.0000 valid=0;
  b-only-phase-dryrun: cand=1 clockReady=1 residReady=1 symmetricReady=1 bridge=0/1 bridgeRms=0.3940cyc selfL=0.000000cyc/1
  b-only-bridge: state=acquiring/not-enough fixed=0 bridge=0/1 rms=0.3940cyc streak=0 bad=10

[BASE_2435540] RTCM 1005 - station / antenna (ARP in 1005/1006)
  RTCM 1005 (  22): staid=1660 pos=41.66934573 109.27542652 1682.150
  staid=1660  sta.name=1660  ITRF year=0
  ARP ECEF  X=-1575530.8118  Y=4505203.0666  Z=4219358.8401 (m)
  ARP LLH   lat=41.66934573 deg  lon=109.27542652 deg  h_ellip=1682.1505 m
VRS [ssr-com] :52000 TX=686B nv=25 | target=base-b | mode=union reason=ok extra=2 | baseline=1541.350m state=fixed/ok fixed=1 phase=23sv/43obs streak=165 bad=0 | vis A=1 B=1 common=27 | shadow A=1 B=1 union=25 | publish A=1 B=1 | clk_A=+9.986m(23sv) clk_B=+14.914m(23sv) d_clk=-4.928m | rms((eps_A-eps_B)/2)=2.618m | L: fix=43 float=2 drop=1 refSwap=0 codeDetrend=0.729m | brdc=163 ssrSat=103 ssrMsg=420 | obs=1 sta=0 err=0
  code-bias: G/1C:n=6 ab=+0.613 sigma=2.387 valid=1; G/5Q:n=6 ab=+0.729 sigma=0.366 valid=1; C/1P:n=8 ab=-0.533 sigma=1.987 valid=1; C/7I:n=1 ab=+0.000 sigma=0.000 valid=0; C/2I:n=17 ab=+7.132 sigma=1.262 valid=1; C/5P:n=8 ab=+0.498 sigma=0.487 valid=1;
  phase-clock: G:ab=+1.3610m anchor=+1.3856m ares=-0.0246 innov=-0.0404 sigma=0.0739 sig=2 obs=12 raw=1 usable=1 streak=13 bad=0 reason=ok; C:ab=+8.5225m anchor=+8.4698m ares=+0.0527 innov=+0.0491 sigma=0.0343 sig=2 obs=22 raw=1 usable=1 streak=143 bad=0 reason=ok;
  phase-split: G/1C:n=6 frame=+16.5404cyc sigma=0.0355 resid=+9.3883 valid=1; G/5Q:n=6 frame=+15.0508cyc sigma=0.0714 resid=+9.7100 valid=1; C/1P:n=6 frame=+28.6058cyc sigma=0.0508 resid=-16.1801 valid=1; C/7I:n=1 frame=+0.0000cyc sigma=0.0000 resid=+0.0000 valid=0; C/2I:n=16 frame=+5.5573cyc sigma=0.0458 resid=-38.8215 valid=1; C/5P:n=8 frame=-0.9513cyc sigma=0.1146 resid=+0.0000 valid=0;
  b-only-phase-dryrun: cand=1 clockReady=1 residReady=1 symmetricReady=1 bridge=0/1 bridgeRms=0.4045cyc selfL=0.000000cyc/1
  b-only-bridge: state=acquiring/not-enough fixed=0 bridge=0/1 rms=0.4045cyc streak=0 bad=11
VRS [ssr-com] :52000 TX=686B nv=25 | target=base-b | mode=union reason=ok extra=2 | baseline=1541.350m state=fixed/ok fixed=1 phase=23sv/43obs streak=166 bad=0 | vis A=1 B=1 common=27 | shadow A=1 B=1 union=25 | publish A=1 B=1 | clk_A=+10.355m(23sv) clk_B=+14.528m(23sv) d_clk=-4.173m | rms((eps_A-eps_B)/2)=2.097m | L: fix=43 float=2 drop=1 refSwap=0 codeDetrend=0.757m | brdc=163 ssrSat=103 ssrMsg=420 | obs=1 sta=0 err=0
  code-bias: G/1C:n=6 ab=+0.613 sigma=2.296 valid=1; G/5Q:n=6 ab=+0.778 sigma=0.376 valid=1; C/1P:n=8 ab=-0.090 sigma=2.608 valid=1; C/7I:n=1 ab=+0.000 sigma=0.000 valid=0; C/2I:n=17 ab=+7.058 sigma=0.941 valid=1; C/5P:n=8 ab=+0.540 sigma=0.398 valid=1;
  phase-clock: G:ab=+1.3838m anchor=+1.3964m ares=-0.0127 innov=+0.0119 sigma=0.0746 sig=2 obs=12 raw=1 usable=1 streak=14 bad=0 reason=ok; C:ab=+7.0159m anchor=+6.9504m ares=+0.0655 innov=+0.0128 sigma=0.0260 sig=2 obs=22 raw=1 usable=1 streak=144 bad=0 reason=ok;
  phase-split: G/1C:n=6 frame=+16.6639cyc sigma=0.0394 resid=+9.3922 valid=1; G/5Q:n=6 frame=+15.1373cyc sigma=0.0673 resid=+9.7071 valid=1; C/1P:n=6 frame=+28.7322cyc sigma=0.0610 resid=-8.1367 valid=1; C/7I:n=1 frame=+0.0000cyc sigma=0.0000 resid=+0.0000 valid=0; C/2I:n=16 frame=+5.6692cyc sigma=0.0451 resid=-30.8645 valid=1; C/5P:n=8 frame=-0.8698cyc sigma=0.1222 resid=+0.0000 valid=0;
  b-only-phase-dryrun: cand=1 clockReady=1 residReady=1 symmetricReady=1 bridge=0/1 bridgeRms=0.3926cyc selfL=0.000000cyc/1
  b-only-bridge: state=acquiring/not-enough fixed=0 bridge=0/1 rms=0.3926cyc streak=0 bad=12
VRS [ssr-com] :52000 TX=686B nv=25 | target=base-b | mode=union reason=ok extra=2 | baseline=1541.350m state=fixed/ok fixed=1 phase=23sv/43obs streak=167 bad=0 | vis A=1 B=1 common=27 | shadow A=1 B=1 union=25 | publish A=1 B=1 | clk_A=+10.197m(23sv) clk_B=+14.490m(23sv) d_clk=-4.294m | rms((eps_A-eps_B)/2)=2.126m | L: fix=43 float=2 drop=1 refSwap=0 codeDetrend=0.657m | brdc=163 ssrSat=103 ssrMsg=420 | obs=1 sta=0 err=0
  code-bias: G/1C:n=6 ab=+0.586 sigma=2.099 valid=1; G/5Q:n=6 ab=+0.862 sigma=0.355 valid=1; C/1P:n=8 ab=-0.058 sigma=1.959 valid=1; C/7I:n=1 ab=+0.000 sigma=0.000 valid=0; C/2I:n=17 ab=+7.203 sigma=1.043 valid=1; C/5P:n=8 ab=+0.622 sigma=0.388 valid=1;
  phase-clock: G:ab=+1.3664m anchor=+1.4052m ares=-0.0387 innov=-0.0261 sigma=0.0218 sig=2 obs=12 raw=1 usable=1 streak=15 bad=0 reason=ok; C:ab=+7.1906m anchor=+7.1822m ares=+0.0084 innov=-0.0571 sigma=0.0687 sig=2 obs=22 raw=1 usable=1 streak=145 bad=0 reason=ok;
  phase-split: G/1C:n=6 frame=+17.0661cyc sigma=0.0352 resid=+9.8854 valid=1; G/5Q:n=6 frame=+15.4477cyc sigma=0.0698 resid=+10.0856 valid=1; C/1P:n=6 frame=+29.1477cyc sigma=0.0579 resid=-8.6390 valid=1; C/7I:n=1 frame=+0.0000cyc sigma=0.0000 resid=+0.0000 valid=0; C/2I:n=16 frame=+6.0856cyc sigma=0.0458 resid=-31.3577 valid=1; C/5P:n=8 frame=-0.5446cyc sigma=0.1180 resid=+0.0000 valid=0;
  b-only-phase-dryrun: cand=1 clockReady=1 residReady=1 symmetricReady=1 bridge=0/1 bridgeRms=0.4168cyc selfL=0.000000cyc/1
  b-only-bridge: state=acquiring/not-enough fixed=0 bridge=0/1 rms=0.4168cyc streak=0 bad=13
VRS [ssr-com] :52000 TX=686B nv=25 | target=base-b | mode=union reason=ok extra=2 | baseline=1541.350m state=fixed/ok fixed=1 phase=23sv/43obs streak=168 bad=0 | vis A=1 B=1 common=27 | shadow A=1 B=1 union=25 | publish A=1 B=1 | clk_A=+10.084m(23sv) clk_B=+14.959m(23sv) d_clk=-4.875m | rms((eps_A-eps_B)/2)=2.527m | L: fix=43 float=2 drop=1 refSwap=0 codeDetrend=0.728m | brdc=163 ssrSat=103 ssrMsg=421 | obs=1 sta=0 err=0
  code-bias: G/1C:n=6 ab=+0.555 sigma=2.386 valid=1; G/5Q:n=6 ab=+0.848 sigma=0.359 valid=1; C/1P:n=8 ab=-0.354 sigma=1.634 valid=1; C/7I:n=1 ab=+0.000 sigma=0.000 valid=0; C/2I:n=17 ab=+7.361 sigma=1.479 valid=1; C/5P:n=8 ab=+0.677 sigma=0.490 valid=1;
  phase-clock: G:ab=+1.1261m anchor=+1.2288m ares=-0.1027 innov=-0.0640 sigma=0.0115 sig=2 obs=12 raw=1 usable=1 streak=16 bad=0 reason=ok; C:ab=+8.5093m anchor=+8.5218m ares=-0.0125 innov=-0.0209 sigma=0.0624 sig=2 obs=22 raw=1 usable=1 streak=146 bad=0 reason=ok;
  phase-split: G/1C:n=6 frame=+16.9781cyc sigma=0.0379 resid=+11.0603 valid=1; G/5Q:n=6 frame=+15.3741cyc sigma=0.0643 resid=+10.9550 valid=1; C/1P:n=6 frame=+29.0444cyc sigma=0.0592 resid=-15.6723 valid=1; C/7I:n=1 frame=+0.0000cyc sigma=0.0000 resid=+0.0000 valid=0; C/2I:n=16 frame=+5.9855cyc sigma=0.0441 resid=-38.3247 valid=1; C/5P:n=8 frame=-0.6406cyc sigma=0.1092 resid=+0.0000 valid=0;
  b-only-phase-dryrun: cand=1 clockReady=1 residReady=1 symmetricReady=1 bridge=0/1 bridgeRms=0.4108cyc selfL=0.000000cyc/1
  b-only-bridge: state=acquiring/not-enough fixed=0 bridge=0/1 rms=0.4108cyc streak=0 bad=14

[BASE_2435536] RTCM 1005 - station / antenna (ARP in 1005/1006)
  RTCM 1005 (  22): staid=1660 pos=41.65636202 109.26890585 1687.780
  staid=1660  sta.name=1660  ITRF year=0
  ARP ECEF  X=-1575335.8898  Y=4506291.4555  Z=4218284.9796 (m)
  ARP LLH   lat=41.65636202 deg  lon=109.26890585 deg  h_ellip=1687.7799 m
VRS [ssr-com] :52000 TX=711B nv=25 | target=base-b | mode=union reason=ok extra=2 | baseline=1541.350m state=fixed/ok fixed=1 phase=23sv/43obs streak=169 bad=0 | vis A=1 B=1 common=27 | shadow A=1 B=1 union=25 | publish A=1 B=1 | clk_A=+10.051m(23sv) clk_B=+14.331m(23sv) d_clk=-4.280m | rms((eps_A-eps_B)/2)=2.129m | L: fix=43 float=2 drop=1 refSwap=0 codeDetrend=0.582m | brdc=163 ssrSat=103 ssrMsg=432 | obs=1 sta=1 err=0
  code-bias: G/1C:n=6 ab=+0.434 sigma=2.468 valid=1; G/5Q:n=6 ab=+0.771 sigma=0.356 valid=1; C/1P:n=8 ab=+0.088 sigma=1.146 valid=1; C/7I:n=1 ab=+0.000 sigma=0.000 valid=0; C/2I:n=17 ab=+7.265 sigma=0.759 valid=1; C/5P:n=8 ab=+0.643 sigma=0.639 valid=1;
  phase-clock: G:ab=+1.1508m anchor=+1.1652m ares=-0.0144 innov=+0.0000 sigma=0.1071 sig=2 obs=12 raw=0 usable=0 streak=0 bad=1 reason=sigma; C:ab=+7.3866m anchor=+7.3956m ares=-0.0089 innov=+0.0036 sigma=0.0289 sig=2 obs=22 raw=1 usable=1 streak=147 bad=0 reason=ok;
  phase-split: G/1C:n=6 frame=+16.6100cyc sigma=0.0336 resid=+0.0000 valid=0; G/5Q:n=6 frame=+15.0956cyc sigma=0.0745 resid=+0.0000 valid=0; C/1P:n=6 frame=+28.6652cyc sigma=0.0563 resid=-10.1519 valid=1; C/7I:n=1 frame=+0.0000cyc sigma=0.0000 resid=+0.0000 valid=0; C/2I:n=16 frame=+5.6147cyc sigma=0.0456 resid=-32.8495 valid=1; C/5P:n=8 frame=-0.9021cyc sigma=0.1095 resid=+0.0000 valid=0;
  b-only-phase-dryrun: cand=1 clockReady=0 residReady=0 symmetricReady=0 bridge=0/0 bridgeRms=0.0000cyc selfL=0.000000cyc/0
VRS [ssr-com] :52000 TX=686B nv=25 | target=base-b | mode=union reason=ok extra=2 | baseline=1541.350m state=fixed/ok fixed=1 phase=23sv/43obs streak=170 bad=0 | vis A=1 B=1 common=27 | shadow A=1 B=1 union=25 | publish A=1 B=1 | clk_A=+10.114m(23sv) clk_B=+14.226m(23sv) d_clk=-4.112m | rms((eps_A-eps_B)/2)=2.072m | L: fix=43 float=2 drop=1 refSwap=0 codeDetrend=0.643m | brdc=163 ssrSat=103 ssrMsg=432 | obs=1 sta=0 err=0
  code-bias: G/1C:n=6 ab=+0.409 sigma=2.292 valid=1; G/5Q:n=6 ab=+0.712 sigma=0.361 valid=1; C/1P:n=8 ab=-0.033 sigma=1.213 valid=1; C/7I:n=1 ab=+0.000 sigma=0.000 valid=0; C/2I:n=17 ab=+7.209 sigma=1.236 valid=1; C/5P:n=8 ab=+0.654 sigma=0.744 valid=1;
  phase-clock: G:ab=+1.0191m anchor=+1.0968m ares=-0.0778 innov=+0.0249 sigma=0.0116 sig=2 obs=12 raw=1 usable=0 streak=1 bad=0 reason=acquiring; C:ab=+7.1371m anchor=+7.1270m ares=+0.0101 innov=+0.0190 sigma=0.0303 sig=3 obs=30 raw=1 usable=1 streak=148 bad=0 reason=ok;
  phase-split: G/1C:n=6 frame=+16.4161cyc sigma=0.0382 resid=+0.0000 valid=0; G/5Q:n=6 frame=+14.9535cyc sigma=0.0570 resid=+0.0000 valid=0; C/1P:n=6 frame=+28.5059cyc sigma=0.0609 resid=-9.0000 valid=1; C/7I:n=1 frame=+0.0000cyc sigma=0.0000 resid=+0.0000 valid=0; C/2I:n=16 frame=+5.4324cyc sigma=0.0474 resid=-31.7325 valid=1; C/5P:n=8 frame=-1.0353cyc sigma=0.0969 resid=-29.0430 valid=1;
  b-only-phase-dryrun: cand=1 clockReady=0 residReady=0 symmetricReady=0 bridge=0/0 bridgeRms=0.0000cyc selfL=0.000000cyc/0
VRS [ssr-com] :52000 TX=686B nv=25 | target=base-b | mode=union reason=ok extra=2 | baseline=1541.350m state=fixed/ok fixed=1 phase=23sv/43obs streak=171 bad=0 | vis A=1 B=1 common=27 | shadow A=1 B=1 union=25 | publish A=1 B=1 | clk_A=+10.263m(23sv) clk_B=+14.062m(23sv) d_clk=-3.799m | rms((eps_A-eps_B)/2)=1.977m | L: fix=43 float=2 drop=1 refSwap=0 codeDetrend=0.598m | brdc=163 ssrSat=103 ssrMsg=432 | obs=1 sta=0 err=0
  code-bias: G/1C:n=6 ab=+0.403 sigma=1.903 valid=1; G/5Q:n=6 ab=+0.716 sigma=0.351 valid=1; C/1P:n=8 ab=+0.216 sigma=0.988 valid=1; C/7I:n=1 ab=+0.000 sigma=0.000 valid=0; C/2I:n=17 ab=+7.229 sigma=1.316 valid=1; C/5P:n=8 ab=+0.670 sigma=0.761 valid=1;
  phase-clock: G:ab=+0.9178m anchor=+0.9005m ares=+0.0173 innov=+0.0951 sigma=0.0829 sig=2 obs=12 raw=1 usable=0 streak=2 bad=0 reason=acquiring; C:ab=+6.6077m anchor=+6.6976m ares=-0.0899 innov=-0.1001 sigma=0.0790 sig=3 obs=30 raw=1 usable=1 streak=149 bad=0 reason=ok;
  phase-split: G/1C:n=6 frame=+16.3873cyc sigma=0.0324 resid=+0.0000 valid=0; G/5Q:n=6 frame=+14.9272cyc sigma=0.0599 resid=+0.0000 valid=0; C/1P:n=6 frame=+28.4427cyc sigma=0.0541 resid=-6.2810 valid=1; C/7I:n=1 frame=+0.0000cyc sigma=0.0000 resid=+0.0000 valid=0; C/2I:n=16 frame=+5.3851cyc sigma=0.0449 resid=-29.0230 valid=1; C/5P:n=8 frame=-1.0699cyc sigma=0.0938 resid=-27.0000 valid=1;
  b-only-phase-dryrun: cand=1 clockReady=0 residReady=0 symmetricReady=0 bridge=0/0 bridgeRms=0.0000cyc selfL=0.000000cyc/0
VRS [ssr-com] :52000 TX=686B nv=25 | target=base-b | mode=union reason=ok extra=2 | baseline=1541.350m state=fixed/ok fixed=1 phase=23sv/43obs streak=172 bad=0 | vis A=1 B=1 common=27 | shadow A=1 B=1 union=25 | publish A=1 B=1 | clk_A=+10.310m(23sv) clk_B=+14.336m(23sv) d_clk=-4.026m | rms((eps_A-eps_B)/2)=2.046m | L: fix=43 float=2 drop=1 refSwap=0 codeDetrend=0.564m | brdc=163 ssrSat=103 ssrMsg=432 | obs=1 sta=0 err=0
  code-bias: G/1C:n=6 ab=+0.433 sigma=1.707 valid=1; G/5Q:n=6 ab=+0.746 sigma=0.372 valid=1; C/1P:n=8 ab=+0.246 sigma=1.498 valid=1; C/7I:n=1 ab=+0.000 sigma=0.000 valid=0; C/2I:n=17 ab=+7.251 sigma=1.013 valid=1; C/5P:n=8 ab=+0.688 sigma=0.674 valid=1;
  phase-clock: G:ab=+0.7916m anchor=+0.8004m ares=-0.0088 innov=-0.0261 sigma=0.0434 sig=2 obs=12 raw=1 usable=1 streak=3 bad=0 reason=ok; C:ab=+7.3188m anchor=+7.2511m ares=+0.0678 innov=+0.1577 sigma=0.0858 sig=3 obs=30 raw=1 usable=0 streak=0 bad=1 reason=innov;
  phase-split: G/1C:n=6 frame=+16.3878cyc sigma=0.0361 resid=+12.2279 valid=1; G/5Q:n=6 frame=+14.9363cyc sigma=0.0674 resid=+11.8298 valid=1; C/1P:n=6 frame=+28.4608cyc sigma=0.0611 resid=+0.0000 valid=0; C/7I:n=1 frame=+0.0000cyc sigma=0.0000 resid=+0.0000 valid=0; C/2I:n=16 frame=+5.3912cyc sigma=0.0513 resid=+0.0000 valid=0; C/5P:n=8 frame=-1.0652cyc sigma=0.0861 resid=+0.0000 valid=0;
  b-only-phase-dryrun: cand=1 clockReady=1 residReady=1 symmetricReady=1 bridge=0/1 bridgeRms=0.4389cyc selfL=0.000000cyc/1
  b-only-bridge: state=acquiring/not-enough fixed=0 bridge=0/1 rms=0.4389cyc streak=0 bad=1
VRS [ssr-com] :52000 TX=686B nv=25 | target=base-b | mode=union reason=ok extra=2 | baseline=1541.350m state=fixed/ok fixed=1 phase=23sv/43obs streak=173 bad=0 | vis A=1 B=1 common=27 | shadow A=1 B=1 union=25 | publish A=1 B=1 | clk_A=+10.282m(23sv) clk_B=+14.368m(23sv) d_clk=-4.086m | rms((eps_A-eps_B)/2)=2.116m | L: fix=43 float=2 drop=1 refSwap=0 codeDetrend=0.591m | brdc=163 ssrSat=103 ssrMsg=432 | obs=1 sta=0 err=0
  code-bias: G/1C:n=6 ab=+0.338 sigma=1.459 valid=1; G/5Q:n=6 ab=+0.732 sigma=0.410 valid=1; C/1P:n=8 ab=+0.627 sigma=1.443 valid=1; C/7I:n=1 ab=+0.000 sigma=0.000 valid=0; C/2I:n=17 ab=+7.290 sigma=1.338 valid=1; C/5P:n=8 ab=+0.652 sigma=0.504 valid=1;
  phase-clock: G:ab=+0.7043m anchor=+0.6804m ares=+0.0239 innov=+0.0328 sigma=0.0516 sig=2 obs=12 raw=1 usable=1 streak=4 bad=0 reason=ok; C:ab=+7.5155m anchor=+7.4915m ares=+0.0240 innov=+0.0000 sigma=0.0838 sig=3 obs=30 raw=1 usable=0 streak=1 bad=0 reason=acquiring;
  phase-split: G/1C:n=6 frame=+16.4300cyc sigma=0.0402 resid=+12.7287 valid=1; G/5Q:n=6 frame=+14.9666cyc sigma=0.0623 resid=+12.2026 valid=1; C/1P:n=6 frame=+28.4942cyc sigma=0.0529 resid=+0.0000 valid=0; C/7I:n=1 frame=+0.0000cyc sigma=0.0000 resid=+0.0000 valid=0; C/2I:n=16 frame=+5.4364cyc sigma=0.0499 resid=+0.0000 valid=0; C/5P:n=8 frame=-1.0299cyc sigma=0.0895 resid=+0.0000 valid=0;
  b-only-phase-dryrun: cand=1 clockReady=1 residReady=1 symmetricReady=1 bridge=0/1 bridgeRms=0.4404cyc selfL=0.000000cyc/1
  b-only-bridge: state=acquiring/not-enough fixed=0 bridge=0/1 rms=0.4404cyc streak=0 bad=2
[BASE_2435536] disconnected from 127.0.0.1:51000, reconnecting...
[BASE_2435540] disconnected from 127.0.0.1:51001, reconnecting...
[BCEP] disconnected from 127.0.0.1:51002, reconnecting...
[SSRC] disconnected from 127.0.0.1:51003, reconnecting...
